timestamp_utc,probe_name,probe_address,rssi_dbm,food_temperature_c,food_temperature_f,ambient_temperature_c,ambient_temperature_f,tip_1_temperature_c,tip_1_temperature_f,tip_2_temperature_c,tip_2_temperature_f,tip_3_temperature_c,tip_3_temperature_f,tip_4_temperature_c,tip_4_temperature_f,battery_percent
2026-08-29T00:22:01.938174+00:00,inside in water 1,4CB13989-424F-31F7-E5C6-3C2FD749BFBE,-77,29.3,84.74000000000001,31.3,88.34,29.3,84.74000000000001,29.5,85.1,29.5,85.1,30.1,86.18,100.0
2026-08-29T00:22:03.942301+00:00,inside in water 1,4CB13989-424F-31F7-E5C6-3C2FD749BFBE,-68,29.3,84.74000000000001,31.3,88.34,29.3,84.74000000000001,29.5,85.1,29.4,84.92,30.0,86.0,100.0
2026-08-29T00:22:05.948951+00:00,inside in water 1,4CB13989-424F-31F7-E5C6-3C2FD749BFBE,-68,29.3,84.74000000000001,31.3,88.34,29.3,84.74000000000001,29.4,84.92,29.4,84.92,30.0,86.0,100.0
2026-08-29T00:22:07.954669+00:00,inside in water 1,4CB13989-424F-31F7-E5C6-3C2FD749BFBE,-67,29.3,84.74000000000001,31.1,87.98,29.3,84.74000000000001,29.4,84.92,29.3,84.74000000000001,30.0,86.0,100.0
2026-08-29T00:22:09.960933+00:00,inside in water 1,4CB13989-424F-31F7-E5C6-3C2FD749BFBE,-75,29.2,84.56,31.4,88.52,29.2,84.56,29.4,84.92,29.3,84.74000000000001,29.9,85.82,100.0
2026-08-29T00:22:11.963003+00:00,inside in water 1,4CB13989-424F-31F7-E5C6-3C2FD749BFBE,-68,29.2,84.56,31.4,88.52,29.2,84.56,29.4,84.92,29.3,84.74000000000001,29.9,85.82,100.0
2026-08-29T00:22:13.967630+00:00,inside in water 1,4CB13989-424F-31F7-E5C6-3C2FD749BFBE,-73,29.1,84.38,31.1,87.98,29.1,84.38,29.3,84.74000000000001,29.3,84.74000000000001,29.8,85.64,100.0
2026-08-29T00:22:15.972784+00:00,inside in water 1,4CB13989-424F-31F7-E5C6-3C2FD749BFBE,-73,29.1,84.38,31.1,87.98,29.1,84.38,29.3,84.74000000000001,29.3,84.74000000000001,29.8,85.64,100.0
2026-08-29T00:22:17.977304+00:00,inside in water 1,4CB13989-424F-31F7-E5C6-3C2FD749BFBE,-75,29.1,84.38,31.3,88.34,29.1,84.38,29.3,84.74000000000001,29.2,84.56,29.8,85.64,100.0
2026-08-29T00:22:19.984865+00:00,inside in water 1,4CB13989-424F-31F7-E5C6-3C2FD749BFBE,-75,29.1,84.38,31.3,88.34,29.1,84.38,29.3,84.74000000000001,29.2,84.56,29.8,85.64,100.0
2026-08-29T00:22:21.991685+00:00,inside in water 1,4CB13989-424F-31F7-E5C6-3C2FD749BFBE,-65,29.1,84.38,31.3,88.34,29.1,84.38,29.3,84.74000000000001,29.2,84.56,29.8,85.64,100.0
2026-08-29T00:22:23.998354+00:00,inside in water 1,4CB13989-424F-31F7-E5C6-3C2FD749BFBE,-66,29.0,84.2,30.9,87.62,29.0,84.2,29.1,84.38,29.1,84.38,29.7,85.46000000000001,100.0
2026-08-29T00:22:26.006922+00:00,inside in water 1,4CB13989-424F-31F7-E5C6-3C2FD749BFBE,-66,29.0,84.2,30.9,87.62,29.0,84.2,29.1,84.38,29.1,84.38,29.7,85.46000000000001,100.0
2026-08-29T00:22:28.010531+00:00,inside in water 1,4CB13989-424F-31F7-E5C6-3C2FD749BFBE,-66,29.0,84.2,30.9,87.62,29.0,84.2,29.1,84.38,29.1,84.38,29.7,85.46000000000001,100.0
2026-08-29T00:22:30.014166+00:00,inside in water 1,4CB13989-424F-31F7-E5C6-3C2FD749BFBE,-66,29.0,84.2,30.9,87.62,29.0,84.2,29.1,84.38,29.1,84.38,29.7,85.46000000000001,100.0
2026-08-29T00:22:32.021734+00:00,inside in water 1,4CB13989-424F-31F7-E5C6-3C2FD749BFBE,-86,28.8,83.84,30.7,87.25999999999999,28.8,83.84,29.0,84.2,28.9,84.02,29.5,85.1,100.0
2026-08-29T00:22:34.026106+00:00,inside in water 1,4CB13989-424F-31F7-E5C6-3C2FD749BFBE,-86,28.8,83.84,30.7,87.25999999999999,28.8,83.84,29.0,84.2,28.9,84.02,29.5,85.1,100.0
2026-08-29T00:22:36.031123+00:00,inside in water 1,4CB13989-424F-31F7-E5C6-3C2FD749BFBE,-86,28.8,83.84,30.7,87.25999999999999,28.8,83.84,29.0,84.2,28.9,84.02,29.5,85.1,100.0
2026-08-29T00:22:38.035671+00:00,inside in water 1,4CB13989-424F-31F7-E5C6-3C2FD749BFBE,-66,28.8,83.84,30.7,87.25999999999999,28.8,83.84,29.0,84.2,28.9,84.02,29.5,85.1,100.0
2026-08-29T00:22:40.040820+00:00,inside in water 1,4CB13989-424F-31F7-E5C6-3C2FD749BFBE,-64,28.7,83.66,30.6,87.08000000000001,28.7,83.66,28.8,83.84,28.8,83.84,29.4,84.92,100.0
2026-08-29T00:22:42.045300+00:00,inside in water 1,4CB13989-424F-31F7-E5C6-3C2FD749BFBE,-65,28.6,83.48,30.5,86.9,28.6,83.48,28.8,83.84,28.8,83.84,29.4,84.92,100.0
2026-08-29T00:22:44.050730+00:00,inside in water 1,4CB13989-424F-31F7-E5C6-3C2FD749BFBE,-65,28.6,83.48,30.7,87.25999999999999,28.6,83.48,28.8,83.84,28.7,83.66,29.3,84.74000000000001,100.0
2026-08-29T00:22:46.058551+00:00,inside in water 1,4CB13989-424F-31F7-E5C6-3C2FD749BFBE,-65,28.6,83.48,30.7,87.25999999999999,28.6,83.48,28.8,83.84,28.7,83.66,29.3,84.74000000000001,100.0
2026-08-29T00:22:48.063082+00:00,inside in water 1,4CB13989-424F-31F7-E5C6-3C2FD749BFBE,-65,28.6,83.48,30.7,87.25999999999999,28.6,83.48,28.8,83.84,28.7,83.66,29.3,84.74000000000001,100.0
2026-08-29T00:22:50.070838+00:00,inside in water 1,4CB13989-424F-31F7-E5C6-3C2FD749BFBE,-70,28.6,83.48,30.7,87.25999999999999,28.6,83.48,28.8,83.84,28.7,83.66,29.3,84.74000000000001,100.0
2026-08-29T00:22:52.075746+00:00,inside in water 1,4CB13989-424F-31F7-E5C6-3C2FD749BFBE,-65,28.5,83.30000000000001,30.3,86.53999999999999,28.5,83.30000000000001,28.6,83.48,28.6,83.48,29.3,84.74000000000001,100.0
2026-08-29T00:22:54.082430+00:00,inside in water 1,4CB13989-424F-31F7-E5C6-3C2FD749BFBE,-65,28.5,83.30000000000001,30.3,86.53999999999999,28.5,83.30000000000001,28.6,83.48,28.6,83.48,29.3,84.74000000000001,100.0
2026-08-29T00:22:56.090771+00:00,inside in water 1,4CB13989-424F-31F7-E5C6-3C2FD749BFBE,-65,28.5,83.30000000000001,30.3,86.53999999999999,28.5,83.30000000000001,28.6,83.48,28.6,83.48,29.3,84.74000000000001,100.0
2026-08-29T00:22:58.095473+00:00,inside in water 1,4CB13989-424F-31F7-E5C6-3C2FD749BFBE,-65,28.5,83.30000000000001,30.3,86.53999999999999,28.5,83.30000000000001,28.6,83.48,28.6,83.48,29.3,84.74000000000001,100.0
2026-08-29T00:23:00.101754+00:00,inside in water 1,4CB13989-424F-31F7-E5C6-3C2FD749BFBE,-65,28.4,83.12,30.2,86.36,28.4,83.12,28.5,83.30000000000001,28.5,83.30000000000001,29.1,84.38,100.0
2026-08-29T00:23:02.107826+00:00,inside in water 1,4CB13989-424F-31F7-E5C6-3C2FD749BFBE,-68,28.4,83.12,30.2,86.36,28.4,83.12,28.5,83.30000000000001,28.5,83.30000000000001,29.1,84.38,100.0
2026-08-29T00:23:04.113996+00:00,inside in water 1,4CB13989-424F-31F7-E5C6-3C2FD749BFBE,-60,28.3,82.94,30.0,86.0,28.3,82.94,28.5,83.30000000000001,28.4,83.12,29.1,84.38,100.0
2026-08-29T00:23:06.122721+00:00,inside in water 1,4CB13989-424F-31F7-E5C6-3C2FD749BFBE,-60,28.3,82.94,30.0,86.0,28.3,82.94,28.5,83.30000000000001,28.4,83.12,29.1,84.38,100.0
2026-08-29T00:23:08.127015+00:00,inside in water 1,4CB13989-424F-31F7-E5C6-3C2FD749BFBE,-64,28.3,82.94,30.3,86.53999999999999,28.3,82.94,28.4,83.12,28.4,83.12,29.0,84.2,100.0
2026-08-29T00:23:10.132448+00:00,inside in water 1,4CB13989-424F-31F7-E5C6-3C2FD749BFBE,-66,28.3,82.94,30.3,86.53999999999999,28.3,82.94,28.4,83.12,28.4,83.12,29.0,84.2,100.0
2026-08-29T00:23:12.138093+00:00,inside in water 1,4CB13989-424F-31F7-E5C6-3C2FD749BFBE,-63,28.3,82.94,29.8,85.64,28.3,82.94,28.4,83.12,28.3,82.94,29.0,84.2,100.0
2026-08-29T00:23:14.144820+00:00,inside in water 1,4CB13989-424F-31F7-E5C6-3C2FD749BFBE,-63,28.3,82.94,29.8,85.64,28.3,82.94,28.4,83.12,28.3,82.94,29.0,84.2,100.0
2026-08-29T00:23:16.151614+00:00,inside in water 1,4CB13989-424F-31F7-E5C6-3C2FD749BFBE,-61,28.2,82.75999999999999,30.0,86.0,28.2,82.75999999999999,28.3,82.94,28.3,82.94,28.9,84.02,100.0
2026-08-29T00:23:18.156704+00:00,inside in water 1,4CB13989-424F-31F7-E5C6-3C2FD749BFBE,-67,28.2,82.75999999999999,30.0,86.0,28.2,82.75999999999999,28.3,82.94,28.3,82.94,28.9,84.02,100.0
2026-08-29T00:23:20.163037+00:00,inside in water 1,4CB13989-424F-31F7-E5C6-3C2FD749BFBE,-64,28.1,82.58000000000001,29.9,85.82,28.1,82.58000000000001,28.2,82.75999999999999,28.2,82.75999999999999,28.8,83.84,100.0
2026-08-29T00:23:22.167341+00:00,inside in water 1,4CB13989-424F-31F7-E5C6-3C2FD749BFBE,-62,28.1,82.58000000000001,29.9,85.82,28.1,82.58000000000001,28.2,82.75999999999999,28.2,82.75999999999999,28.8,83.84,100.0
2026-08-29T00:23:24.171474+00:00,inside in water 1,4CB13989-424F-31F7-E5C6-3C2FD749BFBE,-65,28.1,82.58000000000001,30.0,86.0,28.1,82.58000000000001,28.2,82.75999999999999,28.2,82.75999999999999,28.8,83.84,100.0
2026-08-29T00:23:26.177599+00:00,inside in water 1,4CB13989-424F-31F7-E5C6-3C2FD749BFBE,-65,28.1,82.58000000000001,30.0,86.0,28.1,82.58000000000001,28.2,82.75999999999999,28.2,82.75999999999999,28.8,83.84,100.0
2026-08-29T00:23:28.184058+00:00,inside in water 1,4CB13989-424F-31F7-E5C6-3C2FD749BFBE,-64,28.0,82.4,29.8,85.64,28.0,82.4,28.2,82.75999999999999,28.1,82.58000000000001,28.8,83.84,100.0
2026-08-29T00:23:30.189903+00:00,inside in water 1,4CB13989-424F-31F7-E5C6-3C2FD749BFBE,-63,28.0,82.4,29.9,85.82,28.0,82.4,28.1,82.58000000000001,28.1,82.58000000000001,28.7,83.66,100.0
2026-08-29T00:23:32.194802+00:00,inside in water 1,4CB13989-424F-31F7-E5C6-3C2FD749BFBE,-63,28.0,82.4,29.9,85.82,28.0,82.4,28.1,82.58000000000001,28.1,82.58000000000001,28.7,83.66,100.0
2026-08-29T00:23:34.201639+00:00,inside in water 1,4CB13989-424F-31F7-E5C6-3C2FD749BFBE,-64,28.0,82.4,29.9,85.82,28.0,82.4,28.1,82.58000000000001,28.1,82.58000000000001,28.7,83.66,100.0
2026-08-29T00:23:36.212415+00:00,inside in water 1,4CB13989-424F-31F7-E5C6-3C2FD749BFBE,-63,28.0,82.4,29.8,85.64,28.0,82.4,28.1,82.58000000000001,28.1,82.58000000000001,28.7,83.66,100.0
2026-08-29T00:23:38.216163+00:00,inside in water 1,4CB13989-424F-31F7-E5C6-3C2FD749BFBE,-69,28.0,82.4,29.8,85.64,28.0,82.4,28.1,82.58000000000001,28.1,82.58000000000001,28.7,83.66,100.0
2026-08-29T00:23:40.221988+00:00,inside in water 1,4CB13989-424F-31F7-E5C6-3C2FD749BFBE,-69,28.0,82.4,29.8,85.64,28.0,82.4,28.1,82.58000000000001,28.1,82.58000000000001,28.7,83.66,100.0
2026-08-29T00:23:42.228064+00:00,inside in water 1,4CB13989-424F-31F7-E5C6-3C2FD749BFBE,-65,28.0,82.4,29.8,85.64,28.0,82.4,28.1,82.58000000000001,28.1,82.58000000000001,28.7,83.66,100.0
2026-08-29T00:23:44.235343+00:00,inside in water 1,4CB13989-424F-31F7-E5C6-3C2FD749BFBE,-65,28.0,82.4,29.8,85.64,28.0,82.4,28.1,82.58000000000001,28.1,82.58000000000001,28.7,83.66,100.0
2026-08-29T00:23:46.240820+00:00,inside in water 1,4CB13989-424F-31F7-E5C6-3C2FD749BFBE,-65,27.8,82.03999999999999,29.6,85.28,27.8,82.03999999999999,27.9,82.22,27.9,82.22,28.5,83.30000000000001,100.0
2026-08-29T00:23:48.244389+00:00,inside in water 1,4CB13989-424F-31F7-E5C6-3C2FD749BFBE,-65,27.8,82.03999999999999,29.6,85.28,27.8,82.03999999999999,27.9,82.22,27.9,82.22,28.5,83.30000000000001,100.0
2026-08-29T00:23:50.251354+00:00,inside in water 1,4CB13989-424F-31F7-E5C6-3C2FD749BFBE,-65,27.8,82.03999999999999,29.6,85.28,27.8,82.03999999999999,27.9,82.22,27.9,82.22,28.5,83.30000000000001,100.0
2026-08-29T00:23:52.255393+00:00,inside in water 1,4CB13989-424F-31F7-E5C6-3C2FD749BFBE,-71,27.8,82.03999999999999,29.7,85.46000000000001,27.8,82.03999999999999,27.9,82.22,27.9,82.22,28.5,83.30000000000001,100.0
2026-08-29T00:23:54.260586+00:00,inside in water 1,4CB13989-424F-31F7-E5C6-3C2FD749BFBE,-61,27.8,82.03999999999999,29.6,85.28,27.8,82.03999999999999,27.9,82.22,27.8,82.03999999999999,28.5,83.30000000000001,100.0
2026-08-29T00:23:56.263471+00:00,inside in water 1,4CB13989-424F-31F7-E5C6-3C2FD749BFBE,-70,27.8,82.03999999999999,29.6,85.28,27.8,82.03999999999999,27.9,82.22,27.8,82.03999999999999,28.5,83.30000000000001,100.0
2026-08-29T00:23:58.264708+00:00,inside in water 1,4CB13989-424F-31F7-E5C6-3C2FD749BFBE,-70,27.8,82.03999999999999,29.6,85.28,27.8,82.03999999999999,27.9,82.22,27.8,82.03999999999999,28.5,83.30000000000001,100.0
2026-08-29T00:24:00.268365+00:00,inside in water 1,4CB13989-424F-31F7-E5C6-3C2FD749BFBE,-67,27.7,81.86,29.5,85.1,27.7,81.86,27.8,82.03999999999999,27.8,82.03999999999999,28.4,83.12,100.0
2026-08-29T00:24:02.275352+00:00,inside in water 1,4CB13989-424F-31F7-E5C6-3C2FD749BFBE,-64,27.7,81.86,29.5,85.1,27.7,81.86,27.8,82.03999999999999,27.8,82.03999999999999,28.4,83.12,100.0
2026-08-29T00:24:04.281835+00:00,inside in water 1,4CB13989-424F-31F7-E5C6-3C2FD749BFBE,-64,27.7,81.86,29.5,85.1,27.7,81.86,27.8,82.03999999999999,27.8,82.03999999999999,28.4,83.12,100.0
2026-08-29T00:24:06.287133+00:00,inside in water 1,4CB13989-424F-31F7-E5C6-3C2FD749BFBE,-64,27.7,81.86,29.5,85.1,27.7,81.86,27.8,82.03999999999999,27.8,82.03999999999999,28.4,83.12,100.0
2026-08-29T00:24:08.291819+00:00,inside in water 1,4CB13989-424F-31F7-E5C6-3C2FD749BFBE,-64,27.7,81.86,29.5,85.1,27.7,81.86,27.8,82.03999999999999,27.8,82.03999999999999,28.4,83.12,100.0
2026-08-29T00:24:10.306779+00:00,inside in water 1,4CB13989-424F-31F7-E5C6-3C2FD749BFBE,-61,27.6,81.68,29.5,85.1,27.6,81.68,27.7,81.86,27.7,81.86,28.3,82.94,100.0
2026-08-29T00:24:12.310650+00:00,inside in water 1,4CB13989-424F-31F7-E5C6-3C2FD749BFBE,-67,27.6,81.68,29.5,85.1,27.6,81.68,27.7,81.86,27.7,81.86,28.3,82.94,100.0
2026-08-29T00:24:14.317271+00:00,inside in water 1,4CB13989-424F-31F7-E5C6-3C2FD749BFBE,-67,27.6,81.68,29.5,85.1,27.6,81.68,27.7,81.86,27.7,81.86,28.3,82.94,100.0
2026-08-29T00:24:16.325651+00:00,inside in water 1,4CB13989-424F-31F7-E5C6-3C2FD749BFBE,-67,27.6,81.68,29.5,85.1,27.6,81.68,27.7,81.86,27.7,81.86,28.3,82.94,100.0
2026-08-29T00:24:18.330344+00:00,inside in water 1,4CB13989-424F-31F7-E5C6-3C2FD749BFBE,-61,27.6,81.68,29.5,85.1,27.6,81.68,27.7,81.86,27.7,81.86,28.3,82.94,100.0
2026-08-29T00:24:20.333626+00:00,inside in water 1,4CB13989-424F-31F7-E5C6-3C2FD749BFBE,-67,27.6,81.68,29.3,84.74000000000001,27.6,81.68,27.6,81.68,27.6,81.68,28.3,82.94,100.0
2026-08-29T00:24:22.339167+00:00,inside in water 1,4CB13989-424F-31F7-E5C6-3C2FD749BFBE,-60,27.5,81.5,29.2,84.56,27.5,81.5,27.6,81.68,27.6,81.68,28.2,82.75999999999999,100.0
2026-08-29T00:24:24.344022+00:00,inside in water 1,4CB13989-424F-31F7-E5C6-3C2FD749BFBE,-60,27.5,81.5,29.2,84.56,27.5,81.5,27.6,81.68,27.6,81.68,28.2,82.75999999999999,100.0
2026-08-29T00:24:26.350640+00:00,inside in water 1,4CB13989-424F-31F7-E5C6-3C2FD749BFBE,-60,27.5,81.5,29.2,84.56,27.5,81.5,27.6,81.68,27.6,81.68,28.2,82.75999999999999,100.0
2026-08-29T00:24:28.358824+00:00,inside in water 1,4CB13989-424F-31F7-E5C6-3C2FD749BFBE,-60,27.5,81.5,29.2,84.56,27.5,81.5,27.6,81.68,27.6,81.68,28.2,82.75999999999999,100.0
2026-08-29T00:24:30.365830+00:00,inside in water 1,4CB13989-424F-31F7-E5C6-3C2FD749BFBE,-61,27.5,81.5,29.2,84.56,27.5,81.5,27.6,81.68,27.6,81.68,28.2,82.75999999999999,100.0
2026-08-29T00:24:32.369209+00:00,inside in water 1,4CB13989-424F-31F7-E5C6-3C2FD749BFBE,-61,27.5,81.5,29.2,84.56,27.5,81.5,27.5,81.5,27.5,81.5,28.1,82.58000000000001,100.0
2026-08-29T00:24:34.374322+00:00,inside in water 1,4CB13989-424F-31F7-E5C6-3C2FD749BFBE,-61,27.5,81.5,29.2,84.56,27.5,81.5,27.5,81.5,27.5,81.5,28.1,82.58000000000001,100.0
2026-08-29T00:24:36.381821+00:00,inside in water 1,4CB13989-424F-31F7-E5C6-3C2FD749BFBE,-61,27.5,81.5,29.2,84.56,27.5,81.5,27.5,81.5,27.5,81.5,28.1,82.58000000000001,100.0
2026-08-29T00:24:38.386425+00:00,inside in water 1,4CB13989-424F-31F7-E5C6-3C2FD749BFBE,-60,27.4,81.32,29.2,84.56,27.4,81.32,27.5,81.5,27.5,81.5,28.1,82.58000000000001,100.0
2026-08-29T00:24:40.392222+00:00,inside in water 1,4CB13989-424F-31F7-E5C6-3C2FD749BFBE,-61,27.4,81.32,29.1,84.38,27.4,81.32,27.5,81.5,27.5,81.5,28.1,82.58000000000001,100.0
2026-08-29T00:24:42.398089+00:00,inside in water 1,4CB13989-424F-31F7-E5C6-3C2FD749BFBE,-65,27.4,81.32,29.1,84.38,27.4,81.32,27.5,81.5,27.5,81.5,28.1,82.58000000000001,100.0
2026-08-29T00:24:44.403463+00:00,inside in water 1,4CB13989-424F-31F7-E5C6-3C2FD749BFBE,-65,27.4,81.32,29.1,84.38,27.4,81.32,27.5,81.5,27.5,81.5,28.1,82.58000000000001,100.0
2026-08-29T00:24:46.406188+00:00,inside in water 1,4CB13989-424F-31F7-E5C6-3C2FD749BFBE,-65,27.4,81.32,29.1,84.38,27.4,81.32,27.5,81.5,27.5,81.5,28.1,82.58000000000001,100.0
2026-08-29T00:24:48.409710+00:00,inside in water 1,4CB13989-424F-31F7-E5C6-3C2FD749BFBE,-65,27.4,81.32,29.1,84.38,27.4,81.32,27.5,81.5,27.5,81.5,28.1,82.58000000000001,100.0
2026-08-29T00:24:50.415137+00:00,inside in water 1,4CB13989-424F-31F7-E5C6-3C2FD749BFBE,-59,27.3,81.14,29.1,84.38,27.3,81.14,27.4,81.32,27.4,81.32,28.0,82.4,100.0
2026-08-29T00:24:52.420859+00:00,inside in water 1,4CB13989-424F-31F7-E5C6-3C2FD749BFBE,-66,27.3,81.14,28.9,84.02,27.3,81.14,27.4,81.32,27.4,81.32,28.0,82.4,100.0
2026-08-29T00:24:54.426167+00:00,inside in water 1,4CB13989-424F-31F7-E5C6-3C2FD749BFBE,-59,27.3,81.14,28.8,83.84,27.3,81.14,27.4,81.32,27.4,81.32,28.0,82.4,100.0
2026-08-29T00:24:56.432372+00:00,inside in water 1,4CB13989-424F-31F7-E5C6-3C2FD749BFBE,-59,27.3,81.14,28.8,83.84,27.3,81.14,27.4,81.32,27.4,81.32,28.0,82.4,100.0
2026-08-29T00:24:58.439127+00:00,inside in water 1,4CB13989-424F-31F7-E5C6-3C2FD749BFBE,-59,27.3,81.14,28.8,83.84,27.3,81.14,27.4,81.32,27.4,81.32,28.0,82.4,100.0
2026-08-29T00:25:00.442173+00:00,inside in water 1,4CB13989-424F-31F7-E5C6-3C2FD749BFBE,-62,27.3,81.14,29.0,84.2,27.3,81.14,27.3,81.14,27.3,81.14,27.9,82.22,100.0
2026-08-29T00:25:02.444672+00:00,inside in water 1,4CB13989-424F-31F7-E5C6-3C2FD749BFBE,-62,27.3,81.14,29.0,84.2,27.3,81.14,27.3,81.14,27.3,81.14,27.9,82.22,100.0
2026-08-29T00:25:04.452430+00:00,inside in water 1,4CB13989-424F-31F7-E5C6-3C2FD749BFBE,-62,27.3,81.14,29.0,84.2,27.3,81.14,27.3,81.14,27.3,81.14,27.9,82.22,100.0
2026-08-29T00:25:06.455301+00:00,inside in water 1,4CB13989-424F-31F7-E5C6-3C2FD749BFBE,-62,27.3,81.14,29.0,84.2,27.3,81.14,27.3,81.14,27.3,81.14,27.9,82.22,100.0
2026-08-29T00:25:08.461284+00:00,inside in water 1,4CB13989-424F-31F7-E5C6-3C2FD749BFBE,-67,27.2,80.96000000000001,28.9,84.02,27.2,80.96000000000001,27.3,81.14,27.3,81.14,27.9,82.22,100.0
2026-08-29T00:25:10.463913+00:00,inside in water 1,4CB13989-424F-31F7-E5C6-3C2FD749BFBE,-63,27.2,80.96000000000001,29.0,84.2,27.2,80.96000000000001,27.3,81.14,27.2,80.96000000000001,27.8,82.03999999999999,100.0
2026-08-29T00:25:12.469681+00:00,inside in water 1,4CB13989-424F-31F7-E5C6-3C2FD749BFBE,-67,27.2,80.96000000000001,29.0,84.2,27.2,80.96000000000001,27.3,81.14,27.2,80.96000000000001,27.8,82.03999999999999,100.0
2026-08-29T00:25:14.476115+00:00,inside in water 1,4CB13989-424F-31F7-E5C6-3C2FD749BFBE,-61,27.2,80.96000000000001,28.7,83.66,27.2,80.96000000000001,27.3,81.14,27.2,80.96000000000001,27.8,82.03999999999999,100.0
2026-08-29T00:25:16.481676+00:00,inside in water 1,4CB13989-424F-31F7-E5C6-3C2FD749BFBE,-61,27.2,80.96000000000001,28.7,83.66,27.2,80.96000000000001,27.3,81.14,27.2,80.96000000000001,27.8,82.03999999999999,100.0
2026-08-29T00:25:18.486549+00:00,inside in water 1,4CB13989-424F-31F7-E5C6-3C2FD749BFBE,-60,27.1,80.78,28.6,83.48,27.1,80.78,27.2,80.96000000000001,27.2,80.96000000000001,27.8,82.03999999999999,100.0
2026-08-29T00:25:20.490771+00:00,inside in water 1,4CB13989-424F-31F7-E5C6-3C2FD749BFBE,-64,27.1,80.78,28.7,83.66,27.1,80.78,27.2,80.96000000000001,27.2,80.96000000000001,27.8,82.03999999999999,100.0
2026-08-29T00:25:22.496691+00:00,inside in water 1,4CB13989-424F-31F7-E5C6-3C2FD749BFBE,-61,27.1,80.78,28.7,83.66,27.1,80.78,27.2,80.96000000000001,27.2,80.96000000000001,27.7,81.86,100.0
2026-08-29T00:25:24.504201+00:00,inside in water 1,4CB13989-424F-31F7-E5C6-3C2FD749BFBE,-61,27.1,80.78,28.7,83.66,27.1,80.78,27.2,80.96000000000001,27.2,80.96000000000001,27.7,81.86,100.0
2026-08-29T00:25:26.507139+00:00,inside in water 1,4CB13989-424F-31F7-E5C6-3C2FD749BFBE,-61,27.1,80.78,28.7,83.66,27.1,80.78,27.2,80.96000000000001,27.2,80.96000000000001,27.7,81.86,100.0
2026-08-29T00:25:28.513071+00:00,inside in water 1,4CB13989-424F-31F7-E5C6-3C2FD749BFBE,-61,27.1,80.78,28.7,83.66,27.1,80.78,27.2,80.96000000000001,27.2,80.96000000000001,27.7,81.86,100.0
2026-08-29T00:25:30.519610+00:00,inside in water 1,4CB13989-424F-31F7-E5C6-3C2FD749BFBE,-54,27.1,80.78,28.7,83.66,27.1,80.78,27.2,80.96000000000001,27.1,80.78,27.7,81.86,100.0
2026-08-29T00:25:32.524822+00:00,inside in water 1,4CB13989-424F-31F7-E5C6-3C2FD749BFBE,-55,27.1,80.78,28.7,83.66,27.1,80.78,27.1,80.78,27.1,80.78,27.7,81.86,100.0
2026-08-29T00:25:34.530396+00:00,inside in water 1,4CB13989-424F-31F7-E5C6-3C2FD749BFBE,-55,27.1,80.78,28.7,83.66,27.1,80.78,27.1,80.78,27.1,80.78,27.7,81.86,100.0
2026-08-29T00:25:36.535895+00:00,inside in water 1,4CB13989-424F-31F7-E5C6-3C2FD749BFBE,-55,27.1,80.78,28.7,83.66,27.1,80.78,27.1,80.78,27.1,80.78,27.7,81.86,100.0
2026-08-29T00:25:38.541492+00:00,inside in water 1,4CB13989-424F-31F7-E5C6-3C2FD749BFBE,-55,27.1,80.78,28.7,83.66,27.1,80.78,27.1,80.78,27.1,80.78,27.7,81.86,100.0
2026-08-29T00:25:40.547041+00:00,inside in water 1,4CB13989-424F-31F7-E5C6-3C2FD749BFBE,-67,28.4,83.12,29.0,84.2,28.4,83.12,29.4,84.92,29.8,85.64,30.0,86.0,100.0
2026-08-29T00:25:42.554739+00:00,inside in water 1,4CB13989-424F-31F7-E5C6-3C2FD749BFBE,-55,29.0,84.2,29.4,84.92,29.0,84.2,30.9,87.62,31.0,87.80000000000001,31.0,87.80000000000001,100.0
2026-08-29T00:25:44.560680+00:00,inside in water 1,4CB13989-424F-31F7-E5C6-3C2FD749BFBE,-55,29.0,84.2,29.4,84.92,29.0,84.2,30.9,87.62,31.0,87.80000000000001,31.0,87.80000000000001,100.0
2026-08-29T00:25:46.566446+00:00,inside in water 1,4CB13989-424F-31F7-E5C6-3C2FD749BFBE,-55,29.0,84.2,29.4,84.92,29.0,84.2,30.9,87.62,31.0,87.80000000000001,31.0,87.80000000000001,100.0
2026-08-29T00:25:48.573107+00:00,inside in water 1,4CB13989-424F-31F7-E5C6-3C2FD749BFBE,-66,31.1,87.98,29.8,85.64,31.1,87.98,32.1,89.78,32.3,90.13999999999999,32.3,90.13999999999999,100.0
2026-08-29T00:25:50.579718+00:00,inside in water 1,4CB13989-424F-31F7-E5C6-3C2FD749BFBE,-72,31.9,89.42,29.9,85.82,31.9,89.42,32.5,90.5,32.7,90.86000000000001,32.9,91.22,100.0
2026-08-29T00:25:52.587437+00:00,inside in water 1,4CB13989-424F-31F7-E5C6-3C2FD749BFBE,-72,31.9,89.42,29.9,85.82,31.9,89.42,32.5,90.5,32.7,90.86000000000001,32.9,91.22,100.0
2026-08-29T00:25:54.592729+00:00,inside in water 1,4CB13989-424F-31F7-E5C6-3C2FD749BFBE,-72,31.9,89.42,29.9,85.82,31.9,89.42,32.5,90.5,32.7,90.86000000000001,32.9,91.22,100.0
2026-08-29T00:25:56.598006+00:00,inside in water 1,4CB13989-424F-31F7-E5C6-3C2FD749BFBE,-63,32.7,90.86000000000001,30.1,86.18,32.7,90.86000000000001,32.9,91.22,33.3,91.94,33.7,92.66,100.0
2026-08-29T00:25:58.604839+00:00,inside in water 1,4CB13989-424F-31F7-E5C6-3C2FD749BFBE,-66,33.0,91.4,30.3,86.53999999999999,33.0,91.4,33.2,91.76,33.5,92.30000000000001,34.0,93.2,100.0
2026-08-29T00:26:00.616328+00:00,inside in water 1,4CB13989-424F-31F7-E5C6-3C2FD749BFBE,-63,33.2,91.76,30.4,86.72,33.2,91.76,33.3,91.94,33.6,92.48,34.2,93.56,100.0
2026-08-29T00:26:02.625130+00:00,inside in water 1,4CB13989-424F-31F7-E5C6-3C2FD749BFBE,-63,33.2,91.76,30.4,86.72,33.2,91.76,33.3,91.94,33.6,92.48,34.2,93.56,100.0
2026-08-29T00:26:04.630422+00:00,inside in water 1,4CB13989-424F-31F7-E5C6-3C2FD749BFBE,-62,33.5,92.30000000000001,30.7,87.25999999999999,33.5,92.30000000000001,33.6,92.48,33.9,93.02,34.4,93.92,100.0
2026-08-29T00:26:06.636866+00:00,inside in water 1,4CB13989-424F-31F7-E5C6-3C2FD749BFBE,-71,33.5,92.30000000000001,30.7,87.25999999999999,33.5,92.30000000000001,33.6,92.48,33.9,93.02,34.4,93.92,100.0
2026-08-29T00:26:08.644618+00:00,inside in water 1,4CB13989-424F-31F7-E5C6-3C2FD749BFBE,-66,33.8,92.84,31.0,87.80000000000001,33.8,92.84,33.8,92.84,34.1,93.38,34.6,94.28,100.0
2026-08-29T00:26:10.648487+00:00,inside in water 1,4CB13989-424F-31F7-E5C6-3C2FD749BFBE,-66,33.8,92.84,31.0,87.80000000000001,33.8,92.84,33.8,92.84,34.1,93.38,34.6,94.28,100.0
2026-08-29T00:26:12.653796+00:00,inside in water 1,4CB13989-424F-31F7-E5C6-3C2FD749BFBE,-72,34.1,93.38,31.1,87.98,34.1,93.38,34.1,93.38,34.3,93.74,34.9,94.82,100.0
2026-08-29T00:26:14.659566+00:00,inside in water 1,4CB13989-424F-31F7-E5C6-3C2FD749BFBE,-72,34.1,93.38,31.1,87.98,34.1,93.38,34.1,93.38,34.3,93.74,34.9,94.82,100.0
2026-08-29T00:26:16.665541+00:00,inside in water 1,4CB13989-424F-31F7-E5C6-3C2FD749BFBE,-72,34.3,93.74,31.5,88.7,34.3,93.74,34.3,93.74,34.5,94.1,35.0,95.0,100.0
2026-08-29T00:26:18.671279+00:00,inside in water 1,4CB13989-424F-31F7-E5C6-3C2FD749BFBE,-72,34.3,93.74,31.5,88.7,34.3,93.74,34.3,93.74,34.5,94.1,35.0,95.0,100.0
2026-08-29T00:26:20.677417+00:00,inside in water 1,4CB13989-424F-31F7-E5C6-3C2FD749BFBE,-72,34.3,93.74,31.5,88.7,34.3,93.74,34.3,93.74,34.5,94.1,35.0,95.0,100.0
2026-08-29T00:26:22.683097+00:00,inside in water 1,4CB13989-424F-31F7-E5C6-3C2FD749BFBE,-72,34.3,93.74,31.5,88.7,34.3,93.74,34.3,93.74,34.5,94.1,35.0,95.0,100.0
2026-08-29T00:26:24.688201+00:00,inside in water 1,4CB13989-424F-31F7-E5C6-3C2FD749BFBE,-71,34.6,94.28,31.6,88.88,34.6,94.28,34.7,94.46000000000001,34.8,94.63999999999999,35.2,95.36000000000001,100.0
2026-08-29T00:26:26.692269+00:00,inside in water 1,4CB13989-424F-31F7-E5C6-3C2FD749BFBE,-62,34.6,94.28,31.6,88.88,34.6,94.28,34.7,94.46000000000001,34.8,94.63999999999999,35.2,95.36000000000001,100.0
2026-08-29T00:26:28.699040+00:00,inside in water 1,4CB13989-424F-31F7-E5C6-3C2FD749BFBE,-62,34.6,94.28,31.6,88.88,34.6,94.28,34.7,94.46000000000001,34.8,94.63999999999999,35.2,95.36000000000001,100.0
2026-08-29T00:26:30.708863+00:00,inside in water 1,4CB13989-424F-31F7-E5C6-3C2FD749BFBE,-63,34.6,94.28,31.6,88.88,34.6,94.28,34.7,94.46000000000001,34.8,94.63999999999999,35.2,95.36000000000001,100.0
2026-08-29T00:26:32.715611+00:00,inside in water 1,4CB13989-424F-31F7-E5C6-3C2FD749BFBE,-63,34.6,94.28,31.6,88.88,34.6,94.28,34.7,94.46000000000001,34.8,94.63999999999999,35.2,95.36000000000001,100.0
2026-08-29T00:26:34.721579+00:00,inside in water 1,4CB13989-424F-31F7-E5C6-3C2FD749BFBE,-61,34.8,94.63999999999999,31.9,89.42,34.8,94.63999999999999,35.0,95.0,35.0,95.0,35.3,95.53999999999999,100.0
2026-08-29T00:26:36.727403+00:00,inside in water 1,4CB13989-424F-31F7-E5C6-3C2FD749BFBE,-60,34.9,94.82,32.2,89.96000000000001,34.9,94.82,35.1,95.18,35.1,95.18,35.2,95.36000000000001,100.0
2026-08-29T00:26:38.732398+00:00,inside in water 1,4CB13989-424F-31F7-E5C6-3C2FD749BFBE,-68,34.9,94.82,32.2,89.96000000000001,34.9,94.82,35.1,95.18,35.1,95.18,35.2,95.36000000000001,100.0
2026-08-29T00:26:40.737768+00:00,inside in water 1,4CB13989-424F-31F7-E5C6-3C2FD749BFBE,-68,34.9,94.82,32.2,89.96000000000001,34.9,94.82,35.1,95.18,35.1,95.18,35.2,95.36000000000001,100.0
2026-08-29T00:26:42.743669+00:00,inside in water 1,4CB13989-424F-31F7-E5C6-3C2FD749BFBE,-55,34.9,94.82,32.2,89.96000000000001,34.9,94.82,35.1,95.18,35.1,95.18,35.2,95.36000000000001,100.0
2026-08-29T00:26:44.748599+00:00,inside in water 1,4CB13989-424F-31F7-E5C6-3C2FD749BFBE,-56,34.4,93.92,32.4,90.32,34.4,93.92,34.7,94.46000000000001,34.8,94.63999999999999,35.0,95.0,100.0
2026-08-29T00:26:46.754259+00:00,inside in water 1,4CB13989-424F-31F7-E5C6-3C2FD749BFBE,-56,34.4,93.92,32.4,90.32,34.4,93.92,34.7,94.46000000000001,34.8,94.63999999999999,35.0,95.0,100.0
2026-08-29T00:26:48.759275+00:00,inside in water 1,4CB13989-424F-31F7-E5C6-3C2FD749BFBE,-56,34.4,93.92,32.4,90.32,34.4,93.92,34.7,94.46000000000001,34.8,94.63999999999999,35.0,95.0,100.0
2026-08-29T00:26:50.763549+00:00,inside in water 1,4CB13989-424F-31F7-E5C6-3C2FD749BFBE,-56,34.4,93.92,32.4,90.32,34.4,93.92,34.7,94.46000000000001,34.8,94.63999999999999,35.0,95.0,100.0
2026-08-29T00:26:52.768306+00:00,inside in water 1,4CB13989-424F-31F7-E5C6-3C2FD749BFBE,-56,34.4,93.92,32.4,90.32,34.4,93.92,34.7,94.46000000000001,34.8,94.63999999999999,35.0,95.0,100.0
2026-08-29T00:26:54.773203+00:00,inside in water 1,4CB13989-424F-31F7-E5C6-3C2FD749BFBE,-59,34.4,93.92,32.4,90.32,34.4,93.92,34.7,94.46000000000001,34.8,94.63999999999999,35.0,95.0,100.0
2026-08-29T00:26:56.776412+00:00,inside in water 1,4CB13989-424F-31F7-E5C6-3C2FD749BFBE,-49,34.9,94.82,32.3,90.13999999999999,34.9,94.82,35.1,95.18,35.1,95.18,35.2,95.36000000000001,100.0
2026-08-29T00:26:58.783709+00:00,inside in water 1,4CB13989-424F-31F7-E5C6-3C2FD749BFBE,-49,34.9,94.82,32.3,90.13999999999999,34.9,94.82,35.1,95.18,35.1,95.18,35.2,95.36000000000001,100.0
2026-08-29T00:27:00.789703+00:00,inside in water 1,4CB13989-424F-31F7-E5C6-3C2FD749BFBE,-66,34.5,94.1,32.8,91.03999999999999,34.5,94.1,34.9,94.82,35.0,95.0,35.1,95.18,100.0
2026-08-29T00:27:02.791850+00:00,inside in water 1,4CB13989-424F-31F7-E5C6-3C2FD749BFBE,-67,34.5,94.1,32.8,91.03999999999999,34.5,94.1,34.9,94.82,35.0,95.0,35.1,95.18,100.0
2026-08-29T00:27:04.797181+00:00,inside in water 1,4CB13989-424F-31F7-E5C6-3C2FD749BFBE,-61,34.4,93.92,32.7,90.86000000000001,34.4,93.92,34.7,94.46000000000001,34.7,94.46000000000001,34.8,94.63999999999999,100.0
2026-08-29T00:27:06.801869+00:00,inside in water 1,4CB13989-424F-31F7-E5C6-3C2FD749BFBE,-57,34.2,93.56,32.5,90.5,34.2,93.56,34.5,94.1,34.5,94.1,34.6,94.28,100.0
2026-08-29T00:27:08.807092+00:00,inside in water 1,4CB13989-424F-31F7-E5C6-3C2FD749BFBE,-57,34.2,93.56,32.5,90.5,34.2,93.56,34.5,94.1,34.5,94.1,34.6,94.28,100.0
2026-08-29T00:27:10.812498+00:00,inside in water 1,4CB13989-424F-31F7-E5C6-3C2FD749BFBE,-57,34.2,93.56,32.5,90.5,34.2,93.56,34.5,94.1,34.5,94.1,34.6,94.28,100.0
2026-08-29T00:27:12.817195+00:00,inside in water 1,4CB13989-424F-31F7-E5C6-3C2FD749BFBE,-57,34.2,93.56,32.5,90.5,34.2,93.56,34.5,94.1,34.5,94.1,34.6,94.28,100.0
2026-08-29T00:27:14.818739+00:00,inside in water 1,4CB13989-424F-31F7-E5C6-3C2FD749BFBE,-58,33.7,92.66,32.6,90.68,33.7,92.66,34.0,93.2,33.9,93.02,34.0,93.2,100.0
2026-08-29T00:27:16.824036+00:00,inside in water 1,4CB13989-424F-31F7-E5C6-3C2FD749BFBE,-58,33.7,92.66,32.6,90.68,33.7,92.66,34.0,93.2,33.9,93.02,34.0,93.2,100.0
2026-08-29T00:27:18.829951+00:00,inside in water 1,4CB13989-424F-31F7-E5C6-3C2FD749BFBE,-58,33.7,92.66,32.6,90.68,33.7,92.66,34.0,93.2,33.9,93.02,34.0,93.2,100.0
2026-08-29T00:27:20.835290+00:00,inside in water 1,4CB13989-424F-31F7-E5C6-3C2FD749BFBE,-67,33.5,92.30000000000001,32.5,90.5,33.5,92.30000000000001,33.8,92.84,33.6,92.48,33.6,92.48,100.0
2026-08-29T00:27:22.841698+00:00,inside in water 1,4CB13989-424F-31F7-E5C6-3C2FD749BFBE,-73,33.4,92.12,32.4,90.32,33.4,92.12,33.6,92.48,33.4,92.12,33.4,92.12,100.0
2026-08-29T00:27:24.847539+00:00,inside in water 1,4CB13989-424F-31F7-E5C6-3C2FD749BFBE,-73,33.4,92.12,32.4,90.32,33.4,92.12,33.6,92.48,33.4,92.12,33.4,92.12,100.0
2026-08-29T00:27:26.859502+00:00,inside in water 1,4CB13989-424F-31F7-E5C6-3C2FD749BFBE,-73,33.4,92.12,32.4,90.32,33.4,92.12,33.6,92.48,33.4,92.12,33.4,92.12,100.0
2026-08-29T00:27:28.864307+00:00,inside in water 1,4CB13989-424F-31F7-E5C6-3C2FD749BFBE,-58,33.1,91.58000000000001,32.2,89.96000000000001,33.1,91.58000000000001,33.3,91.94,33.1,91.58000000000001,33.0,91.4,100.0
2026-08-29T00:27:30.871589+00:00,inside in water 1,4CB13989-424F-31F7-E5C6-3C2FD749BFBE,-58,33.1,91.58000000000001,32.2,89.96000000000001,33.1,91.58000000000001,33.3,91.94,33.1,91.58000000000001,33.0,91.4,100.0
2026-08-29T00:27:32.876268+00:00,inside in water 1,4CB13989-424F-31F7-E5C6-3C2FD749BFBE,-65,33.1,91.58000000000001,32.2,89.96000000000001,33.1,91.58000000000001,33.3,91.94,33.1,91.58000000000001,33.0,91.4,100.0
2026-08-29T00:27:34.882678+00:00,inside in water 1,4CB13989-424F-31F7-E5C6-3C2FD749BFBE,-65,33.1,91.58000000000001,32.2,89.96000000000001,33.1,91.58000000000001,33.3,91.94,33.1,91.58000000000001,33.0,91.4,100.0
2026-08-29T00:27:36.891264+00:00,inside in water 1,4CB13989-424F-31F7-E5C6-3C2FD749BFBE,-65,33.1,91.58000000000001,32.2,89.96000000000001,33.1,91.58000000000001,33.3,91.94,33.1,91.58000000000001,33.0,91.4,100.0
2026-08-29T00:27:38.897782+00:00,inside in water 1,4CB13989-424F-31F7-E5C6-3C2FD749BFBE,-59,32.7,90.86000000000001,32.1,89.78,32.8,91.03999999999999,32.9,91.22,32.7,90.86000000000001,32.6,90.68,100.0
2026-08-29T00:27:40.902822+00:00,inside in water 1,4CB13989-424F-31F7-E5C6-3C2FD749BFBE,-65,32.7,90.86000000000001,32.1,89.78,32.8,91.03999999999999,32.9,91.22,32.7,90.86000000000001,32.6,90.68,100.0
2026-08-29T00:27:42.905374+00:00,inside in water 1,4CB13989-424F-31F7-E5C6-3C2FD749BFBE,-57,32.5,90.5,32.0,89.6,32.6,90.68,32.8,91.03999999999999,32.5,90.5,32.4,90.32,100.0
2026-08-29T00:27:44.908072+00:00,inside in water 1,4CB13989-424F-31F7-E5C6-3C2FD749BFBE,-57,32.5,90.5,32.0,89.6,32.6,90.68,32.8,91.03999999999999,32.5,90.5,32.4,90.32,100.0
2026-08-29T00:27:46.910195+00:00,inside in water 1,4CB13989-424F-31F7-E5C6-3C2FD749BFBE,-66,32.2,89.96000000000001,32.0,89.6,32.4,90.32,32.5,90.5,32.2,89.96000000000001,32.2,89.96000000000001,100.0
2026-08-29T00:27:48.912777+00:00,inside in water 1,4CB13989-424F-31F7-E5C6-3C2FD749BFBE,-66,32.2,89.96000000000001,32.0,89.6,32.4,90.32,32.5,90.5,32.2,89.96000000000001,32.2,89.96000000000001,100.0
2026-08-29T00:27:50.918791+00:00,inside in water 1,4CB13989-424F-31F7-E5C6-3C2FD749BFBE,-58,32.1,89.78,31.9,89.42,32.3,90.13999999999999,32.4,90.32,32.1,89.78,32.1,89.78,100.0
2026-08-29T00:27:52.923772+00:00,inside in water 1,4CB13989-424F-31F7-E5C6-3C2FD749BFBE,-58,32.1,89.78,31.9,89.42,32.3,90.13999999999999,32.4,90.32,32.1,89.78,32.1,89.78,100.0
2026-08-29T00:27:54.925493+00:00,inside in water 1,4CB13989-424F-31F7-E5C6-3C2FD749BFBE,-58,32.1,89.78,31.9,89.42,32.3,90.13999999999999,32.4,90.32,32.1,89.78,32.1,89.78,100.0
2026-08-29T00:27:56.928949+00:00,inside in water 1,4CB13989-424F-31F7-E5C6-3C2FD749BFBE,-58,32.1,89.78,31.9,89.42,32.3,90.13999999999999,32.4,90.32,32.1,89.78,32.1,89.78,100.0
2026-08-29T00:27:58.932142+00:00,inside in water 1,4CB13989-424F-31F7-E5C6-3C2FD749BFBE,-58,32.1,89.78,31.9,89.42,32.3,90.13999999999999,32.4,90.32,32.1,89.78,32.1,89.78,100.0
2026-08-29T00:28:00.941774+00:00,inside in water 1,4CB13989-424F-31F7-E5C6-3C2FD749BFBE,-58,32.1,89.78,31.9,89.42,32.3,90.13999999999999,32.4,90.32,32.1,89.78,32.1,89.78,100.0
2026-08-29T00:28:02.945010+00:00,inside in water 1,4CB13989-424F-31F7-E5C6-3C2FD749BFBE,-58,32.1,89.78,31.9,89.42,32.3,90.13999999999999,32.4,90.32,32.1,89.78,32.1,89.78,100.0
2026-08-29T00:28:04.949337+00:00,inside in water 1,4CB13989-424F-31F7-E5C6-3C2FD749BFBE,-66,31.6,88.88,31.7,89.06,31.9,89.42,32.0,89.6,31.6,88.88,31.6,88.88,100.0
2026-08-29T00:28:06.953969+00:00,inside in water 1,4CB13989-424F-31F7-E5C6-3C2FD749BFBE,-66,31.6,88.88,31.7,89.06,31.9,89.42,32.0,89.6,31.6,88.88,31.6,88.88,100.0
2026-08-29T00:28:08.959892+00:00,inside in water 1,4CB13989-424F-31F7-E5C6-3C2FD749BFBE,-72,31.5,88.7,31.6,88.88,31.7,89.06,31.8,89.24000000000001,31.5,88.7,31.4,88.52,100.0
2026-08-29T00:28:10.965117+00:00,inside in water 1,4CB13989-424F-31F7-E5C6-3C2FD749BFBE,-72,31.5,88.7,31.6,88.88,31.7,89.06,31.8,89.24000000000001,31.5,88.7,31.4,88.52,100.0
2026-08-29T00:28:12.972598+00:00,inside in water 1,4CB13989-424F-31F7-E5C6-3C2FD749BFBE,-72,31.5,88.7,31.6,88.88,31.7,89.06,31.8,89.24000000000001,31.5,88.7,31.4,88.52,100.0
2026-08-29T00:28:14.976069+00:00,inside in water 1,4CB13989-424F-31F7-E5C6-3C2FD749BFBE,-70,31.3,88.34,31.5,88.7,31.5,88.7,31.6,88.88,31.3,88.34,31.2,88.16,100.0
2026-08-29T00:28:16.979962+00:00,inside in water 1,4CB13989-424F-31F7-E5C6-3C2FD749BFBE,-66,31.2,88.16,31.6,88.88,31.5,88.7,31.6,88.88,31.2,88.16,31.2,88.16,100.0
2026-08-29T00:28:18.982220+00:00,inside in water 1,4CB13989-424F-31F7-E5C6-3C2FD749BFBE,-66,31.2,88.16,31.6,88.88,31.5,88.7,31.6,88.88,31.2,88.16,31.2,88.16,100.0
2026-08-29T00:28:20.987199+00:00,inside in water 1,4CB13989-424F-31F7-E5C6-3C2FD749BFBE,-62,31.2,88.16,31.6,88.88,31.5,88.7,31.6,88.88,31.2,88.16,31.2,88.16,100.0
2026-08-29T00:28:22.992822+00:00,inside in water 1,4CB13989-424F-31F7-E5C6-3C2FD749BFBE,-53,31.0,87.80000000000001,31.6,88.88,31.3,88.34,31.4,88.52,31.0,87.80000000000001,31.0,87.80000000000001,100.0
2026-08-29T00:28:24.997363+00:00,inside in water 1,4CB13989-424F-31F7-E5C6-3C2FD749BFBE,-57,31.0,87.80000000000001,31.6,88.88,31.3,88.34,31.4,88.52,31.0,87.80000000000001,31.0,87.80000000000001,100.0
2026-08-29T00:28:27.003202+00:00,inside in water 1,4CB13989-424F-31F7-E5C6-3C2FD749BFBE,-59,31.0,87.80000000000001,31.2,88.16,31.2,88.16,31.3,88.34,31.0,87.80000000000001,31.0,87.80000000000001,100.0
2026-08-29T00:28:29.007763+00:00,inside in water 1,4CB13989-424F-31F7-E5C6-3C2FD749BFBE,-59,30.9,87.62,31.1,87.98,31.1,87.98,31.2,88.16,30.9,87.62,30.9,87.62,100.0
2026-08-29T00:28:31.013144+00:00,inside in water 1,4CB13989-424F-31F7-E5C6-3C2FD749BFBE,-59,30.9,87.62,31.1,87.98,31.1,87.98,31.2,88.16,30.9,87.62,30.9,87.62,100.0
2026-08-29T00:28:33.017978+00:00,inside in water 1,4CB13989-424F-31F7-E5C6-3C2FD749BFBE,-59,30.7,87.25999999999999,31.2,88.16,31.0,87.80000000000001,31.1,87.98,30.7,87.25999999999999,30.8,87.44,100.0
2026-08-29T00:28:35.024714+00:00,inside in water 1,4CB13989-424F-31F7-E5C6-3C2FD749BFBE,-56,30.7,87.25999999999999,31.0,87.80000000000001,31.0,87.80000000000001,31.0,87.80000000000001,30.7,87.25999999999999,30.8,87.44,100.0
2026-08-29T00:28:37.031132+00:00,inside in water 1,4CB13989-424F-31F7-E5C6-3C2FD749BFBE,-56,30.7,87.25999999999999,31.0,87.80000000000001,31.0,87.80000000000001,31.0,87.80000000000001,30.7,87.25999999999999,30.8,87.44,100.0
2026-08-29T00:28:39.036358+00:00,inside in water 1,4CB13989-424F-31F7-E5C6-3C2FD749BFBE,-55,30.6,87.08000000000001,31.1,87.98,30.8,87.44,30.9,87.62,30.6,87.08000000000001,30.6,87.08000000000001,100.0
2026-08-29T00:28:41.043772+00:00,inside in water 1,4CB13989-424F-31F7-E5C6-3C2FD749BFBE,-60,30.6,87.08000000000001,31.1,87.98,30.8,87.44,30.9,87.62,30.6,87.08000000000001,30.6,87.08000000000001,100.0
2026-08-29T00:28:43.048777+00:00,inside in water 1,4CB13989-424F-31F7-E5C6-3C2FD749BFBE,-55,30.5,86.9,30.8,87.44,30.8,87.44,30.8,87.44,30.5,86.9,30.6,87.08000000000001,100.0
2026-08-29T00:28:45.056276+00:00,inside in water 1,4CB13989-424F-31F7-E5C6-3C2FD749BFBE,-55,30.5,86.9,30.8,87.44,30.8,87.44,30.8,87.44,30.5,86.9,30.6,87.08000000000001,100.0
2026-08-29T00:28:47.060994+00:00,inside in water 1,4CB13989-424F-31F7-E5C6-3C2FD749BFBE,-48,30.4,86.72,30.9,87.62,30.7,87.25999999999999,30.7,87.25999999999999,30.4,86.72,30.5,86.9,100.0
2026-08-29T00:28:49.070118+00:00,inside in water 1,4CB13989-424F-31F7-E5C6-3C2FD749BFBE,-49,30.4,86.72,30.6,87.08000000000001,30.6,87.08000000000001,30.7,87.25999999999999,30.4,86.72,30.4,86.72,100.0
2026-08-29T00:28:51.078803+00:00,inside in water 1,4CB13989-424F-31F7-E5C6-3C2FD749BFBE,-51,30.4,86.72,30.6,87.08000000000001,30.6,87.08000000000001,30.7,87.25999999999999,30.4,86.72,30.4,86.72,100.0
2026-08-29T00:28:53.082364+00:00,inside in water 1,4CB13989-424F-31F7-E5C6-3C2FD749BFBE,-51,30.4,86.72,30.6,87.08000000000001,30.6,87.08000000000001,30.7,87.25999999999999,30.4,86.72,30.4,86.72,100.0
2026-08-29T00:28:55.088194+00:00,inside in water 1,4CB13989-424F-31F7-E5C6-3C2FD749BFBE,-51,30.4,86.72,30.6,87.08000000000001,30.6,87.08000000000001,30.7,87.25999999999999,30.4,86.72,30.4,86.72,100.0
2026-08-29T00:28:57.094379+00:00,inside in water 1,4CB13989-424F-31F7-E5C6-3C2FD749BFBE,-51,30.2,86.36,30.6,87.08000000000001,30.4,86.72,30.5,86.9,30.2,86.36,30.3,86.53999999999999,100.0
2026-08-29T00:28:59.098747+00:00,inside in water 1,4CB13989-424F-31F7-E5C6-3C2FD749BFBE,-52,30.1,86.18,30.6,87.08000000000001,30.4,86.72,30.4,86.72,30.1,86.18,30.2,86.36,100.0
2026-08-29T00:29:01.104152+00:00,inside in water 1,4CB13989-424F-31F7-E5C6-3C2FD749BFBE,-64,30.1,86.18,30.4,86.72,30.3,86.53999999999999,30.4,86.72,30.1,86.18,30.2,86.36,100.0
2026-08-29T00:29:03.112772+00:00,inside in water 1,4CB13989-424F-31F7-E5C6-3C2FD749BFBE,-64,30.1,86.18,30.4,86.72,30.3,86.53999999999999,30.4,86.72,30.1,86.18,30.2,86.36,100.0
2026-08-29T00:29:05.121108+00:00,inside in water 1,4CB13989-424F-31F7-E5C6-3C2FD749BFBE,-64,30.1,86.18,30.4,86.72,30.3,86.53999999999999,30.4,86.72,30.1,86.18,30.2,86.36,100.0
2026-08-29T00:29:07.127196+00:00,inside in water 1,4CB13989-424F-31F7-E5C6-3C2FD749BFBE,-52,30.6,87.08000000000001,30.7,87.25999999999999,31.7,89.06,31.0,87.80000000000001,30.6,87.08000000000001,30.3,86.53999999999999,100.0
2026-08-29T00:29:09.131619+00:00,inside in water 1,4CB13989-424F-31F7-E5C6-3C2FD749BFBE,-52,30.6,87.08000000000001,30.7,87.25999999999999,31.7,89.06,31.0,87.80000000000001,30.6,87.08000000000001,30.3,86.53999999999999,100.0
2026-08-29T00:29:11.136747+00:00,inside in water 1,4CB13989-424F-31F7-E5C6-3C2FD749BFBE,-52,30.6,87.08000000000001,30.7,87.25999999999999,31.7,89.06,31.0,87.80000000000001,30.6,87.08000000000001,30.3,86.53999999999999,100.0
2026-08-29T00:29:13.142786+00:00,inside in water 1,4CB13989-424F-31F7-E5C6-3C2FD749BFBE,-52,30.6,87.08000000000001,30.7,87.25999999999999,31.7,89.06,31.0,87.80000000000001,30.6,87.08000000000001,30.3,86.53999999999999,100.0
2026-08-29T00:29:15.148651+00:00,inside in water 1,4CB13989-424F-31F7-E5C6-3C2FD749BFBE,-58,32.2,89.96000000000001,31.3,88.34,32.5,90.5,32.3,90.13999999999999,32.2,89.96000000000001,31.6,88.88,100.0
2026-08-29T00:29:17.156077+00:00,inside in water 1,4CB13989-424F-31F7-E5C6-3C2FD749BFBE,-53,32.6,90.68,31.3,88.34,33.1,91.58000000000001,33.0,91.4,32.6,90.68,32.2,89.96000000000001,100.0
2026-08-29T00:29:19.167744+00:00,inside in water 1,4CB13989-424F-31F7-E5C6-3C2FD749BFBE,-55,32.7,90.86000000000001,31.3,88.34,33.1,91.58000000000001,33.0,91.4,32.7,90.86000000000001,32.3,90.13999999999999,100.0
2026-08-29T00:29:21.173100+00:00,inside in water 1,4CB13989-424F-31F7-E5C6-3C2FD749BFBE,-54,32.7,90.86000000000001,31.6,88.88,33.0,91.4,33.0,91.4,32.7,90.86000000000001,32.4,90.32,100.0
2026-08-29T00:29:23.175249+00:00,inside in water 1,4CB13989-424F-31F7-E5C6-3C2FD749BFBE,-53,32.7,90.86000000000001,31.7,89.06,32.9,91.22,32.9,91.22,32.7,90.86000000000001,32.5,90.5,100.0
2026-08-29T00:29:25.187439+00:00,inside in water 1,4CB13989-424F-31F7-E5C6-3C2FD749BFBE,-55,32.6,90.68,31.7,89.06,32.9,91.22,32.9,91.22,32.6,90.68,32.5,90.5,100.0
2026-08-29T00:29:27.193632+00:00,inside in water 1,4CB13989-424F-31F7-E5C6-3C2FD749BFBE,-55,32.5,90.5,31.5,88.7,32.7,90.86000000000001,32.8,91.03999999999999,32.5,90.5,32.4,90.32,100.0
2026-08-29T00:29:29.201339+00:00,inside in water 1,4CB13989-424F-31F7-E5C6-3C2FD749BFBE,-55,32.5,90.5,31.5,88.7,32.6,90.68,32.7,90.86000000000001,32.5,90.5,32.4,90.32,100.0
2026-08-29T00:29:31.207272+00:00,inside in water 1,4CB13989-424F-31F7-E5C6-3C2FD749BFBE,-64,32.4,90.32,31.6,88.88,32.6,90.68,32.6,90.68,32.4,90.32,32.4,90.32,100.0
2026-08-29T00:29:33.213147+00:00,inside in water 1,4CB13989-424F-31F7-E5C6-3C2FD749BFBE,-53,32.3,90.13999999999999,31.5,88.7,32.4,90.32,32.5,90.5,32.3,90.13999999999999,32.2,89.96000000000001,100.0
2026-08-29T00:29:35.218689+00:00,inside in water 1,4CB13989-424F-31F7-E5C6-3C2FD749BFBE,-53,32.3,90.13999999999999,31.5,88.7,32.4,90.32,32.5,90.5,32.3,90.13999999999999,32.2,89.96000000000001,100.0
2026-08-29T00:29:37.224872+00:00,inside in water 1,4CB13989-424F-31F7-E5C6-3C2FD749BFBE,-63,32.7,90.86000000000001,31.7,89.06,33.0,91.4,33.3,91.94,32.7,90.86000000000001,32.8,91.03999999999999,100.0
2026-08-29T00:29:39.232259+00:00,inside in water 1,4CB13989-424F-31F7-E5C6-3C2FD749BFBE,-63,32.7,90.86000000000001,31.7,89.06,33.0,91.4,33.3,91.94,32.7,90.86000000000001,32.8,91.03999999999999,100.0
2026-08-29T00:29:41.242201+00:00,inside in water 1,4CB13989-424F-31F7-E5C6-3C2FD749BFBE,-63,32.7,90.86000000000001,31.7,89.06,33.0,91.4,33.3,91.94,32.7,90.86000000000001,32.8,91.03999999999999,100.0
2026-08-29T00:29:43.246705+00:00,inside in water 1,4CB13989-424F-31F7-E5C6-3C2FD749BFBE,-63,32.7,90.86000000000001,31.7,89.06,33.0,91.4,33.3,91.94,32.7,90.86000000000001,32.8,91.03999999999999,100.0
2026-08-29T00:29:45.251139+00:00,inside in water 1,4CB13989-424F-31F7-E5C6-3C2FD749BFBE,-44,33.8,92.84,31.7,89.06,34.1,93.38,34.4,93.92,33.8,92.84,33.8,92.84,100.0
2026-08-29T00:29:47.255385+00:00,inside in water 1,4CB13989-424F-31F7-E5C6-3C2FD749BFBE,-44,33.8,92.84,31.7,89.06,34.1,93.38,34.4,93.92,33.8,92.84,33.8,92.84,100.0
2026-08-29T00:29:49.262103+00:00,inside in water 1,4CB13989-424F-31F7-E5C6-3C2FD749BFBE,-43,34.1,93.38,31.8,89.24000000000001,34.4,93.92,34.6,94.28,34.1,93.38,34.1,93.38,100.0
2026-08-29T00:29:51.268039+00:00,inside in water 1,4CB13989-424F-31F7-E5C6-3C2FD749BFBE,-45,34.1,93.38,31.8,89.24000000000001,34.4,93.92,34.6,94.28,34.1,93.38,34.1,93.38,100.0
2026-08-29T00:29:53.270574+00:00,inside in water 1,4CB13989-424F-31F7-E5C6-3C2FD749BFBE,-44,34.4,93.92,31.7,89.06,34.7,94.46000000000001,34.9,94.82,34.4,93.92,34.4,93.92,100.0
2026-08-29T00:29:55.275981+00:00,inside in water 1,4CB13989-424F-31F7-E5C6-3C2FD749BFBE,-47,34.4,93.92,31.7,89.06,34.7,94.46000000000001,34.9,94.82,34.4,93.92,34.4,93.92,100.0
2026-08-29T00:29:57.278325+00:00,inside in water 1,4CB13989-424F-31F7-E5C6-3C2FD749BFBE,-44,34.6,94.28,31.9,89.42,34.8,94.63999999999999,35.0,95.0,34.6,94.28,34.6,94.28,100.0
2026-08-29T00:29:59.284797+00:00,inside in water 1,4CB13989-424F-31F7-E5C6-3C2FD749BFBE,-46,34.6,94.28,31.9,89.42,34.8,94.63999999999999,35.0,95.0,34.6,94.28,34.6,94.28,100.0
2026-08-29T00:30:01.290740+00:00,inside in water 1,4CB13989-424F-31F7-E5C6-3C2FD749BFBE,-46,34.6,94.28,31.9,89.42,34.8,94.63999999999999,35.0,95.0,34.6,94.28,34.6,94.28,100.0
2026-08-29T00:30:03.298200+00:00,inside in water 1,4CB13989-424F-31F7-E5C6-3C2FD749BFBE,-43,34.9,94.82,32.0,89.6,35.1,95.18,35.1,95.18,34.9,94.82,34.8,94.63999999999999,100.0
2026-08-29T00:30:05.305078+00:00,inside in water 1,4CB13989-424F-31F7-E5C6-3C2FD749BFBE,-45,34.9,94.82,32.0,89.6,35.1,95.18,35.2,95.36000000000001,34.9,94.82,34.8,94.63999999999999,100.0
2026-08-29T00:30:07.307334+00:00,inside in water 1,4CB13989-424F-31F7-E5C6-3C2FD749BFBE,-49,34.9,94.82,32.0,89.6,35.1,95.18,35.2,95.36000000000001,34.9,94.82,34.8,94.63999999999999,100.0
2026-08-29T00:30:09.314285+00:00,inside in water 1,4CB13989-424F-31F7-E5C6-3C2FD749BFBE,-50,35.0,95.0,31.9,89.42,35.0,95.0,35.2,95.36000000000001,35.0,95.0,34.9,94.82,100.0
2026-08-29T00:30:11.320300+00:00,inside in water 1,4CB13989-424F-31F7-E5C6-3C2FD749BFBE,-49,35.0,95.0,31.9,89.42,35.0,95.0,35.2,95.36000000000001,35.0,95.0,34.9,94.82,100.0
2026-08-29T00:30:13.327105+00:00,inside in water 1,4CB13989-424F-31F7-E5C6-3C2FD749BFBE,-52,34.7,94.46000000000001,32.2,89.96000000000001,34.7,94.46000000000001,34.9,94.82,34.8,94.63999999999999,34.6,94.28,100.0
2026-08-29T00:30:15.336637+00:00,inside in water 1,4CB13989-424F-31F7-E5C6-3C2FD749BFBE,-52,34.7,94.46000000000001,32.2,89.96000000000001,34.7,94.46000000000001,34.9,94.82,34.8,94.63999999999999,34.6,94.28,100.0
2026-08-29T00:30:17.341712+00:00,inside in water 1,4CB13989-424F-31F7-E5C6-3C2FD749BFBE,-54,34.4,93.92,32.0,89.6,34.4,93.92,34.6,94.28,34.5,94.1,34.3,93.74,100.0
2026-08-29T00:30:19.348100+00:00,inside in water 1,4CB13989-424F-31F7-E5C6-3C2FD749BFBE,-52,34.3,93.74,32.0,89.6,34.3,93.74,34.5,94.1,34.3,93.74,34.1,93.38,100.0
2026-08-29T00:30:21.357710+00:00,inside in water 1,4CB13989-424F-31F7-E5C6-3C2FD749BFBE,-51,34.2,93.56,32.0,89.6,34.2,93.56,34.4,93.92,34.2,93.56,34.0,93.2,100.0
2026-08-29T00:30:23.371262+00:00,inside in water 1,4CB13989-424F-31F7-E5C6-3C2FD749BFBE,-55,34.2,93.56,32.0,89.6,34.2,93.56,34.4,93.92,34.2,93.56,34.0,93.2,100.0
2026-08-29T00:30:25.381103+00:00,inside in water 1,4CB13989-424F-31F7-E5C6-3C2FD749BFBE,-55,34.2,93.56,32.0,89.6,34.2,93.56,34.4,93.92,34.2,93.56,34.0,93.2,100.0
2026-08-29T00:30:27.394353+00:00,inside in water 1,4CB13989-424F-31F7-E5C6-3C2FD749BFBE,-53,33.8,92.84,32.0,89.6,33.8,92.84,34.0,93.2,33.8,92.84,33.5,92.30000000000001,100.0
2026-08-29T00:30:29.401670+00:00,inside in water 1,4CB13989-424F-31F7-E5C6-3C2FD749BFBE,-51,33.7,92.66,32.0,89.6,33.8,92.84,34.0,93.2,33.7,92.66,33.4,92.12,100.0
2026-08-29T00:30:31.404610+00:00,inside in water 1,4CB13989-424F-31F7-E5C6-3C2FD749BFBE,-49,33.7,92.66,32.0,89.6,33.8,92.84,34.0,93.2,33.7,92.66,33.4,92.12,100.0
2026-08-29T00:30:33.414893+00:00,inside in water 1,4CB13989-424F-31F7-E5C6-3C2FD749BFBE,-49,33.7,92.66,32.0,89.6,33.8,92.84,34.0,93.2,33.7,92.66,33.4,92.12,100.0
2026-08-29T00:30:35.430952+00:00,inside in water 1,4CB13989-424F-31F7-E5C6-3C2FD749BFBE,-53,33.7,92.66,32.0,89.6,33.8,92.84,34.0,93.2,33.7,92.66,33.4,92.12,100.0
2026-08-29T00:30:37.442603+00:00,inside in water 1,4CB13989-424F-31F7-E5C6-3C2FD749BFBE,-53,33.2,91.76,31.7,89.06,33.4,92.12,33.6,92.48,33.2,91.76,32.9,91.22,100.0
2026-08-29T00:30:39.455872+00:00,inside in water 1,4CB13989-424F-31F7-E5C6-3C2FD749BFBE,-50,33.2,91.76,31.7,89.06,33.4,92.12,33.6,92.48,33.2,91.76,32.9,91.22,100.0
2026-08-29T00:30:41.464616+00:00,inside in water 1,4CB13989-424F-31F7-E5C6-3C2FD749BFBE,-61,33.0,91.4,31.6,88.88,33.2,91.76,33.4,92.12,33.0,91.4,32.7,90.86000000000001,100.0
2026-08-29T00:30:43.475919+00:00,inside in water 1,4CB13989-424F-31F7-E5C6-3C2FD749BFBE,-53,32.9,91.22,31.5,88.7,33.1,91.58000000000001,33.2,91.76,32.9,91.22,32.5,90.5,100.0
2026-08-29T00:30:45.483343+00:00,inside in water 1,4CB13989-424F-31F7-E5C6-3C2FD749BFBE,-51,32.8,91.03999999999999,31.5,88.7,33.0,91.4,33.2,91.76,32.8,91.03999999999999,32.4,90.32,100.0
2026-08-29T00:30:47.499527+00:00,inside in water 1,4CB13989-424F-31F7-E5C6-3C2FD749BFBE,-54,32.8,91.03999999999999,31.5,88.7,33.0,91.4,33.2,91.76,32.8,91.03999999999999,32.4,90.32,100.0
2026-08-29T00:30:49.505741+00:00,inside in water 1,4CB13989-424F-31F7-E5C6-3C2FD749BFBE,-54,32.7,90.86000000000001,31.4,88.52,32.9,91.22,33.0,91.4,32.7,90.86000000000001,32.3,90.13999999999999,100.0
2026-08-29T00:30:51.516156+00:00,inside in water 1,4CB13989-424F-31F7-E5C6-3C2FD749BFBE,-54,32.7,90.86000000000001,31.4,88.52,32.9,91.22,33.0,91.4,32.7,90.86000000000001,32.3,90.13999999999999,100.0
2026-08-29T00:30:53.529418+00:00,inside in water 1,4CB13989-424F-31F7-E5C6-3C2FD749BFBE,-54,32.7,90.86000000000001,31.4,88.52,32.9,91.22,33.0,91.4,32.7,90.86000000000001,32.3,90.13999999999999,100.0
2026-08-29T00:30:55.534346+00:00,inside in water 1,4CB13989-424F-31F7-E5C6-3C2FD749BFBE,-54,32.7,90.86000000000001,31.4,88.52,32.9,91.22,33.0,91.4,32.7,90.86000000000001,32.3,90.13999999999999,100.0
2026-08-29T00:30:57.553262+00:00,inside in water 1,4CB13989-424F-31F7-E5C6-3C2FD749BFBE,-54,32.7,90.86000000000001,31.4,88.52,32.9,91.22,33.0,91.4,32.7,90.86000000000001,32.3,90.13999999999999,100.0
2026-08-29T00:30:59.569461+00:00,inside in water 1,4CB13989-424F-31F7-E5C6-3C2FD749BFBE,-54,32.7,90.86000000000001,31.4,88.52,32.9,91.22,33.0,91.4,32.7,90.86000000000001,32.3,90.13999999999999,100.0
2026-08-29T00:31:01.590255+00:00,inside in water 1,4CB13989-424F-31F7-E5C6-3C2FD749BFBE,-54,32.7,90.86000000000001,31.4,88.52,32.9,91.22,33.0,91.4,32.7,90.86000000000001,32.3,90.13999999999999,100.0
2026-08-29T00:31:03.600684+00:00,inside in water 1,4CB13989-424F-31F7-E5C6-3C2FD749BFBE,-54,32.7,90.86000000000001,31.4,88.52,32.9,91.22,33.0,91.4,32.7,90.86000000000001,32.3,90.13999999999999,100.0
2026-08-29T00:31:05.611343+00:00,inside in water 1,4CB13989-424F-31F7-E5C6-3C2FD749BFBE,-54,32.0,89.6,31.4,88.52,32.3,90.13999999999999,32.4,90.32,32.0,89.6,31.7,89.06,100.0
2026-08-29T00:31:07.619463+00:00,inside in water 1,4CB13989-424F-31F7-E5C6-3C2FD749BFBE,-54,32.0,89.6,31.4,88.52,32.3,90.13999999999999,32.4,90.32,32.0,89.6,31.7,89.06,100.0
2026-08-29T00:31:09.634207+00:00,inside in water 1,4CB13989-424F-31F7-E5C6-3C2FD749BFBE,-54,32.0,89.6,31.4,88.52,32.3,90.13999999999999,32.4,90.32,32.0,89.6,31.7,89.06,100.0
2026-08-29T00:31:11.649466+00:00,inside in water 1,4CB13989-424F-31F7-E5C6-3C2FD749BFBE,-60,32.0,89.6,31.4,88.52,32.3,90.13999999999999,32.4,90.32,32.0,89.6,31.7,89.06,100.0
2026-08-29T00:31:13.657581+00:00,inside in water 1,4CB13989-424F-31F7-E5C6-3C2FD749BFBE,-63,31.6,88.88,31.0,87.80000000000001,31.9,89.42,32.1,89.78,31.6,88.88,31.4,88.52,100.0
2026-08-29T00:31:15.670774+00:00,inside in water 1,4CB13989-424F-31F7-E5C6-3C2FD749BFBE,-54,31.6,88.88,31.2,88.16,31.9,89.42,32.0,89.6,31.6,88.88,31.3,88.34,100.0
2026-08-29T00:31:17.681551+00:00,inside in water 1,4CB13989-424F-31F7-E5C6-3C2FD749BFBE,-54,31.6,88.88,31.2,88.16,31.9,89.42,32.0,89.6,31.6,88.88,31.3,88.34,100.0
2026-08-29T00:31:19.689182+00:00,inside in water 1,4CB13989-424F-31F7-E5C6-3C2FD749BFBE,-54,31.6,88.88,31.2,88.16,31.9,89.42,32.0,89.6,31.6,88.88,31.3,88.34,100.0
2026-08-29T00:31:21.703696+00:00,inside in water 1,4CB13989-424F-31F7-E5C6-3C2FD749BFBE,-59,31.4,88.52,30.9,87.62,31.7,89.06,31.8,89.24000000000001,31.4,88.52,31.2,88.16,100.0
2026-08-29T00:31:23.715841+00:00,inside in water 1,4CB13989-424F-31F7-E5C6-3C2FD749BFBE,-63,31.3,88.34,30.9,87.62,31.6,88.88,31.7,89.06,31.3,88.34,31.1,87.98,100.0
2026-08-29T00:31:25.722763+00:00,inside in water 1,4CB13989-424F-31F7-E5C6-3C2FD749BFBE,-63,31.3,88.34,30.9,87.62,31.6,88.88,31.7,89.06,31.3,88.34,31.1,87.98,100.0
2026-08-29T00:31:27.732298+00:00,inside in water 1,4CB13989-424F-31F7-E5C6-3C2FD749BFBE,-63,31.3,88.34,30.9,87.62,31.6,88.88,31.7,89.06,31.3,88.34,31.1,87.98,100.0
2026-08-29T00:31:29.739044+00:00,inside in water 1,4CB13989-424F-31F7-E5C6-3C2FD749BFBE,-60,31.1,87.98,30.8,87.44,31.4,88.52,31.5,88.7,31.1,87.98,31.0,87.80000000000001,100.0
2026-08-29T00:31:31.748955+00:00,inside in water 1,4CB13989-424F-31F7-E5C6-3C2FD749BFBE,-61,31.1,87.98,30.7,87.25999999999999,31.4,88.52,31.5,88.7,31.1,87.98,30.9,87.62,100.0
2026-08-29T00:31:33.757028+00:00,inside in water 1,4CB13989-424F-31F7-E5C6-3C2FD749BFBE,-61,31.1,87.98,30.7,87.25999999999999,31.4,88.52,31.5,88.7,31.1,87.98,30.9,87.62,100.0
2026-08-29T00:31:35.766372+00:00,inside in water 1,4CB13989-424F-31F7-E5C6-3C2FD749BFBE,-61,31.1,87.98,30.7,87.25999999999999,31.4,88.52,31.5,88.7,31.1,87.98,30.9,87.62,100.0
2026-08-29T00:31:37.779600+00:00,inside in water 1,4CB13989-424F-31F7-E5C6-3C2FD749BFBE,-61,31.1,87.98,30.7,87.25999999999999,31.4,88.52,31.5,88.7,31.1,87.98,30.9,87.62,100.0
2026-08-29T00:31:39.786929+00:00,inside in water 1,4CB13989-424F-31F7-E5C6-3C2FD749BFBE,-63,30.8,87.44,30.6,87.08000000000001,31.1,87.98,31.2,88.16,30.8,87.44,30.7,87.25999999999999,100.0
2026-08-29T00:31:41.799079+00:00,inside in water 1,4CB13989-424F-31F7-E5C6-3C2FD749BFBE,-63,30.8,87.44,30.6,87.08000000000001,31.1,87.98,31.2,88.16,30.8,87.44,30.7,87.25999999999999,100.0
2026-08-29T00:31:43.807081+00:00,inside in water 1,4CB13989-424F-31F7-E5C6-3C2FD749BFBE,-63,30.8,87.44,30.6,87.08000000000001,31.1,87.98,31.2,88.16,30.8,87.44,30.7,87.25999999999999,100.0
2026-08-29T00:31:45.817619+00:00,inside in water 1,4CB13989-424F-31F7-E5C6-3C2FD749BFBE,-63,30.8,87.44,30.6,87.08000000000001,31.1,87.98,31.2,88.16,30.8,87.44,30.7,87.25999999999999,100.0
2026-08-29T00:31:47.829548+00:00,inside in water 1,4CB13989-424F-31F7-E5C6-3C2FD749BFBE,-59,30.6,87.08000000000001,30.5,86.9,30.9,87.62,31.0,87.80000000000001,30.6,87.08000000000001,30.5,86.9,100.0
2026-08-29T00:31:49.878228+00:00,inside in water 1,4CB13989-424F-31F7-E5C6-3C2FD749BFBE,-62,30.6,87.08000000000001,30.6,87.08000000000001,30.9,87.62,31.0,87.80000000000001,30.6,87.08000000000001,30.5,86.9,100.0
2026-08-29T00:31:51.888094+00:00,inside in water 1,4CB13989-424F-31F7-E5C6-3C2FD749BFBE,-62,30.6,87.08000000000001,30.6,87.08000000000001,30.9,87.62,31.0,87.80000000000001,30.6,87.08000000000001,30.5,86.9,100.0
2026-08-29T00:31:53.898145+00:00,inside in water 1,4CB13989-424F-31F7-E5C6-3C2FD749BFBE,-62,30.6,87.08000000000001,30.6,87.08000000000001,30.9,87.62,31.0,87.80000000000001,30.6,87.08000000000001,30.5,86.9,100.0
2026-08-29T00:31:55.905203+00:00,inside in water 1,4CB13989-424F-31F7-E5C6-3C2FD749BFBE,-62,30.6,87.08000000000001,30.6,87.08000000000001,30.9,87.62,31.0,87.80000000000001,30.6,87.08000000000001,30.5,86.9,100.0
2026-08-29T00:31:57.922648+00:00,inside in water 1,4CB13989-424F-31F7-E5C6-3C2FD749BFBE,-78,30.4,86.72,30.5,86.9,30.7,87.25999999999999,30.8,87.44,30.4,86.72,30.3,86.53999999999999,100.0
2026-08-29T00:31:59.933396+00:00,inside in water 1,4CB13989-424F-31F7-E5C6-3C2FD749BFBE,-80,30.3,86.53999999999999,30.3,86.53999999999999,30.6,87.08000000000001,30.7,87.25999999999999,30.3,86.53999999999999,30.3,86.53999999999999,100.0
2026-08-29T00:32:01.938165+00:00,inside in water 1,4CB13989-424F-31F7-E5C6-3C2FD749BFBE,-80,30.3,86.53999999999999,30.3,86.53999999999999,30.6,87.08000000000001,30.7,87.25999999999999,30.3,86.53999999999999,30.3,86.53999999999999,100.0
2026-08-29T00:32:03.949767+00:00,inside in water 1,4CB13989-424F-31F7-E5C6-3C2FD749BFBE,-82,30.3,86.53999999999999,30.3,86.53999999999999,30.6,87.08000000000001,30.7,87.25999999999999,30.3,86.53999999999999,30.3,86.53999999999999,100.0
2026-08-29T00:32:05.961603+00:00,inside in water 1,4CB13989-424F-31F7-E5C6-3C2FD749BFBE,-61,30.2,86.36,30.2,86.36,30.5,86.9,30.6,87.08000000000001,30.2,86.36,30.2,86.36,100.0
2026-08-29T00:32:07.970295+00:00,inside in water 1,4CB13989-424F-31F7-E5C6-3C2FD749BFBE,-57,30.2,86.36,30.2,86.36,30.4,86.72,30.5,86.9,30.2,86.36,30.1,86.18,100.0
2026-08-29T00:32:09.986919+00:00,inside in water 1,4CB13989-424F-31F7-E5C6-3C2FD749BFBE,-57,30.2,86.36,30.2,86.36,30.4,86.72,30.5,86.9,30.2,86.36,30.1,86.18,100.0
2026-08-29T00:32:12.018209+00:00,inside in water 1,4CB13989-424F-31F7-E5C6-3C2FD749BFBE,-57,30.2,86.36,30.2,86.36,30.4,86.72,30.5,86.9,30.2,86.36,30.1,86.18,100.0
2026-08-29T00:32:14.031628+00:00,inside in water 1,4CB13989-424F-31F7-E5C6-3C2FD749BFBE,-64,30.0,86.0,30.1,86.18,30.3,86.53999999999999,30.3,86.53999999999999,30.0,86.0,30.0,86.0,100.0
2026-08-29T00:32:16.047576+00:00,inside in water 1,4CB13989-424F-31F7-E5C6-3C2FD749BFBE,-64,30.0,86.0,30.1,86.18,30.3,86.53999999999999,30.3,86.53999999999999,30.0,86.0,30.0,86.0,100.0
2026-08-29T00:32:18.059880+00:00,inside in water 1,4CB13989-424F-31F7-E5C6-3C2FD749BFBE,-52,29.9,85.82,30.2,86.36,30.1,86.18,30.2,86.36,29.9,85.82,30.0,86.0,100.0
2026-08-29T00:32:20.069152+00:00,inside in water 1,4CB13989-424F-31F7-E5C6-3C2FD749BFBE,-50,29.9,85.82,30.1,86.18,30.1,86.18,30.2,86.36,29.9,85.82,30.0,86.0,100.0
2026-08-29T00:32:22.080165+00:00,inside in water 1,4CB13989-424F-31F7-E5C6-3C2FD749BFBE,-50,29.9,85.82,30.1,86.18,30.1,86.18,30.2,86.36,29.9,85.82,30.0,86.0,100.0
2026-08-29T00:32:24.086357+00:00,inside in water 1,4CB13989-424F-31F7-E5C6-3C2FD749BFBE,-54,29.9,85.82,30.2,86.36,30.1,86.18,30.1,86.18,29.9,85.82,29.9,85.82,100.0
2026-08-29T00:32:26.092071+00:00,inside in water 1,4CB13989-424F-31F7-E5C6-3C2FD749BFBE,-53,29.8,85.64,30.1,86.18,30.0,86.0,30.1,86.18,29.8,85.64,29.8,85.64,100.0
2026-08-29T00:32:28.098492+00:00,inside in water 1,4CB13989-424F-31F7-E5C6-3C2FD749BFBE,-53,29.8,85.64,30.1,86.18,30.0,86.0,30.1,86.18,29.8,85.64,29.8,85.64,100.0
2026-08-29T00:32:30.104727+00:00,inside in water 1,4CB13989-424F-31F7-E5C6-3C2FD749BFBE,-53,29.8,85.64,30.1,86.18,30.0,86.0,30.1,86.18,29.8,85.64,29.8,85.64,100.0
2026-08-29T00:32:32.118351+00:00,inside in water 1,4CB13989-424F-31F7-E5C6-3C2FD749BFBE,-53,29.8,85.64,30.1,86.18,30.0,86.0,30.1,86.18,29.8,85.64,29.8,85.64,100.0
2026-08-29T00:32:34.127985+00:00,inside in water 1,4CB13989-424F-31F7-E5C6-3C2FD749BFBE,-57,29.6,85.28,30.0,86.0,29.9,85.82,29.9,85.82,29.6,85.28,29.7,85.46000000000001,100.0
2026-08-29T00:32:36.138271+00:00,inside in water 1,4CB13989-424F-31F7-E5C6-3C2FD749BFBE,-57,29.6,85.28,30.0,86.0,29.9,85.82,29.9,85.82,29.6,85.28,29.7,85.46000000000001,100.0
2026-08-29T00:32:38.149560+00:00,inside in water 1,4CB13989-424F-31F7-E5C6-3C2FD749BFBE,-57,29.6,85.28,30.0,86.0,29.9,85.82,29.9,85.82,29.6,85.28,29.7,85.46000000000001,100.0
2026-08-29T00:32:40.164585+00:00,inside in water 1,4CB13989-424F-31F7-E5C6-3C2FD749BFBE,-52,29.6,85.28,29.9,85.82,29.7,85.46000000000001,29.8,85.64,29.6,85.28,29.6,85.28,100.0
2026-08-29T00:32:42.172821+00:00,inside in water 1,4CB13989-424F-31F7-E5C6-3C2FD749BFBE,-50,29.5,85.1,29.9,85.82,29.7,85.46000000000001,29.8,85.64,29.5,85.1,29.6,85.28,100.0
2026-08-29T00:32:44.184931+00:00,inside in water 1,4CB13989-424F-31F7-E5C6-3C2FD749BFBE,-52,29.5,85.1,29.9,85.82,29.7,85.46000000000001,29.8,85.64,29.5,85.1,29.6,85.28,100.0
2026-08-29T00:32:46.194083+00:00,inside in water 1,4CB13989-424F-31F7-E5C6-3C2FD749BFBE,-52,29.5,85.1,29.9,85.82,29.7,85.46000000000001,29.8,85.64,29.5,85.1,29.6,85.28,100.0
2026-08-29T00:32:48.203989+00:00,inside in water 1,4CB13989-424F-31F7-E5C6-3C2FD749BFBE,-52,29.4,84.92,30.0,86.0,29.6,85.28,29.7,85.46000000000001,29.4,84.92,29.5,85.1,100.0
2026-08-29T00:32:50.218428+00:00,inside in water 1,4CB13989-424F-31F7-E5C6-3C2FD749BFBE,-53,29.4,84.92,29.8,85.64,29.5,85.1,29.6,85.28,29.4,84.92,29.5,85.1,100.0
2026-08-29T00:32:52.232325+00:00,inside in water 1,4CB13989-424F-31F7-E5C6-3C2FD749BFBE,-53,29.4,84.92,29.8,85.64,29.5,85.1,29.6,85.28,29.4,84.92,29.5,85.1,100.0
2026-08-29T00:32:54.244988+00:00,inside in water 1,4CB13989-424F-31F7-E5C6-3C2FD749BFBE,-50,29.3,84.74000000000001,29.8,85.64,29.5,85.1,29.5,85.1,29.3,84.74000000000001,29.4,84.92,100.0
2026-08-29T00:32:56.333453+00:00,inside in water 1,4CB13989-424F-31F7-E5C6-3C2FD749BFBE,-50,29.3,84.74000000000001,29.8,85.64,29.5,85.1,29.5,85.1,29.3,84.74000000000001,29.4,84.92,100.0
2026-08-29T00:32:58.403623+00:00,inside in water 1,4CB13989-424F-31F7-E5C6-3C2FD749BFBE,-50,29.3,84.74000000000001,29.8,85.64,29.5,85.1,29.5,85.1,29.3,84.74000000000001,29.4,84.92,100.0
2026-08-29T00:33:00.417185+00:00,inside in water 1,4CB13989-424F-31F7-E5C6-3C2FD749BFBE,-50,29.3,84.74000000000001,29.8,85.64,29.5,85.1,29.5,85.1,29.3,84.74000000000001,29.4,84.92,100.0
2026-08-29T00:33:02.424576+00:00,inside in water 1,4CB13989-424F-31F7-E5C6-3C2FD749BFBE,-81,29.2,84.56,29.7,85.46000000000001,29.3,84.74000000000001,29.4,84.92,29.2,84.56,29.3,84.74000000000001,100.0
2026-08-29T00:33:04.434834+00:00,inside in water 1,4CB13989-424F-31F7-E5C6-3C2FD749BFBE,-81,29.2,84.56,29.7,85.46000000000001,29.3,84.74000000000001,29.4,84.92,29.2,84.56,29.3,84.74000000000001,100.0
2026-08-29T00:33:06.448088+00:00,inside in water 1,4CB13989-424F-31F7-E5C6-3C2FD749BFBE,-81,29.2,84.56,29.7,85.46000000000001,29.3,84.74000000000001,29.4,84.92,29.2,84.56,29.3,84.74000000000001,100.0
2026-08-29T00:33:08.456476+00:00,inside in water 1,4CB13989-424F-31F7-E5C6-3C2FD749BFBE,-81,29.2,84.56,29.7,85.46000000000001,29.3,84.74000000000001,29.4,84.92,29.2,84.56,29.3,84.74000000000001,100.0
2026-08-29T00:33:10.465906+00:00,inside in water 1,4CB13989-424F-31F7-E5C6-3C2FD749BFBE,-69,29.0,84.2,29.5,85.1,29.2,84.56,29.3,84.74000000000001,29.0,84.2,29.2,84.56,100.0
2026-08-29T00:33:12.473100+00:00,inside in water 1,4CB13989-424F-31F7-E5C6-3C2FD749BFBE,-69,29.0,84.2,29.5,85.1,29.2,84.56,29.3,84.74000000000001,29.0,84.2,29.2,84.56,100.0
2026-08-29T00:33:14.482707+00:00,inside in water 1,4CB13989-424F-31F7-E5C6-3C2FD749BFBE,-69,29.0,84.2,29.5,85.1,29.2,84.56,29.3,84.74000000000001,29.0,84.2,29.2,84.56,100.0
2026-08-29T00:33:16.490954+00:00,inside in water 1,4CB13989-424F-31F7-E5C6-3C2FD749BFBE,-69,29.0,84.2,29.5,85.1,29.2,84.56,29.3,84.74000000000001,29.0,84.2,29.2,84.56,100.0
2026-08-29T00:33:18.500834+00:00,inside in water 1,4CB13989-424F-31F7-E5C6-3C2FD749BFBE,-69,29.0,84.2,29.5,85.1,29.2,84.56,29.3,84.74000000000001,29.0,84.2,29.2,84.56,100.0
2026-08-29T00:33:20.509292+00:00,inside in water 1,4CB13989-424F-31F7-E5C6-3C2FD749BFBE,127,28.9,84.02,29.5,85.1,29.1,84.38,29.1,84.38,28.9,84.02,29.1,84.38,100.0
2026-08-29T00:33:22.519262+00:00,inside in water 1,4CB13989-424F-31F7-E5C6-3C2FD749BFBE,127,28.9,84.02,29.5,85.1,29.1,84.38,29.1,84.38,28.9,84.02,29.1,84.38,100.0
2026-08-29T00:33:24.529694+00:00,inside in water 1,4CB13989-424F-31F7-E5C6-3C2FD749BFBE,-50,28.9,84.02,29.4,84.92,29.0,84.2,29.1,84.38,28.9,84.02,29.0,84.2,100.0
2026-08-29T00:33:26.536370+00:00,inside in water 1,4CB13989-424F-31F7-E5C6-3C2FD749BFBE,-50,28.9,84.02,29.4,84.92,29.0,84.2,29.1,84.38,28.9,84.02,29.0,84.2,100.0
2026-08-29T00:33:28.553939+00:00,inside in water 1,4CB13989-424F-31F7-E5C6-3C2FD749BFBE,-57,28.9,84.02,29.4,84.92,29.0,84.2,29.1,84.38,28.9,84.02,29.0,84.2,100.0
2026-08-29T00:33:30.571662+00:00,inside in water 1,4CB13989-424F-31F7-E5C6-3C2FD749BFBE,-57,28.9,84.02,29.4,84.92,29.0,84.2,29.1,84.38,28.9,84.02,29.0,84.2,100.0
2026-08-29T00:33:32.588138+00:00,inside in water 1,4CB13989-424F-31F7-E5C6-3C2FD749BFBE,-57,28.9,84.02,29.4,84.92,29.0,84.2,29.1,84.38,28.9,84.02,29.0,84.2,100.0
2026-08-29T00:33:34.600044+00:00,inside in water 1,4CB13989-424F-31F7-E5C6-3C2FD749BFBE,-50,28.7,83.66,29.3,84.74000000000001,28.8,83.84,28.9,84.02,28.7,83.66,28.9,84.02,100.0
2026-08-29T00:33:36.607957+00:00,inside in water 1,4CB13989-424F-31F7-E5C6-3C2FD749BFBE,-52,28.7,83.66,29.4,84.92,28.8,83.84,28.9,84.02,28.7,83.66,28.9,84.02,100.0
2026-08-29T00:33:38.615554+00:00,inside in water 1,4CB13989-424F-31F7-E5C6-3C2FD749BFBE,-53,28.7,83.66,29.3,84.74000000000001,28.8,83.84,28.9,84.02,28.7,83.66,28.9,84.02,100.0
2026-08-29T00:33:40.622593+00:00,inside in water 1,4CB13989-424F-31F7-E5C6-3C2FD749BFBE,-58,28.7,83.66,29.3,84.74000000000001,28.8,83.84,28.8,83.84,28.7,83.66,28.9,84.02,100.0
2026-08-29T00:33:42.630839+00:00,inside in water 1,4CB13989-424F-31F7-E5C6-3C2FD749BFBE,-58,28.7,83.66,29.3,84.74000000000001,28.8,83.84,28.8,83.84,28.7,83.66,28.9,84.02,100.0
2026-08-29T00:33:44.638221+00:00,inside in water 1,4CB13989-424F-31F7-E5C6-3C2FD749BFBE,-58,28.7,83.66,29.3,84.74000000000001,28.8,83.84,28.8,83.84,28.7,83.66,28.9,84.02,100.0
2026-08-29T00:33:46.649397+00:00,inside in water 1,4CB13989-424F-31F7-E5C6-3C2FD749BFBE,-50,28.6,83.48,29.2,84.56,28.7,83.66,28.8,83.84,28.6,83.48,28.8,83.84,100.0
2026-08-29T00:33:48.656725+00:00,inside in water 1,4CB13989-424F-31F7-E5C6-3C2FD749BFBE,-52,28.6,83.48,29.2,84.56,28.7,83.66,28.7,83.66,28.6,83.48,28.8,83.84,100.0
2026-08-29T00:33:50.666852+00:00,inside in water 1,4CB13989-424F-31F7-E5C6-3C2FD749BFBE,-53,28.5,83.30000000000001,29.1,84.38,28.6,83.48,28.7,83.66,28.5,83.30000000000001,28.8,83.84,100.0
2026-08-29T00:33:52.673986+00:00,inside in water 1,4CB13989-424F-31F7-E5C6-3C2FD749BFBE,-74,28.5,83.30000000000001,29.3,84.74000000000001,28.6,83.48,28.7,83.66,28.5,83.30000000000001,28.7,83.66,100.0
2026-08-29T00:33:54.684320+00:00,inside in water 1,4CB13989-424F-31F7-E5C6-3C2FD749BFBE,-50,28.5,83.30000000000001,29.3,84.74000000000001,28.6,83.48,28.7,83.66,28.5,83.30000000000001,28.7,83.66,100.0
2026-08-29T00:33:56.692668+00:00,inside in water 1,4CB13989-424F-31F7-E5C6-3C2FD749BFBE,-50,28.5,83.30000000000001,29.3,84.74000000000001,28.6,83.48,28.7,83.66,28.5,83.30000000000001,28.7,83.66,100.0
2026-08-29T00:33:58.703376+00:00,inside in water 1,4CB13989-424F-31F7-E5C6-3C2FD749BFBE,-50,28.5,83.30000000000001,29.3,84.74000000000001,28.6,83.48,28.7,83.66,28.5,83.30000000000001,28.7,83.66,100.0
2026-08-29T00:34:00.713114+00:00,inside in water 1,4CB13989-424F-31F7-E5C6-3C2FD749BFBE,-53,28.4,83.12,29.2,84.56,28.5,83.30000000000001,28.6,83.48,28.4,83.12,28.7,83.66,100.0
2026-08-29T00:34:02.716577+00:00,inside in water 1,4CB13989-424F-31F7-E5C6-3C2FD749BFBE,-52,28.4,83.12,29.2,84.56,28.5,83.30000000000001,28.6,83.48,28.4,83.12,28.7,83.66,100.0
2026-08-29T00:34:04.724459+00:00,inside in water 1,4CB13989-424F-31F7-E5C6-3C2FD749BFBE,-53,28.4,83.12,29.0,84.2,28.5,83.30000000000001,28.5,83.30000000000001,28.4,83.12,28.6,83.48,100.0
2026-08-29T00:34:06.734997+00:00,inside in water 1,4CB13989-424F-31F7-E5C6-3C2FD749BFBE,-53,28.4,83.12,29.0,84.2,28.5,83.30000000000001,28.5,83.30000000000001,28.4,83.12,28.6,83.48,100.0
2026-08-29T00:34:08.743576+00:00,inside in water 1,4CB13989-424F-31F7-E5C6-3C2FD749BFBE,-53,28.4,83.12,29.0,84.2,28.5,83.30000000000001,28.5,83.30000000000001,28.4,83.12,28.6,83.48,100.0
2026-08-29T00:34:10.752342+00:00,inside in water 1,4CB13989-424F-31F7-E5C6-3C2FD749BFBE,-52,28.3,82.94,29.0,84.2,28.4,83.12,28.5,83.30000000000001,28.3,82.94,28.6,83.48,100.0
2026-08-29T00:34:12.767984+00:00,inside in water 1,4CB13989-424F-31F7-E5C6-3C2FD749BFBE,-52,28.3,82.94,29.0,84.2,28.4,83.12,28.5,83.30000000000001,28.3,82.94,28.6,83.48,100.0
2026-08-29T00:34:14.781507+00:00,inside in water 1,4CB13989-424F-31F7-E5C6-3C2FD749BFBE,-52,28.3,82.94,29.0,84.2,28.4,83.12,28.5,83.30000000000001,28.3,82.94,28.6,83.48,100.0
2026-08-29T00:34:16.814239+00:00,inside in water 1,4CB13989-424F-31F7-E5C6-3C2FD749BFBE,-52,28.3,82.94,29.0,84.2,28.4,83.12,28.5,83.30000000000001,28.3,82.94,28.6,83.48,100.0
2026-08-29T00:34:18.822335+00:00,inside in water 1,4CB13989-424F-31F7-E5C6-3C2FD749BFBE,-53,28.3,82.94,29.0,84.2,28.4,83.12,28.5,83.30000000000001,28.3,82.94,28.6,83.48,100.0
2026-08-29T00:34:20.836165+00:00,inside in water 1,4CB13989-424F-31F7-E5C6-3C2FD749BFBE,-53,28.3,82.94,29.0,84.2,28.4,83.12,28.5,83.30000000000001,28.3,82.94,28.6,83.48,100.0
2026-08-29T00:34:22.847213+00:00,inside in water 1,4CB13989-424F-31F7-E5C6-3C2FD749BFBE,-53,28.3,82.94,29.0,84.2,28.4,83.12,28.5,83.30000000000001,28.3,82.94,28.6,83.48,100.0
2026-08-29T00:34:24.855803+00:00,inside in water 1,4CB13989-424F-31F7-E5C6-3C2FD749BFBE,-53,28.3,82.94,29.0,84.2,28.4,83.12,28.5,83.30000000000001,28.3,82.94,28.6,83.48,100.0
2026-08-29T00:34:26.880350+00:00,inside in water 1,4CB13989-424F-31F7-E5C6-3C2FD749BFBE,-50,28.2,82.75999999999999,28.9,84.02,28.2,82.75999999999999,28.3,82.94,28.2,82.75999999999999,28.5,83.30000000000001,100.0
2026-08-29T00:34:28.887869+00:00,inside in water 1,4CB13989-424F-31F7-E5C6-3C2FD749BFBE,-50,28.2,82.75999999999999,28.9,84.02,28.2,82.75999999999999,28.3,82.94,28.2,82.75999999999999,28.5,83.30000000000001,100.0
2026-08-29T00:34:30.902551+00:00,inside in water 1,4CB13989-424F-31F7-E5C6-3C2FD749BFBE,-50,28.2,82.75999999999999,28.9,84.02,28.2,82.75999999999999,28.3,82.94,28.2,82.75999999999999,28.5,83.30000000000001,100.0
2026-08-29T00:34:32.915231+00:00,inside in water 1,4CB13989-424F-31F7-E5C6-3C2FD749BFBE,-52,28.1,82.58000000000001,29.1,84.38,28.2,82.75999999999999,28.3,82.94,28.1,82.58000000000001,28.4,83.12,100.0
2026-08-29T00:34:34.923920+00:00,inside in water 1,4CB13989-424F-31F7-E5C6-3C2FD749BFBE,-50,28.1,82.58000000000001,28.8,83.84,28.2,82.75999999999999,28.2,82.75999999999999,28.1,82.58000000000001,28.4,83.12,100.0
2026-08-29T00:34:36.933663+00:00,inside in water 1,4CB13989-424F-31F7-E5C6-3C2FD749BFBE,-52,28.1,82.58000000000001,29.0,84.2,28.2,82.75999999999999,28.2,82.75999999999999,28.1,82.58000000000001,28.4,83.12,100.0
2026-08-29T00:34:38.940224+00:00,inside in water 1,4CB13989-424F-31F7-E5C6-3C2FD749BFBE,-52,28.1,82.58000000000001,29.0,84.2,28.2,82.75999999999999,28.2,82.75999999999999,28.1,82.58000000000001,28.4,83.12,100.0
2026-08-29T00:34:40.945059+00:00,inside in water 1,4CB13989-424F-31F7-E5C6-3C2FD749BFBE,-50,28.1,82.58000000000001,29.0,84.2,28.2,82.75999999999999,28.2,82.75999999999999,28.1,82.58000000000001,28.4,83.12,100.0
2026-08-29T00:34:42.983527+00:00,inside in water 1,4CB13989-424F-31F7-E5C6-3C2FD749BFBE,-52,28.0,82.4,28.9,84.02,28.1,82.58000000000001,28.2,82.75999999999999,28.0,82.4,28.3,82.94,100.0
2026-08-29T00:34:44.992104+00:00,inside in water 1,4CB13989-424F-31F7-E5C6-3C2FD749BFBE,-58,28.0,82.4,28.9,84.02,28.1,82.58000000000001,28.2,82.75999999999999,28.0,82.4,28.3,82.94,100.0
2026-08-29T00:34:47.010666+00:00,inside in water 1,4CB13989-424F-31F7-E5C6-3C2FD749BFBE,-58,28.0,82.4,28.9,84.02,28.1,82.58000000000001,28.2,82.75999999999999,28.0,82.4,28.3,82.94,100.0
2026-08-29T00:34:49.023367+00:00,inside in water 1,4CB13989-424F-31F7-E5C6-3C2FD749BFBE,-58,28.0,82.4,28.9,84.02,28.1,82.58000000000001,28.2,82.75999999999999,28.0,82.4,28.3,82.94,100.0
2026-08-29T00:34:51.036910+00:00,inside in water 1,4CB13989-424F-31F7-E5C6-3C2FD749BFBE,-52,28.0,82.4,28.5,83.30000000000001,28.0,82.4,28.1,82.58000000000001,28.0,82.4,28.3,82.94,100.0
2026-08-29T00:34:53.048390+00:00,inside in water 1,4CB13989-424F-31F7-E5C6-3C2FD749BFBE,-53,28.0,82.4,28.8,83.84,28.0,82.4,28.1,82.58000000000001,28.0,82.4,28.2,82.75999999999999,100.0
2026-08-29T00:34:55.055989+00:00,inside in water 1,4CB13989-424F-31F7-E5C6-3C2FD749BFBE,-53,28.0,82.4,28.8,83.84,28.0,82.4,28.1,82.58000000000001,28.0,82.4,28.2,82.75999999999999,100.0
2026-08-29T00:34:57.069305+00:00,inside in water 1,4CB13989-424F-31F7-E5C6-3C2FD749BFBE,-53,28.0,82.4,28.8,83.84,28.0,82.4,28.1,82.58000000000001,28.0,82.4,28.2,82.75999999999999,100.0
2026-08-29T00:34:59.079890+00:00,inside in water 1,4CB13989-424F-31F7-E5C6-3C2FD749BFBE,-52,27.9,82.22,28.6,83.48,28.0,82.4,28.0,82.4,27.9,82.22,28.2,82.75999999999999,100.0
2026-08-29T00:35:01.087487+00:00,inside in water 1,4CB13989-424F-31F7-E5C6-3C2FD749BFBE,-52,27.9,82.22,28.6,83.48,28.0,82.4,28.0,82.4,27.9,82.22,28.2,82.75999999999999,100.0
2026-08-29T00:35:03.099382+00:00,inside in water 1,4CB13989-424F-31F7-E5C6-3C2FD749BFBE,-80,27.9,82.22,28.6,83.48,27.9,82.22,28.0,82.4,27.9,82.22,28.2,82.75999999999999,100.0
2026-08-29T00:35:05.107443+00:00,inside in water 1,4CB13989-424F-31F7-E5C6-3C2FD749BFBE,-80,27.9,82.22,28.6,83.48,27.9,82.22,28.0,82.4,27.9,82.22,28.2,82.75999999999999,100.0
2026-08-29T00:35:07.117876+00:00,inside in water 1,4CB13989-424F-31F7-E5C6-3C2FD749BFBE,-53,27.8,82.03999999999999,28.9,84.02,27.9,82.22,28.0,82.4,27.8,82.03999999999999,28.1,82.58000000000001,100.0
2026-08-29T00:35:09.126366+00:00,inside in water 1,4CB13989-424F-31F7-E5C6-3C2FD749BFBE,-50,27.8,82.03999999999999,28.9,84.02,27.9,82.22,28.0,82.4,27.8,82.03999999999999,28.1,82.58000000000001,100.0
2026-08-29T00:35:11.135974+00:00,inside in water 1,4CB13989-424F-31F7-E5C6-3C2FD749BFBE,-52,27.8,82.03999999999999,28.4,83.12,27.9,82.22,27.9,82.22,27.8,82.03999999999999,28.1,82.58000000000001,100.0
2026-08-29T00:35:13.141308+00:00,inside in water 1,4CB13989-424F-31F7-E5C6-3C2FD749BFBE,-53,27.8,82.03999999999999,28.4,83.12,27.9,82.22,27.9,82.22,27.8,82.03999999999999,28.1,82.58000000000001,100.0
2026-08-29T00:35:15.166033+00:00,inside in water 1,4CB13989-424F-31F7-E5C6-3C2FD749BFBE,-53,27.8,82.03999999999999,28.5,83.30000000000001,27.8,82.03999999999999,27.9,82.22,27.8,82.03999999999999,28.1,82.58000000000001,100.0
2026-08-29T00:35:17.182734+00:00,inside in water 1,4CB13989-424F-31F7-E5C6-3C2FD749BFBE,-50,27.8,82.03999999999999,28.3,82.94,27.8,82.03999999999999,27.9,82.22,27.8,82.03999999999999,28.1,82.58000000000001,100.0
2026-08-29T00:35:19.191579+00:00,inside in water 1,4CB13989-424F-31F7-E5C6-3C2FD749BFBE,-50,27.8,82.03999999999999,28.3,82.94,27.8,82.03999999999999,27.9,82.22,27.8,82.03999999999999,28.1,82.58000000000001,100.0
2026-08-29T00:35:21.200310+00:00,inside in water 1,4CB13989-424F-31F7-E5C6-3C2FD749BFBE,-53,27.8,82.03999999999999,28.3,82.94,27.8,82.03999999999999,27.9,82.22,27.8,82.03999999999999,28.1,82.58000000000001,100.0
2026-08-29T00:35:23.215195+00:00,inside in water 1,4CB13989-424F-31F7-E5C6-3C2FD749BFBE,-53,27.8,82.03999999999999,28.3,82.94,27.8,82.03999999999999,27.9,82.22,27.8,82.03999999999999,28.1,82.58000000000001,100.0
2026-08-29T00:35:25.222919+00:00,inside in water 1,4CB13989-424F-31F7-E5C6-3C2FD749BFBE,-52,27.8,82.03999999999999,28.3,82.94,27.8,82.03999999999999,27.9,82.22,27.8,82.03999999999999,28.1,82.58000000000001,100.0
2026-08-29T00:35:27.233627+00:00,inside in water 1,4CB13989-424F-31F7-E5C6-3C2FD749BFBE,-53,27.7,81.86,28.4,83.12,27.7,81.86,27.8,82.03999999999999,27.7,81.86,28.0,82.4,100.0
2026-08-29T00:35:29.246781+00:00,inside in water 1,4CB13989-424F-31F7-E5C6-3C2FD749BFBE,-52,27.6,81.68,28.5,83.30000000000001,27.7,81.86,27.8,82.03999999999999,27.6,81.68,28.0,82.4,100.0
2026-08-29T00:35:31.255662+00:00,inside in water 1,4CB13989-424F-31F7-E5C6-3C2FD749BFBE,-52,27.6,81.68,28.5,83.30000000000001,27.7,81.86,27.8,82.03999999999999,27.6,81.68,28.0,82.4,100.0
2026-08-29T00:35:33.265197+00:00,inside in water 1,4CB13989-424F-31F7-E5C6-3C2FD749BFBE,-52,27.6,81.68,28.2,82.75999999999999,27.7,81.86,27.8,82.03999999999999,27.6,81.68,27.9,82.22,100.0
2026-08-29T00:35:35.273820+00:00,inside in water 1,4CB13989-424F-31F7-E5C6-3C2FD749BFBE,-53,27.6,81.68,28.4,83.12,27.7,81.86,27.7,81.86,27.6,81.68,27.9,82.22,100.0
2026-08-29T00:35:37.283410+00:00,inside in water 1,4CB13989-424F-31F7-E5C6-3C2FD749BFBE,-52,27.6,81.68,28.3,82.94,27.6,81.68,27.7,81.86,27.6,81.68,27.9,82.22,100.0
2026-08-29T00:35:39.292402+00:00,inside in water 1,4CB13989-424F-31F7-E5C6-3C2FD749BFBE,-52,27.6,81.68,28.3,82.94,27.6,81.68,27.7,81.86,27.6,81.68,27.9,82.22,100.0
2026-08-29T00:35:41.301106+00:00,inside in water 1,4CB13989-424F-31F7-E5C6-3C2FD749BFBE,-52,27.6,81.68,28.3,82.94,27.6,81.68,27.7,81.86,27.6,81.68,27.9,82.22,100.0
2026-08-29T00:35:43.304160+00:00,inside in water 1,4CB13989-424F-31F7-E5C6-3C2FD749BFBE,-52,27.6,81.68,28.3,82.94,27.6,81.68,27.7,81.86,27.6,81.68,27.9,82.22,100.0
2026-08-29T00:35:45.317513+00:00,inside in water 1,4CB13989-424F-31F7-E5C6-3C2FD749BFBE,-50,27.6,81.68,28.3,82.94,27.6,81.68,27.7,81.86,27.6,81.68,27.9,82.22,100.0
2026-08-29T00:35:47.326124+00:00,inside in water 1,4CB13989-424F-31F7-E5C6-3C2FD749BFBE,-86,27.5,81.5,28.2,82.75999999999999,27.6,81.68,27.7,81.86,27.5,81.5,27.9,82.22,100.0
2026-08-29T00:35:49.335965+00:00,inside in water 1,4CB13989-424F-31F7-E5C6-3C2FD749BFBE,-86,27.5,81.5,28.2,82.75999999999999,27.6,81.68,27.7,81.86,27.5,81.5,27.9,82.22,100.0
2026-08-29T00:35:51.346842+00:00,inside in water 1,4CB13989-424F-31F7-E5C6-3C2FD749BFBE,-50,27.5,81.5,28.2,82.75999999999999,27.6,81.68,27.6,81.68,27.5,81.5,27.8,82.03999999999999,100.0
2026-08-29T00:35:53.351891+00:00,inside in water 1,4CB13989-424F-31F7-E5C6-3C2FD749BFBE,-53,27.5,81.5,28.1,82.58000000000001,27.5,81.5,27.6,81.68,27.5,81.5,27.8,82.03999999999999,100.0
2026-08-29T00:35:55.364372+00:00,inside in water 1,4CB13989-424F-31F7-E5C6-3C2FD749BFBE,-50,27.5,81.5,28.1,82.58000000000001,27.5,81.5,27.6,81.68,27.5,81.5,27.8,82.03999999999999,100.0
2026-08-29T00:35:57.372457+00:00,inside in water 1,4CB13989-424F-31F7-E5C6-3C2FD749BFBE,-50,27.5,81.5,28.1,82.58000000000001,27.5,81.5,27.6,81.68,27.5,81.5,27.8,82.03999999999999,100.0
2026-08-29T00:35:59.381075+00:00,inside in water 1,4CB13989-424F-31F7-E5C6-3C2FD749BFBE,-50,27.5,81.5,28.1,82.58000000000001,27.5,81.5,27.6,81.68,27.5,81.5,27.8,82.03999999999999,100.0
2026-08-29T00:36:01.388467+00:00,inside in water 1,4CB13989-424F-31F7-E5C6-3C2FD749BFBE,-53,27.5,81.5,28.1,82.58000000000001,27.5,81.5,27.6,81.68,27.5,81.5,27.8,82.03999999999999,100.0
2026-08-29T00:36:03.401453+00:00,inside in water 1,4CB13989-424F-31F7-E5C6-3C2FD749BFBE,-53,27.5,81.5,28.1,82.58000000000001,27.5,81.5,27.6,81.68,27.5,81.5,27.8,82.03999999999999,100.0
2026-08-29T00:36:05.408699+00:00,inside in water 1,4CB13989-424F-31F7-E5C6-3C2FD749BFBE,-57,27.4,81.32,28.2,82.75999999999999,27.5,81.5,27.5,81.5,27.4,81.32,27.7,81.86,100.0
2026-08-29T00:36:07.419116+00:00,inside in water 1,4CB13989-424F-31F7-E5C6-3C2FD749BFBE,-50,27.4,81.32,28.2,82.75999999999999,27.4,81.32,27.5,81.5,27.4,81.32,27.7,81.86,100.0
2026-08-29T00:36:09.428055+00:00,inside in water 1,4CB13989-424F-31F7-E5C6-3C2FD749BFBE,-50,27.4,81.32,28.2,82.75999999999999,27.4,81.32,27.5,81.5,27.4,81.32,27.7,81.86,100.0
2026-08-29T00:36:11.435678+00:00,inside in water 1,4CB13989-424F-31F7-E5C6-3C2FD749BFBE,-50,27.4,81.32,27.9,82.22,27.4,81.32,27.5,81.5,27.4,81.32,27.7,81.86,100.0
2026-08-29T00:36:13.444771+00:00,inside in water 1,4CB13989-424F-31F7-E5C6-3C2FD749BFBE,-50,27.4,81.32,27.9,82.22,27.4,81.32,27.5,81.5,27.4,81.32,27.7,81.86,100.0
2026-08-29T00:36:15.453878+00:00,inside in water 1,4CB13989-424F-31F7-E5C6-3C2FD749BFBE,-50,27.4,81.32,27.9,82.22,27.4,81.32,27.5,81.5,27.4,81.32,27.7,81.86,100.0
2026-08-29T00:36:17.458790+00:00,inside in water 1,4CB13989-424F-31F7-E5C6-3C2FD749BFBE,-52,27.3,81.14,28.3,82.94,27.4,81.32,27.4,81.32,27.3,81.14,27.7,81.86,100.0
2026-08-29T00:36:19.469054+00:00,inside in water 1,4CB13989-424F-31F7-E5C6-3C2FD749BFBE,-53,27.3,81.14,28.3,82.94,27.4,81.32,27.4,81.32,27.3,81.14,27.7,81.86,100.0
2026-08-29T00:36:21.486590+00:00,inside in water 1,4CB13989-424F-31F7-E5C6-3C2FD749BFBE,-53,27.3,81.14,28.3,82.94,27.4,81.32,27.4,81.32,27.3,81.14,27.7,81.86,100.0
2026-08-29T00:36:23.496445+00:00,inside in water 1,4CB13989-424F-31F7-E5C6-3C2FD749BFBE,-52,27.3,81.14,28.0,82.4,27.4,81.32,27.4,81.32,27.3,81.14,27.6,81.68,100.0
2026-08-29T00:36:25.503980+00:00,inside in water 1,4CB13989-424F-31F7-E5C6-3C2FD749BFBE,-50,27.3,81.14,28.0,82.4,27.4,81.32,27.4,81.32,27.3,81.14,27.6,81.68,100.0
2026-08-29T00:36:27.522517+00:00,inside in water 1,4CB13989-424F-31F7-E5C6-3C2FD749BFBE,-52,27.3,81.14,28.0,82.4,27.4,81.32,27.4,81.32,27.3,81.14,27.6,81.68,100.0
2026-08-29T00:36:29.536125+00:00,inside in water 1,4CB13989-424F-31F7-E5C6-3C2FD749BFBE,-50,27.3,81.14,27.9,82.22,27.3,81.14,27.4,81.32,27.3,81.14,27.6,81.68,100.0
2026-08-29T00:36:31.544626+00:00,inside in water 1,4CB13989-424F-31F7-E5C6-3C2FD749BFBE,-50,27.3,81.14,27.9,82.22,27.3,81.14,27.4,81.32,27.3,81.14,27.6,81.68,100.0
2026-08-29T00:36:33.556308+00:00,inside in water 1,4CB13989-424F-31F7-E5C6-3C2FD749BFBE,-53,27.3,81.14,28.0,82.4,27.3,81.14,27.4,81.32,27.3,81.14,27.6,81.68,100.0
2026-08-29T00:36:35.567627+00:00,inside in water 1,4CB13989-424F-31F7-E5C6-3C2FD749BFBE,-53,27.3,81.14,28.0,82.4,27.3,81.14,27.4,81.32,27.3,81.14,27.6,81.68,100.0
2026-08-29T00:36:37.576249+00:00,inside in water 1,4CB13989-424F-31F7-E5C6-3C2FD749BFBE,-50,27.2,80.96000000000001,28.0,82.4,27.3,81.14,27.4,81.32,27.2,80.96000000000001,27.6,81.68,100.0
2026-08-29T00:36:39.587673+00:00,inside in water 1,4CB13989-424F-31F7-E5C6-3C2FD749BFBE,-52,27.2,80.96000000000001,28.0,82.4,27.3,81.14,27.4,81.32,27.2,80.96000000000001,27.6,81.68,100.0
2026-08-29T00:36:41.600745+00:00,inside in water 1,4CB13989-424F-31F7-E5C6-3C2FD749BFBE,-50,27.2,80.96000000000001,27.9,82.22,27.3,81.14,27.3,81.14,27.2,80.96000000000001,27.5,81.5,100.0
2026-08-29T00:36:43.608103+00:00,inside in water 1,4CB13989-424F-31F7-E5C6-3C2FD749BFBE,-50,27.2,80.96000000000001,27.9,82.22,27.3,81.14,27.3,81.14,27.2,80.96000000000001,27.5,81.5,100.0
2026-08-29T00:36:45.696612+00:00,inside in water 1,4CB13989-424F-31F7-E5C6-3C2FD749BFBE,-50,27.2,80.96000000000001,27.9,82.22,27.3,81.14,27.3,81.14,27.2,80.96000000000001,27.5,81.5,100.0
2026-08-29T00:36:47.703424+00:00,inside in water 1,4CB13989-424F-31F7-E5C6-3C2FD749BFBE,-52,27.2,80.96000000000001,27.9,82.22,27.3,81.14,27.3,81.14,27.2,80.96000000000001,27.5,81.5,100.0
2026-08-29T00:36:49.712293+00:00,inside in water 1,4CB13989-424F-31F7-E5C6-3C2FD749BFBE,-53,27.2,80.96000000000001,27.7,81.86,27.2,80.96000000000001,27.3,81.14,27.2,80.96000000000001,27.5,81.5,100.0
2026-08-29T00:36:51.723125+00:00,inside in water 1,4CB13989-424F-31F7-E5C6-3C2FD749BFBE,-53,27.2,80.96000000000001,27.7,81.86,27.2,80.96000000000001,27.3,81.14,27.2,80.96000000000001,27.5,81.5,100.0
2026-08-29T00:36:53.752878+00:00,inside in water 1,4CB13989-424F-31F7-E5C6-3C2FD749BFBE,-53,27.2,80.96000000000001,27.7,81.86,27.2,80.96000000000001,27.3,81.14,27.2,80.96000000000001,27.5,81.5,100.0
2026-08-29T00:36:55.765126+00:00,inside in water 1,4CB13989-424F-31F7-E5C6-3C2FD749BFBE,-50,27.2,80.96000000000001,27.8,82.03999999999999,27.2,80.96000000000001,27.3,81.14,27.2,80.96000000000001,27.5,81.5,100.0
2026-08-29T00:36:57.773612+00:00,inside in water 1,4CB13989-424F-31F7-E5C6-3C2FD749BFBE,-59,27.2,80.96000000000001,27.8,82.03999999999999,27.2,80.96000000000001,27.3,81.14,27.2,80.96000000000001,27.5,81.5,100.0
2026-08-29T00:36:59.782972+00:00,inside in water 1,4CB13989-424F-31F7-E5C6-3C2FD749BFBE,-53,27.2,80.96000000000001,27.8,82.03999999999999,27.2,80.96000000000001,27.3,81.14,27.2,80.96000000000001,27.5,81.5,100.0
2026-08-29T00:37:01.789973+00:00,inside in water 1,4CB13989-424F-31F7-E5C6-3C2FD749BFBE,-53,27.2,80.96000000000001,27.8,82.03999999999999,27.2,80.96000000000001,27.3,81.14,27.2,80.96000000000001,27.5,81.5,100.0
2026-08-29T00:37:03.803436+00:00,inside in water 1,4CB13989-424F-31F7-E5C6-3C2FD749BFBE,-52,27.1,80.78,27.8,82.03999999999999,27.2,80.96000000000001,27.2,80.96000000000001,27.1,80.78,27.4,81.32,100.0
2026-08-29T00:37:05.813130+00:00,inside in water 1,4CB13989-424F-31F7-E5C6-3C2FD749BFBE,-53,27.1,80.78,27.8,82.03999999999999,27.2,80.96000000000001,27.2,80.96000000000001,27.1,80.78,27.4,81.32,100.0
2026-08-29T00:37:07.822754+00:00,inside in water 1,4CB13989-424F-31F7-E5C6-3C2FD749BFBE,-53,27.1,80.78,27.8,82.03999999999999,27.2,80.96000000000001,27.2,80.96000000000001,27.1,80.78,27.4,81.32,100.0
2026-08-29T00:37:09.834414+00:00,inside in water 1,4CB13989-424F-31F7-E5C6-3C2FD749BFBE,-53,27.1,80.78,27.8,82.03999999999999,27.2,80.96000000000001,27.2,80.96000000000001,27.1,80.78,27.4,81.32,100.0
2026-08-29T00:37:11.841526+00:00,inside in water 1,4CB13989-424F-31F7-E5C6-3C2FD749BFBE,-50,27.1,80.78,27.8,82.03999999999999,27.2,80.96000000000001,27.2,80.96000000000001,27.1,80.78,27.4,81.32,100.0
2026-08-29T00:37:13.849090+00:00,inside in water 1,4CB13989-424F-31F7-E5C6-3C2FD749BFBE,-53,27.1,80.78,27.8,82.03999999999999,27.1,80.78,27.2,80.96000000000001,27.1,80.78,27.4,81.32,100.0
2026-08-29T00:37:15.857640+00:00,inside in water 1,4CB13989-424F-31F7-E5C6-3C2FD749BFBE,-50,27.1,80.78,27.7,81.86,27.1,80.78,27.2,80.96000000000001,27.1,80.78,27.4,81.32,100.0
2026-08-29T00:37:17.867786+00:00,inside in water 1,4CB13989-424F-31F7-E5C6-3C2FD749BFBE,-50,27.1,80.78,27.7,81.86,27.1,80.78,27.2,80.96000000000001,27.1,80.78,27.4,81.32,100.0
2026-08-29T00:37:19.876672+00:00,inside in water 1,4CB13989-424F-31F7-E5C6-3C2FD749BFBE,-50,27.1,80.78,27.7,81.86,27.1,80.78,27.2,80.96000000000001,27.1,80.78,27.4,81.32,100.0
2026-08-29T00:37:21.887189+00:00,inside in water 1,4CB13989-424F-31F7-E5C6-3C2FD749BFBE,-53,27.1,80.78,27.8,82.03999999999999,27.1,80.78,27.2,80.96000000000001,27.1,80.78,27.4,81.32,100.0
2026-08-29T00:37:23.901862+00:00,inside in water 1,4CB13989-424F-31F7-E5C6-3C2FD749BFBE,-50,27.0,80.6,27.7,81.86,27.1,80.78,27.2,80.96000000000001,27.0,80.6,27.4,81.32,100.0
2026-08-29T00:37:25.911226+00:00,inside in water 1,4CB13989-424F-31F7-E5C6-3C2FD749BFBE,-73,27.0,80.6,27.7,81.86,27.1,80.78,27.2,80.96000000000001,27.0,80.6,27.4,81.32,100.0
2026-08-29T00:37:27.922391+00:00,inside in water 1,4CB13989-424F-31F7-E5C6-3C2FD749BFBE,-50,27.0,80.6,27.8,82.03999999999999,27.1,80.78,27.1,80.78,27.0,80.6,27.3,81.14,100.0
2026-08-29T00:37:29.941962+00:00,inside in water 1,4CB13989-424F-31F7-E5C6-3C2FD749BFBE,-59,27.0,80.6,27.5,81.5,27.1,80.78,27.1,80.78,27.0,80.6,27.3,81.14,100.0
2026-08-29T00:37:31.962712+00:00,inside in water 1,4CB13989-424F-31F7-E5C6-3C2FD749BFBE,-59,27.0,80.6,27.5,81.5,27.1,80.78,27.1,80.78,27.0,80.6,27.3,81.14,100.0
2026-08-29T00:37:33.971077+00:00,inside in water 1,4CB13989-424F-31F7-E5C6-3C2FD749BFBE,-53,27.0,80.6,27.5,81.5,27.1,80.78,27.1,80.78,27.0,80.6,27.3,81.14,100.0
2026-08-29T00:37:35.980477+00:00,inside in water 1,4CB13989-424F-31F7-E5C6-3C2FD749BFBE,-52,27.0,80.6,27.7,81.86,27.0,80.6,27.1,80.78,27.0,80.6,27.3,81.14,100.0
2026-08-29T00:37:37.992231+00:00,inside in water 1,4CB13989-424F-31F7-E5C6-3C2FD749BFBE,-53,27.0,80.6,27.7,81.86,27.0,80.6,27.1,80.78,27.0,80.6,27.3,81.14,100.0
2026-08-29T00:37:40.010079+00:00,inside in water 1,4CB13989-424F-31F7-E5C6-3C2FD749BFBE,-53,27.0,80.6,27.7,81.86,27.0,80.6,27.1,80.78,27.0,80.6,27.3,81.14,100.0
2026-08-29T00:37:42.020628+00:00,inside in water 1,4CB13989-424F-31F7-E5C6-3C2FD749BFBE,-53,27.0,80.6,27.7,81.86,27.0,80.6,27.1,80.78,27.0,80.6,27.3,81.14,100.0
2026-08-29T00:37:44.034763+00:00,inside in water 1,4CB13989-424F-31F7-E5C6-3C2FD749BFBE,-53,27.0,80.6,27.6,81.68,27.0,80.6,27.1,80.78,27.0,80.6,27.3,81.14,100.0
2026-08-29T00:37:46.041257+00:00,inside in water 1,4CB13989-424F-31F7-E5C6-3C2FD749BFBE,-53,27.0,80.6,27.6,81.68,27.0,80.6,27.1,80.78,27.0,80.6,27.3,81.14,100.0
2026-08-29T00:37:48.053323+00:00,inside in water 1,4CB13989-424F-31F7-E5C6-3C2FD749BFBE,-53,27.0,80.6,27.6,81.68,27.0,80.6,27.0,80.6,27.0,80.6,27.3,81.14,100.0
2026-08-29T00:37:50.062143+00:00,inside in water 1,4CB13989-424F-31F7-E5C6-3C2FD749BFBE,-59,27.0,80.6,27.6,81.68,27.0,80.6,27.0,80.6,27.0,80.6,27.3,81.14,100.0
2026-08-29T00:37:52.071903+00:00,inside in water 1,4CB13989-424F-31F7-E5C6-3C2FD749BFBE,-59,27.0,80.6,27.6,81.68,27.0,80.6,27.0,80.6,27.0,80.6,27.3,81.14,100.0
2026-08-29T00:37:54.084117+00:00,inside in water 1,4CB13989-424F-31F7-E5C6-3C2FD749BFBE,-59,27.0,80.6,27.6,81.68,27.0,80.6,27.0,80.6,27.0,80.6,27.3,81.14,100.0
2026-08-29T00:37:56.092577+00:00,inside in water 1,4CB13989-424F-31F7-E5C6-3C2FD749BFBE,-52,26.9,80.42,27.7,81.86,27.0,80.6,27.0,80.6,26.9,80.42,27.3,81.14,100.0
2026-08-29T00:37:58.104420+00:00,inside in water 1,4CB13989-424F-31F7-E5C6-3C2FD749BFBE,-50,26.9,80.42,27.7,81.86,27.0,80.6,27.0,80.6,26.9,80.42,27.3,81.14,100.0
2026-08-29T00:38:00.115790+00:00,inside in water 1,4CB13989-424F-31F7-E5C6-3C2FD749BFBE,-50,26.9,80.42,27.7,81.86,27.0,80.6,27.0,80.6,26.9,80.42,27.3,81.14,100.0
2026-08-29T00:38:02.137514+00:00,inside in water 1,4CB13989-424F-31F7-E5C6-3C2FD749BFBE,-50,26.9,80.42,27.7,81.86,27.0,80.6,27.0,80.6,26.9,80.42,27.3,81.14,100.0
2026-08-29T00:38:04.146583+00:00,inside in water 1,4CB13989-424F-31F7-E5C6-3C2FD749BFBE,-53,26.9,80.42,27.5,81.5,26.9,80.42,27.0,80.6,26.9,80.42,27.2,80.96000000000001,100.0
2026-08-29T00:38:06.155437+00:00,inside in water 1,4CB13989-424F-31F7-E5C6-3C2FD749BFBE,-50,26.9,80.42,27.5,81.5,26.9,80.42,27.0,80.6,26.9,80.42,27.2,80.96000000000001,100.0
2026-08-29T00:38:08.172704+00:00,inside in water 1,4CB13989-424F-31F7-E5C6-3C2FD749BFBE,-52,26.9,80.42,27.5,81.5,26.9,80.42,27.0,80.6,26.9,80.42,27.2,80.96000000000001,100.0
2026-08-29T00:38:10.183992+00:00,inside in water 1,4CB13989-424F-31F7-E5C6-3C2FD749BFBE,-52,26.9,80.42,27.5,81.5,26.9,80.42,27.0,80.6,26.9,80.42,27.2,80.96000000000001,100.0
2026-08-29T00:38:12.197491+00:00,inside in water 1,4CB13989-424F-31F7-E5C6-3C2FD749BFBE,-50,26.9,80.42,27.5,81.5,26.9,80.42,27.0,80.6,26.9,80.42,27.2,80.96000000000001,100.0
2026-08-29T00:38:14.205897+00:00,inside in water 1,4CB13989-424F-31F7-E5C6-3C2FD749BFBE,-52,26.9,80.42,27.5,81.5,26.9,80.42,27.0,80.6,26.9,80.42,27.2,80.96000000000001,100.0
2026-08-29T00:38:16.213846+00:00,inside in water 1,4CB13989-424F-31F7-E5C6-3C2FD749BFBE,-52,26.9,80.42,27.5,81.5,26.9,80.42,27.0,80.6,26.9,80.42,27.2,80.96000000000001,100.0
2026-08-29T00:38:18.221791+00:00,inside in water 1,4CB13989-424F-31F7-E5C6-3C2FD749BFBE,-52,26.9,80.42,27.5,81.5,26.9,80.42,27.0,80.6,26.9,80.42,27.2,80.96000000000001,100.0
2026-08-29T00:38:20.238251+00:00,inside in water 1,4CB13989-424F-31F7-E5C6-3C2FD749BFBE,-50,26.9,80.42,27.5,81.5,26.9,80.42,26.9,80.42,26.9,80.42,27.2,80.96000000000001,100.0
2026-08-29T00:38:22.250361+00:00,inside in water 1,4CB13989-424F-31F7-E5C6-3C2FD749BFBE,-52,26.9,80.42,27.5,81.5,26.9,80.42,26.9,80.42,26.9,80.42,27.2,80.96000000000001,100.0
2026-08-29T00:38:24.260525+00:00,inside in water 1,4CB13989-424F-31F7-E5C6-3C2FD749BFBE,-53,26.9,80.42,27.5,81.5,26.9,80.42,26.9,80.42,26.9,80.42,27.2,80.96000000000001,100.0
2026-08-29T00:38:26.269928+00:00,inside in water 1,4CB13989-424F-31F7-E5C6-3C2FD749BFBE,-53,26.9,80.42,27.5,81.5,26.9,80.42,26.9,80.42,26.9,80.42,27.2,80.96000000000001,100.0
2026-08-29T00:38:28.284389+00:00,inside in water 1,4CB13989-424F-31F7-E5C6-3C2FD749BFBE,-53,26.8,80.24000000000001,27.5,81.5,26.9,80.42,26.9,80.42,26.8,80.24000000000001,27.1,80.78,100.0
2026-08-29T00:38:30.290347+00:00,inside in water 1,4CB13989-424F-31F7-E5C6-3C2FD749BFBE,-59,26.8,80.24000000000001,27.5,81.5,26.9,80.42,26.9,80.42,26.8,80.24000000000001,27.1,80.78,100.0
2026-08-29T00:38:32.301617+00:00,inside in water 1,4CB13989-424F-31F7-E5C6-3C2FD749BFBE,-59,26.8,80.24000000000001,27.5,81.5,26.9,80.42,26.9,80.42,26.8,80.24000000000001,27.1,80.78,100.0
2026-08-29T00:38:34.314972+00:00,inside in water 1,4CB13989-424F-31F7-E5C6-3C2FD749BFBE,-52,26.8,80.24000000000001,27.5,81.5,26.9,80.42,26.9,80.42,26.8,80.24000000000001,27.1,80.78,100.0
2026-08-29T00:38:36.325385+00:00,inside in water 1,4CB13989-424F-31F7-E5C6-3C2FD749BFBE,-53,26.8,80.24000000000001,27.4,81.32,26.8,80.24000000000001,26.9,80.42,26.8,80.24000000000001,27.1,80.78,100.0
2026-08-29T00:38:38.338676+00:00,inside in water 1,4CB13989-424F-31F7-E5C6-3C2FD749BFBE,-52,26.8,80.24000000000001,27.5,81.5,26.9,80.42,26.9,80.42,26.8,80.24000000000001,27.1,80.78,100.0
2026-08-29T00:38:40.348748+00:00,inside in water 1,4CB13989-424F-31F7-E5C6-3C2FD749BFBE,127,26.8,80.24000000000001,27.5,81.5,26.9,80.42,26.9,80.42,26.8,80.24000000000001,27.1,80.78,100.0
2026-08-29T00:38:42.355323+00:00,inside in water 1,4CB13989-424F-31F7-E5C6-3C2FD749BFBE,127,26.8,80.24000000000001,27.5,81.5,26.9,80.42,26.9,80.42,26.8,80.24000000000001,27.1,80.78,100.0
2026-08-29T00:38:44.363737+00:00,inside in water 1,4CB13989-424F-31F7-E5C6-3C2FD749BFBE,-60,26.8,80.24000000000001,27.4,81.32,26.8,80.24000000000001,26.9,80.42,26.8,80.24000000000001,27.1,80.78,100.0
2026-08-29T00:38:46.375651+00:00,inside in water 1,4CB13989-424F-31F7-E5C6-3C2FD749BFBE,-60,26.8,80.24000000000001,27.4,81.32,26.8,80.24000000000001,26.9,80.42,26.8,80.24000000000001,27.1,80.78,100.0
2026-08-29T00:38:48.383939+00:00,inside in water 1,4CB13989-424F-31F7-E5C6-3C2FD749BFBE,-60,26.8,80.24000000000001,27.4,81.32,26.8,80.24000000000001,26.9,80.42,26.8,80.24000000000001,27.1,80.78,100.0
2026-08-29T00:38:50.394924+00:00,inside in water 1,4CB13989-424F-31F7-E5C6-3C2FD749BFBE,-52,26.8,80.24000000000001,27.3,81.14,26.8,80.24000000000001,26.9,80.42,26.8,80.24000000000001,27.1,80.78,100.0
2026-08-29T00:38:52.404850+00:00,inside in water 1,4CB13989-424F-31F7-E5C6-3C2FD749BFBE,-59,26.8,80.24000000000001,27.4,81.32,26.8,80.24000000000001,26.9,80.42,26.8,80.24000000000001,27.1,80.78,100.0
2026-08-29T00:38:54.414126+00:00,inside in water 1,4CB13989-424F-31F7-E5C6-3C2FD749BFBE,-53,26.8,80.24000000000001,27.5,81.5,26.8,80.24000000000001,26.9,80.42,26.8,80.24000000000001,27.1,80.78,100.0
2026-08-29T00:38:56.422625+00:00,inside in water 1,4CB13989-424F-31F7-E5C6-3C2FD749BFBE,-53,26.7,80.06,27.3,81.14,26.8,80.24000000000001,26.8,80.24000000000001,26.7,80.06,27.0,80.6,100.0
2026-08-29T00:38:58.442065+00:00,inside in water 1,4CB13989-424F-31F7-E5C6-3C2FD749BFBE,-53,26.7,80.06,27.3,81.14,26.8,80.24000000000001,26.8,80.24000000000001,26.7,80.06,27.0,80.6,100.0
2026-08-29T00:39:00.459391+00:00,inside in water 1,4CB13989-424F-31F7-E5C6-3C2FD749BFBE,-53,26.7,80.06,27.3,81.14,26.8,80.24000000000001,26.8,80.24000000000001,26.7,80.06,27.0,80.6,100.0
2026-08-29T00:39:02.470400+00:00,inside in water 1,4CB13989-424F-31F7-E5C6-3C2FD749BFBE,-53,26.7,80.06,27.3,81.14,26.8,80.24000000000001,26.8,80.24000000000001,26.7,80.06,27.0,80.6,100.0
2026-08-29T00:39:04.476311+00:00,inside in water 1,4CB13989-424F-31F7-E5C6-3C2FD749BFBE,-53,26.7,80.06,27.4,81.32,26.8,80.24000000000001,26.8,80.24000000000001,26.7,80.06,27.0,80.6,100.0
2026-08-29T00:39:06.485610+00:00,inside in water 1,4CB13989-424F-31F7-E5C6-3C2FD749BFBE,-50,26.7,80.06,27.4,81.32,26.8,80.24000000000001,26.8,80.24000000000001,26.7,80.06,27.0,80.6,100.0
2026-08-29T00:39:08.493911+00:00,inside in water 1,4CB13989-424F-31F7-E5C6-3C2FD749BFBE,-50,26.7,80.06,27.4,81.32,26.8,80.24000000000001,26.8,80.24000000000001,26.7,80.06,27.0,80.6,100.0
2026-08-29T00:39:10.501150+00:00,inside in water 1,4CB13989-424F-31F7-E5C6-3C2FD749BFBE,-58,26.7,80.06,27.3,81.14,26.8,80.24000000000001,26.8,80.24000000000001,26.7,80.06,27.0,80.6,100.0
2026-08-29T00:39:12.509868+00:00,inside in water 1,4CB13989-424F-31F7-E5C6-3C2FD749BFBE,-58,26.7,80.06,27.3,81.14,26.8,80.24000000000001,26.8,80.24000000000001,26.7,80.06,27.0,80.6,100.0
2026-08-29T00:39:14.526732+00:00,inside in water 1,4CB13989-424F-31F7-E5C6-3C2FD749BFBE,-50,26.7,80.06,27.3,81.14,26.8,80.24000000000001,26.8,80.24000000000001,26.7,80.06,27.0,80.6,100.0
2026-08-29T00:39:16.536736+00:00,inside in water 1,4CB13989-424F-31F7-E5C6-3C2FD749BFBE,-52,26.7,80.06,27.3,81.14,26.7,80.06,26.8,80.24000000000001,26.7,80.06,27.0,80.6,100.0
2026-08-29T00:39:18.547051+00:00,inside in water 1,4CB13989-424F-31F7-E5C6-3C2FD749BFBE,-50,26.7,80.06,27.3,81.14,26.7,80.06,26.8,80.24000000000001,26.7,80.06,27.0,80.6,100.0
2026-08-29T00:39:20.556287+00:00,inside in water 1,4CB13989-424F-31F7-E5C6-3C2FD749BFBE,-53,26.7,80.06,27.3,81.14,26.7,80.06,26.8,80.24000000000001,26.7,80.06,27.0,80.6,100.0
2026-08-29T00:39:22.567477+00:00,inside in water 1,4CB13989-424F-31F7-E5C6-3C2FD749BFBE,-53,26.7,80.06,27.3,81.14,26.7,80.06,26.8,80.24000000000001,26.7,80.06,27.0,80.6,100.0
2026-08-29T00:39:24.574178+00:00,inside in water 1,4CB13989-424F-31F7-E5C6-3C2FD749BFBE,-52,26.7,80.06,27.2,80.96000000000001,26.7,80.06,26.8,80.24000000000001,26.7,80.06,27.0,80.6,100.0
2026-08-29T00:39:26.587823+00:00,inside in water 1,4CB13989-424F-31F7-E5C6-3C2FD749BFBE,-52,26.7,80.06,27.2,80.96000000000001,26.7,80.06,26.8,80.24000000000001,26.7,80.06,27.0,80.6,100.0
2026-08-29T00:39:28.598150+00:00,inside in water 1,4CB13989-424F-31F7-E5C6-3C2FD749BFBE,-53,26.7,80.06,27.2,80.96000000000001,26.7,80.06,26.7,80.06,26.7,80.06,26.9,80.42,100.0
2026-08-29T00:39:30.617109+00:00,inside in water 1,4CB13989-424F-31F7-E5C6-3C2FD749BFBE,-50,26.7,80.06,27.3,81.14,26.7,80.06,26.7,80.06,26.7,80.06,26.9,80.42,100.0
2026-08-29T00:39:32.624759+00:00,inside in water 1,4CB13989-424F-31F7-E5C6-3C2FD749BFBE,-52,26.7,80.06,27.3,81.14,26.7,80.06,26.7,80.06,26.7,80.06,26.9,80.42,100.0
2026-08-29T00:39:34.635994+00:00,inside in water 1,4CB13989-424F-31F7-E5C6-3C2FD749BFBE,-52,26.7,80.06,27.3,81.14,26.7,80.06,26.7,80.06,26.7,80.06,26.9,80.42,100.0
2026-08-29T00:39:36.643273+00:00,inside in water 1,4CB13989-424F-31F7-E5C6-3C2FD749BFBE,-52,26.6,79.88,27.2,80.96000000000001,26.7,80.06,26.7,80.06,26.6,79.88,26.9,80.42,100.0
2026-08-29T00:39:38.656803+00:00,inside in water 1,4CB13989-424F-31F7-E5C6-3C2FD749BFBE,-52,26.6,79.88,27.2,80.96000000000001,26.7,80.06,26.7,80.06,26.6,79.88,26.9,80.42,100.0
2026-08-29T00:39:40.671816+00:00,inside in water 1,4CB13989-424F-31F7-E5C6-3C2FD749BFBE,-52,26.6,79.88,27.2,80.96000000000001,26.7,80.06,26.7,80.06,26.6,79.88,26.9,80.42,100.0
2026-08-29T00:39:42.685329+00:00,inside in water 1,4CB13989-424F-31F7-E5C6-3C2FD749BFBE,-53,26.6,79.88,27.2,80.96000000000001,26.7,80.06,26.7,80.06,26.6,79.88,26.9,80.42,100.0
2026-08-29T00:39:44.695367+00:00,inside in water 1,4CB13989-424F-31F7-E5C6-3C2FD749BFBE,-53,26.6,79.88,27.3,81.14,26.7,80.06,26.7,80.06,26.6,79.88,26.9,80.42,100.0
2026-08-29T00:39:46.722434+00:00,inside in water 1,4CB13989-424F-31F7-E5C6-3C2FD749BFBE,-58,26.6,79.88,27.3,81.14,26.7,80.06,26.7,80.06,26.6,79.88,26.9,80.42,100.0
2026-08-29T00:39:48.731456+00:00,inside in water 1,4CB13989-424F-31F7-E5C6-3C2FD749BFBE,-58,26.6,79.88,27.3,81.14,26.7,80.06,26.7,80.06,26.6,79.88,26.9,80.42,100.0
2026-08-29T00:39:50.739386+00:00,inside in water 1,4CB13989-424F-31F7-E5C6-3C2FD749BFBE,-52,26.6,79.88,27.2,80.96000000000001,26.7,80.06,26.7,80.06,26.6,79.88,26.9,80.42,100.0
2026-08-29T00:39:52.747373+00:00,inside in water 1,4CB13989-424F-31F7-E5C6-3C2FD749BFBE,-52,26.6,79.88,27.2,80.96000000000001,26.7,80.06,26.7,80.06,26.6,79.88,26.9,80.42,100.0
2026-08-29T00:39:54.752299+00:00,inside in water 1,4CB13989-424F-31F7-E5C6-3C2FD749BFBE,-50,26.6,79.88,27.0,80.6,26.6,79.88,26.7,80.06,26.6,79.88,26.9,80.42,100.0
2026-08-29T00:39:56.768939+00:00,inside in water 1,4CB13989-424F-31F7-E5C6-3C2FD749BFBE,-50,26.6,79.88,27.0,80.6,26.6,79.88,26.7,80.06,26.6,79.88,26.9,80.42,100.0
2026-08-29T00:39:58.784970+00:00,inside in water 1,4CB13989-424F-31F7-E5C6-3C2FD749BFBE,-50,26.6,79.88,27.0,80.6,26.6,79.88,26.7,80.06,26.6,79.88,26.9,80.42,100.0
2026-08-29T00:40:00.791964+00:00,inside in water 1,4CB13989-424F-31F7-E5C6-3C2FD749BFBE,-51,26.6,79.88,27.1,80.78,26.6,79.88,26.7,80.06,26.6,79.88,26.9,80.42,100.0
2026-08-29T00:40:02.805436+00:00,inside in water 1,4CB13989-424F-31F7-E5C6-3C2FD749BFBE,-52,26.6,79.88,27.1,80.78,26.6,79.88,26.7,80.06,26.6,79.88,26.9,80.42,100.0
2026-08-29T00:40:04.827396+00:00,inside in water 1,4CB13989-424F-31F7-E5C6-3C2FD749BFBE,-53,26.6,79.88,27.2,80.96000000000001,26.6,79.88,26.7,80.06,26.6,79.88,26.9,80.42,100.0
2026-08-29T00:40:06.838633+00:00,inside in water 1,4CB13989-424F-31F7-E5C6-3C2FD749BFBE,-53,26.6,79.88,27.2,80.96000000000001,26.6,79.88,26.7,80.06,26.6,79.88,26.9,80.42,100.0
2026-08-29T00:40:08.854644+00:00,inside in water 1,4CB13989-424F-31F7-E5C6-3C2FD749BFBE,-53,26.6,79.88,27.2,80.96000000000001,26.6,79.88,26.7,80.06,26.6,79.88,26.9,80.42,100.0
2026-08-29T00:40:10.862122+00:00,inside in water 1,4CB13989-424F-31F7-E5C6-3C2FD749BFBE,-53,26.6,79.88,27.2,80.96000000000001,26.6,79.88,26.7,80.06,26.6,79.88,26.9,80.42,100.0
2026-08-29T00:40:12.871380+00:00,inside in water 1,4CB13989-424F-31F7-E5C6-3C2FD749BFBE,-53,26.6,79.88,27.2,80.96000000000001,26.6,79.88,26.7,80.06,26.6,79.88,26.9,80.42,100.0
2026-08-29T00:40:14.879865+00:00,inside in water 1,4CB13989-424F-31F7-E5C6-3C2FD749BFBE,-53,26.6,79.88,27.2,80.96000000000001,26.6,79.88,26.7,80.06,26.6,79.88,26.9,80.42,100.0
2026-08-29T00:40:16.885140+00:00,inside in water 1,4CB13989-424F-31F7-E5C6-3C2FD749BFBE,-50,26.5,79.7,27.1,80.78,26.6,79.88,26.6,79.88,26.5,79.7,26.8,80.24000000000001,100.0
2026-08-29T00:40:18.891129+00:00,inside in water 1,4CB13989-424F-31F7-E5C6-3C2FD749BFBE,-50,26.5,79.7,27.1,80.78,26.6,79.88,26.6,79.88,26.5,79.7,26.8,80.24000000000001,100.0
2026-08-29T00:40:20.901464+00:00,inside in water 1,4CB13989-424F-31F7-E5C6-3C2FD749BFBE,-50,26.5,79.7,27.1,80.78,26.6,79.88,26.6,79.88,26.5,79.7,26.8,80.24000000000001,100.0
2026-08-29T00:40:22.907090+00:00,inside in water 1,4CB13989-424F-31F7-E5C6-3C2FD749BFBE,-50,26.5,79.7,27.1,80.78,26.6,79.88,26.6,79.88,26.5,79.7,26.8,80.24000000000001,100.0
2026-08-29T00:40:24.914095+00:00,inside in water 1,4CB13989-424F-31F7-E5C6-3C2FD749BFBE,-52,26.5,79.7,27.0,80.6,26.6,79.88,26.6,79.88,26.5,79.7,26.8,80.24000000000001,100.0
2026-08-29T00:40:26.919290+00:00,inside in water 1,4CB13989-424F-31F7-E5C6-3C2FD749BFBE,-53,26.5,79.7,27.1,80.78,26.6,79.88,26.6,79.88,26.5,79.7,26.8,80.24000000000001,100.0
2026-08-29T00:40:28.925246+00:00,inside in water 1,4CB13989-424F-31F7-E5C6-3C2FD749BFBE,-60,26.5,79.7,27.2,80.96000000000001,26.6,79.88,26.6,79.88,26.5,79.7,26.8,80.24000000000001,100.0
2026-08-29T00:40:30.938767+00:00,inside in water 1,4CB13989-424F-31F7-E5C6-3C2FD749BFBE,-60,26.5,79.7,27.2,80.96000000000001,26.6,79.88,26.6,79.88,26.5,79.7,26.8,80.24000000000001,100.0
2026-08-29T00:40:32.943314+00:00,inside in water 1,4CB13989-424F-31F7-E5C6-3C2FD749BFBE,-60,26.5,79.7,27.2,80.96000000000001,26.6,79.88,26.6,79.88,26.5,79.7,26.8,80.24000000000001,100.0
2026-08-29T00:40:34.949142+00:00,inside in water 1,4CB13989-424F-31F7-E5C6-3C2FD749BFBE,-53,26.5,79.7,27.0,80.6,26.6,79.88,26.6,79.88,26.5,79.7,26.8,80.24000000000001,100.0
2026-08-29T00:40:36.953837+00:00,inside in water 1,4CB13989-424F-31F7-E5C6-3C2FD749BFBE,-51,26.5,79.7,27.0,80.6,26.6,79.88,26.6,79.88,26.5,79.7,26.8,80.24000000000001,100.0
2026-08-29T00:40:38.969249+00:00,inside in water 1,4CB13989-424F-31F7-E5C6-3C2FD749BFBE,-58,26.5,79.7,27.2,80.96000000000001,26.5,79.7,26.6,79.88,26.5,79.7,26.7,80.06,100.0
2026-08-29T00:40:40.972759+00:00,inside in water 1,4CB13989-424F-31F7-E5C6-3C2FD749BFBE,-58,26.5,79.7,27.2,80.96000000000001,26.5,79.7,26.6,79.88,26.5,79.7,26.7,80.06,100.0
2026-08-29T00:40:42.981194+00:00,inside in water 1,4CB13989-424F-31F7-E5C6-3C2FD749BFBE,-52,26.5,79.7,27.0,80.6,26.5,79.7,26.6,79.88,26.5,79.7,26.7,80.06,100.0
2026-08-29T00:40:44.987607+00:00,inside in water 1,4CB13989-424F-31F7-E5C6-3C2FD749BFBE,-52,26.5,79.7,27.0,80.6,26.5,79.7,26.6,79.88,26.5,79.7,26.7,80.06,100.0
2026-08-29T00:40:47.002763+00:00,inside in water 1,4CB13989-424F-31F7-E5C6-3C2FD749BFBE,-52,26.5,79.7,27.0,80.6,26.5,79.7,26.6,79.88,26.5,79.7,26.7,80.06,100.0
2026-08-29T00:40:49.015435+00:00,inside in water 1,4CB13989-424F-31F7-E5C6-3C2FD749BFBE,-53,26.5,79.7,27.0,80.6,26.5,79.7,26.6,79.88,26.5,79.7,26.7,80.06,100.0
2026-08-29T00:40:51.020984+00:00,inside in water 1,4CB13989-424F-31F7-E5C6-3C2FD749BFBE,-50,26.5,79.7,27.0,80.6,26.5,79.7,26.6,79.88,26.5,79.7,26.7,80.06,100.0
2026-08-29T00:40:53.026494+00:00,inside in water 1,4CB13989-424F-31F7-E5C6-3C2FD749BFBE,-53,26.5,79.7,27.0,80.6,26.5,79.7,26.6,79.88,26.5,79.7,26.7,80.06,100.0
2026-08-29T00:40:55.034289+00:00,inside in water 1,4CB13989-424F-31F7-E5C6-3C2FD749BFBE,-53,26.5,79.7,27.0,80.6,26.5,79.7,26.6,79.88,26.5,79.7,26.7,80.06,100.0
2026-08-29T00:40:57.040949+00:00,inside in water 1,4CB13989-424F-31F7-E5C6-3C2FD749BFBE,-53,26.5,79.7,27.0,80.6,26.5,79.7,26.6,79.88,26.5,79.7,26.7,80.06,100.0
2026-08-29T00:40:59.046720+00:00,inside in water 1,4CB13989-424F-31F7-E5C6-3C2FD749BFBE,-51,26.5,79.7,27.0,80.6,26.5,79.7,26.6,79.88,26.5,79.7,26.7,80.06,100.0
2026-08-29T00:41:01.054542+00:00,inside in water 1,4CB13989-424F-31F7-E5C6-3C2FD749BFBE,-50,26.5,79.7,26.8,80.24000000000001,26.5,79.7,26.6,79.88,26.5,79.7,26.7,80.06,100.0
2026-08-29T00:41:03.071099+00:00,inside in water 1,4CB13989-424F-31F7-E5C6-3C2FD749BFBE,-50,26.5,79.7,26.8,80.24000000000001,26.5,79.7,26.6,79.88,26.5,79.7,26.7,80.06,100.0
2026-08-29T00:41:05.080674+00:00,inside in water 1,4CB13989-424F-31F7-E5C6-3C2FD749BFBE,-49,26.4,79.52,26.9,80.42,26.5,79.7,26.5,79.7,26.4,79.52,26.7,80.06,100.0
2026-08-29T00:41:07.092985+00:00,inside in water 1,4CB13989-424F-31F7-E5C6-3C2FD749BFBE,-52,26.4,79.52,27.0,80.6,26.5,79.7,26.5,79.7,26.4,79.52,26.7,80.06,100.0
2026-08-29T00:41:09.101901+00:00,inside in water 1,4CB13989-424F-31F7-E5C6-3C2FD749BFBE,-50,26.4,79.52,27.0,80.6,26.5,79.7,26.5,79.7,26.4,79.52,26.7,80.06,100.0
2026-08-29T00:41:11.110744+00:00,inside in water 1,4CB13989-424F-31F7-E5C6-3C2FD749BFBE,-50,26.4,79.52,27.0,80.6,26.5,79.7,26.5,79.7,26.4,79.52,26.7,80.06,100.0
2026-08-29T00:41:13.138549+00:00,inside in water 1,4CB13989-424F-31F7-E5C6-3C2FD749BFBE,-50,26.4,79.52,27.0,80.6,26.5,79.7,26.5,79.7,26.4,79.52,26.7,80.06,100.0
2026-08-29T00:41:15.149525+00:00,inside in water 1,4CB13989-424F-31F7-E5C6-3C2FD749BFBE,-52,26.4,79.52,26.9,80.42,26.5,79.7,26.5,79.7,26.4,79.52,26.7,80.06,100.0
2026-08-29T00:41:17.152062+00:00,inside in water 1,4CB13989-424F-31F7-E5C6-3C2FD749BFBE,-55,26.4,79.52,27.0,80.6,26.5,79.7,26.5,79.7,26.4,79.52,26.7,80.06,100.0
2026-08-29T00:41:19.158856+00:00,inside in water 1,4CB13989-424F-31F7-E5C6-3C2FD749BFBE,-59,26.4,79.52,26.9,80.42,26.5,79.7,26.5,79.7,26.4,79.52,26.7,80.06,100.0
2026-08-29T00:41:21.169893+00:00,inside in water 1,4CB13989-424F-31F7-E5C6-3C2FD749BFBE,-58,26.4,79.52,26.8,80.24000000000001,26.5,79.7,26.5,79.7,26.4,79.52,26.7,80.06,100.0
2026-08-29T00:41:23.175683+00:00,inside in water 1,4CB13989-424F-31F7-E5C6-3C2FD749BFBE,-52,26.4,79.52,26.8,80.24000000000001,26.5,79.7,26.5,79.7,26.4,79.52,26.7,80.06,100.0
2026-08-29T00:41:25.181545+00:00,inside in water 1,4CB13989-424F-31F7-E5C6-3C2FD749BFBE,-59,26.4,79.52,26.8,80.24000000000001,26.5,79.7,26.5,79.7,26.4,79.52,26.7,80.06,100.0
2026-08-29T00:41:27.189652+00:00,inside in water 1,4CB13989-424F-31F7-E5C6-3C2FD749BFBE,-59,26.4,79.52,26.8,80.24000000000001,26.5,79.7,26.5,79.7,26.4,79.52,26.7,80.06,100.0
2026-08-29T00:41:29.196501+00:00,inside in water 1,4CB13989-424F-31F7-E5C6-3C2FD749BFBE,-61,26.4,79.52,26.8,80.24000000000001,26.5,79.7,26.5,79.7,26.4,79.52,26.7,80.06,100.0
2026-08-29T00:41:31.207215+00:00,inside in water 1,4CB13989-424F-31F7-E5C6-3C2FD749BFBE,-56,26.4,79.52,26.8,80.24000000000001,26.5,79.7,26.5,79.7,26.4,79.52,26.6,79.88,100.0
2026-08-29T00:41:33.211493+00:00,inside in water 1,4CB13989-424F-31F7-E5C6-3C2FD749BFBE,-48,26.4,79.52,27.0,80.6,26.5,79.7,26.5,79.7,26.4,79.52,26.6,79.88,100.0
2026-08-29T00:41:35.214442+00:00,inside in water 1,4CB13989-424F-31F7-E5C6-3C2FD749BFBE,-48,26.4,79.52,27.0,80.6,26.5,79.7,26.5,79.7,26.4,79.52,26.6,79.88,100.0
2026-08-29T00:41:37.223288+00:00,inside in water 1,4CB13989-424F-31F7-E5C6-3C2FD749BFBE,-48,26.4,79.52,27.0,80.6,26.5,79.7,26.5,79.7,26.4,79.52,26.6,79.88,100.0
2026-08-29T00:41:39.229800+00:00,inside in water 1,4CB13989-424F-31F7-E5C6-3C2FD749BFBE,-48,26.4,79.52,27.0,80.6,26.5,79.7,26.5,79.7,26.4,79.52,26.6,79.88,100.0
2026-08-29T00:41:41.237810+00:00,inside in water 1,4CB13989-424F-31F7-E5C6-3C2FD749BFBE,-49,26.4,79.52,26.7,80.06,26.5,79.7,26.5,79.7,26.4,79.52,26.7,80.06,100.0
2026-08-29T00:41:43.243737+00:00,inside in water 1,4CB13989-424F-31F7-E5C6-3C2FD749BFBE,-49,26.4,79.52,26.7,80.06,26.5,79.7,26.5,79.7,26.4,79.52,26.7,80.06,100.0
2026-08-29T00:41:45.249731+00:00,inside in water 1,4CB13989-424F-31F7-E5C6-3C2FD749BFBE,-46,26.4,79.52,26.8,80.24000000000001,26.5,79.7,26.5,79.7,26.4,79.52,26.6,79.88,100.0
2026-08-29T00:41:47.259882+00:00,inside in water 1,4CB13989-424F-31F7-E5C6-3C2FD749BFBE,-46,26.4,79.52,26.8,80.24000000000001,26.5,79.7,26.5,79.7,26.4,79.52,26.6,79.88,100.0
2026-08-29T00:41:49.262469+00:00,inside in water 1,4CB13989-424F-31F7-E5C6-3C2FD749BFBE,-60,26.4,79.52,26.9,80.42,26.5,79.7,26.5,79.7,26.4,79.52,26.6,79.88,100.0
2026-08-29T00:41:51.264466+00:00,inside in water 1,4CB13989-424F-31F7-E5C6-3C2FD749BFBE,-60,26.4,79.52,26.9,80.42,26.5,79.7,26.5,79.7,26.4,79.52,26.6,79.88,100.0
2026-08-29T00:41:53.270814+00:00,inside in water 1,4CB13989-424F-31F7-E5C6-3C2FD749BFBE,-45,26.4,79.52,26.9,80.42,26.5,79.7,26.5,79.7,26.4,79.52,26.6,79.88,100.0
2026-08-29T00:41:55.280956+00:00,inside in water 1,4CB13989-424F-31F7-E5C6-3C2FD749BFBE,-46,26.4,79.52,26.8,80.24000000000001,26.4,79.52,26.5,79.7,26.4,79.52,26.6,79.88,100.0
2026-08-29T00:41:57.287712+00:00,inside in water 1,4CB13989-424F-31F7-E5C6-3C2FD749BFBE,-44,26.4,79.52,26.8,80.24000000000001,26.4,79.52,26.5,79.7,26.4,79.52,26.6,79.88,100.0
2026-08-29T00:41:59.294048+00:00,inside in water 1,4CB13989-424F-31F7-E5C6-3C2FD749BFBE,-44,26.4,79.52,26.8,80.24000000000001,26.4,79.52,26.5,79.7,26.4,79.52,26.6,79.88,100.0
2026-08-29T00:42:01.300887+00:00,inside in water 1,4CB13989-424F-31F7-E5C6-3C2FD749BFBE,-44,26.4,79.52,26.8,80.24000000000001,26.4,79.52,26.5,79.7,26.4,79.52,26.6,79.88,100.0
2026-08-29T00:42:03.307379+00:00,inside in water 1,4CB13989-424F-31F7-E5C6-3C2FD749BFBE,-44,26.4,79.52,26.9,80.42,26.4,79.52,26.5,79.7,26.4,79.52,26.6,79.88,100.0
2026-08-29T00:42:05.314993+00:00,inside in water 1,4CB13989-424F-31F7-E5C6-3C2FD749BFBE,-44,26.4,79.52,26.9,80.42,26.4,79.52,26.5,79.7,26.4,79.52,26.6,79.88,100.0
2026-08-29T00:42:07.323710+00:00,inside in water 1,4CB13989-424F-31F7-E5C6-3C2FD749BFBE,-61,26.4,79.52,26.9,80.42,26.4,79.52,26.5,79.7,26.4,79.52,26.6,79.88,100.0
2026-08-29T00:42:09.330339+00:00,inside in water 1,4CB13989-424F-31F7-E5C6-3C2FD749BFBE,-46,26.4,79.52,26.8,80.24000000000001,26.5,79.7,26.5,79.7,26.4,79.52,26.6,79.88,100.0
2026-08-29T00:42:11.341478+00:00,inside in water 1,4CB13989-424F-31F7-E5C6-3C2FD749BFBE,-45,26.4,79.52,26.8,80.24000000000001,26.4,79.52,26.5,79.7,26.4,79.52,26.6,79.88,100.0
2026-08-29T00:42:13.352006+00:00,inside in water 1,4CB13989-424F-31F7-E5C6-3C2FD749BFBE,-45,26.4,79.52,26.8,80.24000000000001,26.4,79.52,26.5,79.7,26.4,79.52,26.6,79.88,100.0
2026-08-29T00:42:15.356414+00:00,inside in water 1,4CB13989-424F-31F7-E5C6-3C2FD749BFBE,-46,26.4,79.52,26.8,80.24000000000001,26.4,79.52,26.5,79.7,26.4,79.52,26.6,79.88,100.0
2026-08-29T00:42:17.362933+00:00,inside in water 1,4CB13989-424F-31F7-E5C6-3C2FD749BFBE,-46,26.4,79.52,26.8,80.24000000000001,26.4,79.52,26.5,79.7,26.4,79.52,26.6,79.88,100.0
2026-08-29T00:42:19.371955+00:00,inside in water 1,4CB13989-424F-31F7-E5C6-3C2FD749BFBE,-45,26.3,79.34,26.8,80.24000000000001,26.4,79.52,26.5,79.7,26.3,79.34,26.6,79.88,100.0
2026-08-29T00:42:21.377686+00:00,inside in water 1,4CB13989-424F-31F7-E5C6-3C2FD749BFBE,-45,26.3,79.34,26.8,80.24000000000001,26.4,79.52,26.5,79.7,26.3,79.34,26.6,79.88,100.0
2026-08-29T00:42:23.381951+00:00,inside in water 1,4CB13989-424F-31F7-E5C6-3C2FD749BFBE,-46,26.3,79.34,26.8,80.24000000000001,26.4,79.52,26.5,79.7,26.3,79.34,26.6,79.88,100.0
2026-08-29T00:42:25.389961+00:00,inside in water 1,4CB13989-424F-31F7-E5C6-3C2FD749BFBE,-47,26.3,79.34,26.8,80.24000000000001,26.4,79.52,26.5,79.7,26.3,79.34,26.6,79.88,100.0
2026-08-29T00:42:27.401573+00:00,inside in water 1,4CB13989-424F-31F7-E5C6-3C2FD749BFBE,-44,26.3,79.34,26.7,80.06,26.4,79.52,26.4,79.52,26.3,79.34,26.6,79.88,100.0
2026-08-29T00:42:29.410981+00:00,inside in water 1,4CB13989-424F-31F7-E5C6-3C2FD749BFBE,-44,26.3,79.34,26.7,80.06,26.4,79.52,26.4,79.52,26.3,79.34,26.6,79.88,100.0
2026-08-29T00:42:31.419219+00:00,inside in water 1,4CB13989-424F-31F7-E5C6-3C2FD749BFBE,-46,26.3,79.34,26.6,79.88,26.4,79.52,26.4,79.52,26.3,79.34,26.6,79.88,100.0
2026-08-29T00:42:33.427872+00:00,inside in water 1,4CB13989-424F-31F7-E5C6-3C2FD749BFBE,-47,26.3,79.34,26.6,79.88,26.4,79.52,26.4,79.52,26.3,79.34,26.6,79.88,100.0
2026-08-29T00:42:35.437173+00:00,inside in water 1,4CB13989-424F-31F7-E5C6-3C2FD749BFBE,-59,26.3,79.34,26.8,80.24000000000001,26.4,79.52,26.4,79.52,26.3,79.34,26.6,79.88,100.0
2026-08-29T00:42:37.446106+00:00,inside in water 1,4CB13989-424F-31F7-E5C6-3C2FD749BFBE,-59,26.3,79.34,26.8,80.24000000000001,26.4,79.52,26.4,79.52,26.3,79.34,26.6,79.88,100.0
2026-08-29T00:42:39.454109+00:00,inside in water 1,4CB13989-424F-31F7-E5C6-3C2FD749BFBE,-44,26.3,79.34,26.8,80.24000000000001,26.4,79.52,26.4,79.52,26.3,79.34,26.6,79.88,100.0
2026-08-29T00:42:41.462179+00:00,inside in water 1,4CB13989-424F-31F7-E5C6-3C2FD749BFBE,-48,26.3,79.34,26.8,80.24000000000001,26.4,79.52,26.4,79.52,26.3,79.34,26.6,79.88,100.0
2026-08-29T00:42:43.471792+00:00,inside in water 1,4CB13989-424F-31F7-E5C6-3C2FD749BFBE,-46,26.3,79.34,26.8,80.24000000000001,26.4,79.52,26.4,79.52,26.3,79.34,26.6,79.88,100.0
2026-08-29T00:42:45.480468+00:00,inside in water 1,4CB13989-424F-31F7-E5C6-3C2FD749BFBE,-46,26.3,79.34,26.8,80.24000000000001,26.4,79.52,26.4,79.52,26.3,79.34,26.6,79.88,100.0
2026-08-29T00:42:47.492645+00:00,inside in water 1,4CB13989-424F-31F7-E5C6-3C2FD749BFBE,-44,26.3,79.34,26.6,79.88,26.4,79.52,26.4,79.52,26.3,79.34,26.5,79.7,100.0
2026-08-29T00:42:49.501526+00:00,inside in water 1,4CB13989-424F-31F7-E5C6-3C2FD749BFBE,-45,26.3,79.34,26.6,79.88,26.4,79.52,26.4,79.52,26.3,79.34,26.5,79.7,100.0
2026-08-29T00:42:51.507239+00:00,inside in water 1,4CB13989-424F-31F7-E5C6-3C2FD749BFBE,-53,26.3,79.34,26.6,79.88,26.4,79.52,26.4,79.52,26.3,79.34,26.5,79.7,100.0
2026-08-29T00:42:53.515978+00:00,inside in water 1,4CB13989-424F-31F7-E5C6-3C2FD749BFBE,-45,26.3,79.34,26.6,79.88,26.4,79.52,26.4,79.52,26.3,79.34,26.5,79.7,100.0
2026-08-29T00:42:55.527425+00:00,inside in water 1,4CB13989-424F-31F7-E5C6-3C2FD749BFBE,-45,26.3,79.34,26.6,79.88,26.4,79.52,26.4,79.52,26.3,79.34,26.5,79.7,100.0
2026-08-29T00:42:57.538747+00:00,inside in water 1,4CB13989-424F-31F7-E5C6-3C2FD749BFBE,-45,26.3,79.34,26.7,80.06,26.4,79.52,26.4,79.52,26.3,79.34,26.5,79.7,100.0
2026-08-29T00:42:59.547608+00:00,inside in water 1,4CB13989-424F-31F7-E5C6-3C2FD749BFBE,-47,26.3,79.34,26.7,80.06,26.4,79.52,26.4,79.52,26.3,79.34,26.5,79.7,100.0
2026-08-29T00:43:01.555968+00:00,inside in water 1,4CB13989-424F-31F7-E5C6-3C2FD749BFBE,-45,26.3,79.34,26.7,80.06,26.4,79.52,26.4,79.52,26.3,79.34,26.5,79.7,100.0
2026-08-29T00:43:03.577231+00:00,inside in water 1,4CB13989-424F-31F7-E5C6-3C2FD749BFBE,-56,26.3,79.34,26.7,80.06,26.4,79.52,26.4,79.52,26.3,79.34,26.5,79.7,100.0
2026-08-29T00:43:05.589371+00:00,inside in water 1,4CB13989-424F-31F7-E5C6-3C2FD749BFBE,-56,26.3,79.34,26.7,80.06,26.4,79.52,26.4,79.52,26.3,79.34,26.5,79.7,100.0
2026-08-29T00:43:07.601662+00:00,inside in water 1,4CB13989-424F-31F7-E5C6-3C2FD749BFBE,-44,26.3,79.34,26.6,79.88,26.4,79.52,26.4,79.52,26.3,79.34,26.5,79.7,100.0
2026-08-29T00:43:09.615952+00:00,inside in water 1,4CB13989-424F-31F7-E5C6-3C2FD749BFBE,-46,26.3,79.34,26.6,79.88,26.4,79.52,26.4,79.52,26.3,79.34,26.5,79.7,100.0
2026-08-29T00:43:11.621931+00:00,inside in water 1,4CB13989-424F-31F7-E5C6-3C2FD749BFBE,-45,26.3,79.34,26.6,79.88,26.4,79.52,26.4,79.52,26.3,79.34,26.5,79.7,100.0
2026-08-29T00:43:13.630509+00:00,inside in water 1,4CB13989-424F-31F7-E5C6-3C2FD749BFBE,-45,26.3,79.34,26.6,79.88,26.4,79.52,26.4,79.52,26.3,79.34,26.5,79.7,100.0
2026-08-29T00:43:15.639769+00:00,inside in water 1,4CB13989-424F-31F7-E5C6-3C2FD749BFBE,-45,26.3,79.34,26.6,79.88,26.4,79.52,26.4,79.52,26.3,79.34,26.5,79.7,100.0
2026-08-29T00:43:17.649482+00:00,inside in water 1,4CB13989-424F-31F7-E5C6-3C2FD749BFBE,-46,26.3,79.34,26.6,79.88,26.4,79.52,26.4,79.52,26.3,79.34,26.5,79.7,100.0
2026-08-29T00:43:19.666760+00:00,inside in water 1,4CB13989-424F-31F7-E5C6-3C2FD749BFBE,-46,26.3,79.34,26.7,80.06,26.4,79.52,26.4,79.52,26.3,79.34,26.5,79.7,100.0
2026-08-29T00:43:21.672783+00:00,inside in water 1,4CB13989-424F-31F7-E5C6-3C2FD749BFBE,-60,26.3,79.34,26.7,80.06,26.4,79.52,26.4,79.52,26.3,79.34,26.5,79.7,100.0
2026-08-29T00:43:23.683407+00:00,inside in water 1,4CB13989-424F-31F7-E5C6-3C2FD749BFBE,-44,26.3,79.34,26.8,80.24000000000001,26.4,79.52,26.4,79.52,26.3,79.34,26.5,79.7,100.0
2026-08-29T00:43:25.691777+00:00,inside in water 1,4CB13989-424F-31F7-E5C6-3C2FD749BFBE,-45,26.3,79.34,26.7,80.06,26.4,79.52,26.4,79.52,26.3,79.34,26.5,79.7,100.0
2026-08-29T00:43:27.700885+00:00,inside in water 1,4CB13989-424F-31F7-E5C6-3C2FD749BFBE,-47,26.3,79.34,26.7,80.06,26.4,79.52,26.4,79.52,26.3,79.34,26.5,79.7,100.0
2026-08-29T00:43:29.709739+00:00,inside in water 1,4CB13989-424F-31F7-E5C6-3C2FD749BFBE,-45,26.3,79.34,26.7,80.06,26.4,79.52,26.4,79.52,26.3,79.34,26.5,79.7,100.0
2026-08-29T00:43:31.718982+00:00,inside in water 1,4CB13989-424F-31F7-E5C6-3C2FD749BFBE,-47,26.3,79.34,26.6,79.88,26.4,79.52,26.4,79.52,26.3,79.34,26.5,79.7,100.0
2026-08-29T00:43:33.727689+00:00,inside in water 1,4CB13989-424F-31F7-E5C6-3C2FD749BFBE,-47,26.3,79.34,26.6,79.88,26.4,79.52,26.4,79.52,26.3,79.34,26.5,79.7,100.0
2026-08-29T00:43:35.736201+00:00,inside in water 1,4CB13989-424F-31F7-E5C6-3C2FD749BFBE,-47,26.3,79.34,26.6,79.88,26.4,79.52,26.4,79.52,26.3,79.34,26.5,79.7,100.0
2026-08-29T00:43:37.744732+00:00,inside in water 1,4CB13989-424F-31F7-E5C6-3C2FD749BFBE,-45,26.3,79.34,26.7,80.06,26.3,79.34,26.4,79.52,26.3,79.34,26.5,79.7,100.0
2026-08-29T00:43:39.753094+00:00,inside in water 1,4CB13989-424F-31F7-E5C6-3C2FD749BFBE,-45,26.3,79.34,26.7,80.06,26.3,79.34,26.4,79.52,26.3,79.34,26.5,79.7,100.0
2026-08-29T00:43:41.764186+00:00,inside in water 1,4CB13989-424F-31F7-E5C6-3C2FD749BFBE,-45,26.3,79.34,26.7,80.06,26.3,79.34,26.4,79.52,26.3,79.34,26.5,79.7,100.0
2026-08-29T00:43:43.773591+00:00,inside in water 1,4CB13989-424F-31F7-E5C6-3C2FD749BFBE,-46,26.3,79.34,26.7,80.06,26.3,79.34,26.4,79.52,26.3,79.34,26.5,79.7,100.0
2026-08-29T00:43:45.783634+00:00,inside in water 1,4CB13989-424F-31F7-E5C6-3C2FD749BFBE,-45,26.3,79.34,26.6,79.88,26.3,79.34,26.4,79.52,26.3,79.34,26.5,79.7,100.0
2026-08-29T00:43:47.795114+00:00,inside in water 1,4CB13989-424F-31F7-E5C6-3C2FD749BFBE,-65,26.3,79.34,26.5,79.7,26.3,79.34,26.4,79.52,26.3,79.34,26.5,79.7,100.0
2026-08-29T00:43:49.804744+00:00,inside in water 1,4CB13989-424F-31F7-E5C6-3C2FD749BFBE,-65,26.3,79.34,26.5,79.7,26.3,79.34,26.4,79.52,26.3,79.34,26.5,79.7,100.0
2026-08-29T00:43:51.813219+00:00,inside in water 1,4CB13989-424F-31F7-E5C6-3C2FD749BFBE,-45,26.3,79.34,26.5,79.7,26.3,79.34,26.4,79.52,26.3,79.34,26.5,79.7,100.0
2026-08-29T00:43:53.822170+00:00,inside in water 1,4CB13989-424F-31F7-E5C6-3C2FD749BFBE,-44,26.3,79.34,26.5,79.7,26.3,79.34,26.4,79.52,26.3,79.34,26.5,79.7,100.0
2026-08-29T00:43:55.830893+00:00,inside in water 1,4CB13989-424F-31F7-E5C6-3C2FD749BFBE,-44,26.3,79.34,26.5,79.7,26.3,79.34,26.4,79.52,26.3,79.34,26.5,79.7,100.0
2026-08-29T00:43:57.840862+00:00,inside in water 1,4CB13989-424F-31F7-E5C6-3C2FD749BFBE,-44,26.3,79.34,26.5,79.7,26.3,79.34,26.4,79.52,26.3,79.34,26.5,79.7,100.0
2026-08-29T00:43:59.850198+00:00,inside in water 1,4CB13989-424F-31F7-E5C6-3C2FD749BFBE,-45,26.3,79.34,26.5,79.7,26.3,79.34,26.4,79.52,26.3,79.34,26.5,79.7,100.0
2026-08-29T00:44:01.859318+00:00,inside in water 1,4CB13989-424F-31F7-E5C6-3C2FD749BFBE,-45,26.3,79.34,26.8,80.24000000000001,26.3,79.34,26.4,79.52,26.3,79.34,26.5,79.7,100.0
2026-08-29T00:44:03.868276+00:00,inside in water 1,4CB13989-424F-31F7-E5C6-3C2FD749BFBE,-45,26.3,79.34,26.5,79.7,26.3,79.34,26.4,79.52,26.3,79.34,26.5,79.7,100.0
2026-08-29T00:44:05.878146+00:00,inside in water 1,4CB13989-424F-31F7-E5C6-3C2FD749BFBE,-54,26.3,79.34,26.5,79.7,26.3,79.34,26.4,79.52,26.3,79.34,26.5,79.7,100.0
2026-08-29T00:44:07.888294+00:00,inside in water 1,4CB13989-424F-31F7-E5C6-3C2FD749BFBE,-54,26.3,79.34,26.5,79.7,26.3,79.34,26.4,79.52,26.3,79.34,26.5,79.7,100.0
2026-08-29T00:44:09.897450+00:00,inside in water 1,4CB13989-424F-31F7-E5C6-3C2FD749BFBE,-46,26.2,79.16,26.5,79.7,26.3,79.34,26.3,79.34,26.2,79.16,26.5,79.7,100.0
2026-08-29T00:44:11.906525+00:00,inside in water 1,4CB13989-424F-31F7-E5C6-3C2FD749BFBE,-44,26.3,79.34,26.5,79.7,26.3,79.34,26.4,79.52,26.3,79.34,26.5,79.7,100.0
2026-08-29T00:44:13.915881+00:00,inside in water 1,4CB13989-424F-31F7-E5C6-3C2FD749BFBE,-57,26.3,79.34,26.5,79.7,26.3,79.34,26.4,79.52,26.3,79.34,26.5,79.7,100.0
2026-08-29T00:44:15.924116+00:00,inside in water 1,4CB13989-424F-31F7-E5C6-3C2FD749BFBE,-57,26.3,79.34,26.5,79.7,26.3,79.34,26.4,79.52,26.3,79.34,26.5,79.7,100.0
2026-08-29T00:44:17.932946+00:00,inside in water 1,4CB13989-424F-31F7-E5C6-3C2FD749BFBE,-46,26.3,79.34,26.5,79.7,26.3,79.34,26.3,79.34,26.3,79.34,26.5,79.7,100.0
2026-08-29T00:44:19.938249+00:00,inside in water 1,4CB13989-424F-31F7-E5C6-3C2FD749BFBE,-45,26.2,79.16,26.6,79.88,26.3,79.34,26.3,79.34,26.2,79.16,26.5,79.7,100.0
2026-08-29T00:44:21.946718+00:00,inside in water 1,4CB13989-424F-31F7-E5C6-3C2FD749BFBE,-44,26.2,79.16,26.6,79.88,26.3,79.34,26.3,79.34,26.2,79.16,26.5,79.7,100.0
2026-08-29T00:44:23.954781+00:00,inside in water 1,4CB13989-424F-31F7-E5C6-3C2FD749BFBE,-52,26.3,79.34,26.4,79.52,26.3,79.34,26.4,79.52,26.3,79.34,26.5,79.7,100.0
2026-08-29T00:44:25.964533+00:00,inside in water 1,4CB13989-424F-31F7-E5C6-3C2FD749BFBE,-52,26.3,79.34,26.4,79.52,26.3,79.34,26.4,79.52,26.3,79.34,26.5,79.7,100.0
2026-08-29T00:44:27.977696+00:00,inside in water 1,4CB13989-424F-31F7-E5C6-3C2FD749BFBE,-45,26.3,79.34,26.5,79.7,26.4,79.52,26.4,79.52,26.3,79.34,26.5,79.7,100.0
2026-08-29T00:44:29.986857+00:00,inside in water 1,4CB13989-424F-31F7-E5C6-3C2FD749BFBE,-55,26.3,79.34,26.5,79.7,26.3,79.34,26.3,79.34,26.3,79.34,26.5,79.7,100.0
2026-08-29T00:44:31.992088+00:00,inside in water 1,4CB13989-424F-31F7-E5C6-3C2FD749BFBE,-55,26.3,79.34,26.5,79.7,26.3,79.34,26.3,79.34,26.3,79.34,26.5,79.7,100.0
2026-08-29T00:44:34.000772+00:00,inside in water 1,4CB13989-424F-31F7-E5C6-3C2FD749BFBE,-55,26.3,79.34,26.5,79.7,26.3,79.34,26.3,79.34,26.3,79.34,26.5,79.7,100.0
2026-08-29T00:44:36.012390+00:00,inside in water 1,4CB13989-424F-31F7-E5C6-3C2FD749BFBE,-44,26.3,79.34,26.5,79.7,26.3,79.34,26.3,79.34,26.3,79.34,26.5,79.7,100.0
2026-08-29T00:44:38.021296+00:00,inside in water 1,4CB13989-424F-31F7-E5C6-3C2FD749BFBE,-46,26.2,79.16,26.5,79.7,26.3,79.34,26.3,79.34,26.2,79.16,26.4,79.52,100.0
2026-08-29T00:44:40.031989+00:00,inside in water 1,4CB13989-424F-31F7-E5C6-3C2FD749BFBE,-46,26.2,79.16,26.5,79.7,26.3,79.34,26.3,79.34,26.2,79.16,26.4,79.52,100.0
2026-08-29T00:44:42.040823+00:00,inside in water 1,4CB13989-424F-31F7-E5C6-3C2FD749BFBE,-46,26.2,79.16,26.4,79.52,26.3,79.34,26.3,79.34,26.2,79.16,26.4,79.52,100.0
2026-08-29T00:44:44.049903+00:00,inside in water 1,4CB13989-424F-31F7-E5C6-3C2FD749BFBE,-45,26.2,79.16,26.5,79.7,26.3,79.34,26.3,79.34,26.2,79.16,26.4,79.52,100.0
2026-08-29T00:44:46.059775+00:00,inside in water 1,4CB13989-424F-31F7-E5C6-3C2FD749BFBE,-45,26.2,79.16,26.5,79.7,26.3,79.34,26.3,79.34,26.2,79.16,26.4,79.52,100.0
2026-08-29T00:44:48.072942+00:00,inside in water 1,4CB13989-424F-31F7-E5C6-3C2FD749BFBE,-45,26.2,79.16,26.5,79.7,26.3,79.34,26.3,79.34,26.2,79.16,26.4,79.52,100.0
2026-08-29T00:44:50.082562+00:00,inside in water 1,4CB13989-424F-31F7-E5C6-3C2FD749BFBE,-46,26.2,79.16,26.6,79.88,26.3,79.34,26.3,79.34,26.2,79.16,26.4,79.52,100.0
2026-08-29T00:44:52.086990+00:00,inside in water 1,4CB13989-424F-31F7-E5C6-3C2FD749BFBE,-45,26.2,79.16,26.6,79.88,26.3,79.34,26.3,79.34,26.2,79.16,26.4,79.52,100.0
2026-08-29T00:44:54.098365+00:00,inside in water 1,4CB13989-424F-31F7-E5C6-3C2FD749BFBE,-46,26.3,79.34,26.6,79.88,26.3,79.34,26.3,79.34,26.3,79.34,26.4,79.52,100.0
2026-08-29T00:44:56.109708+00:00,inside in water 1,4CB13989-424F-31F7-E5C6-3C2FD749BFBE,-46,26.3,79.34,26.6,79.88,26.3,79.34,26.3,79.34,26.3,79.34,26.4,79.52,100.0
2026-08-29T00:44:58.119176+00:00,inside in water 1,4CB13989-424F-31F7-E5C6-3C2FD749BFBE,-46,26.3,79.34,26.6,79.88,26.3,79.34,26.3,79.34,26.3,79.34,26.4,79.52,100.0
2026-08-29T00:45:00.131900+00:00,inside in water 1,4CB13989-424F-31F7-E5C6-3C2FD749BFBE,-45,26.2,79.16,26.6,79.88,26.3,79.34,26.3,79.34,26.2,79.16,26.4,79.52,100.0
2026-08-29T00:45:02.145531+00:00,inside in water 1,4CB13989-424F-31F7-E5C6-3C2FD749BFBE,-45,26.2,79.16,26.6,79.88,26.3,79.34,26.3,79.34,26.2,79.16,26.4,79.52,100.0
2026-08-29T00:45:04.160071+00:00,inside in water 1,4CB13989-424F-31F7-E5C6-3C2FD749BFBE,-44,26.2,79.16,26.5,79.7,26.3,79.34,26.3,79.34,26.2,79.16,26.4,79.52,100.0
2026-08-29T00:45:06.170913+00:00,inside in water 1,4CB13989-424F-31F7-E5C6-3C2FD749BFBE,-52,26.2,79.16,26.4,79.52,26.3,79.34,26.3,79.34,26.2,79.16,26.4,79.52,100.0
2026-08-29T00:45:08.192933+00:00,inside in water 1,4CB13989-424F-31F7-E5C6-3C2FD749BFBE,-52,26.2,79.16,26.4,79.52,26.3,79.34,26.3,79.34,26.2,79.16,26.4,79.52,100.0
2026-08-29T00:45:10.203922+00:00,inside in water 1,4CB13989-424F-31F7-E5C6-3C2FD749BFBE,-52,26.2,79.16,26.4,79.52,26.3,79.34,26.3,79.34,26.2,79.16,26.4,79.52,100.0
2026-08-29T00:45:12.212411+00:00,inside in water 1,4CB13989-424F-31F7-E5C6-3C2FD749BFBE,-45,26.2,79.16,26.4,79.52,26.3,79.34,26.3,79.34,26.2,79.16,26.4,79.52,100.0
2026-08-29T00:45:14.220729+00:00,inside in water 1,4CB13989-424F-31F7-E5C6-3C2FD749BFBE,-46,26.2,79.16,26.6,79.88,26.3,79.34,26.3,79.34,26.2,79.16,26.4,79.52,100.0
2026-08-29T00:45:16.229190+00:00,inside in water 1,4CB13989-424F-31F7-E5C6-3C2FD749BFBE,-44,26.2,79.16,26.6,79.88,26.3,79.34,26.3,79.34,26.2,79.16,26.4,79.52,100.0
2026-08-29T00:45:18.240198+00:00,inside in water 1,4CB13989-424F-31F7-E5C6-3C2FD749BFBE,-44,26.2,79.16,26.5,79.7,26.3,79.34,26.3,79.34,26.2,79.16,26.4,79.52,100.0
2026-08-29T00:45:20.249766+00:00,inside in water 1,4CB13989-424F-31F7-E5C6-3C2FD749BFBE,-45,26.2,79.16,26.6,79.88,26.3,79.34,26.3,79.34,26.2,79.16,26.4,79.52,100.0
2026-08-29T00:45:22.260787+00:00,inside in water 1,4CB13989-424F-31F7-E5C6-3C2FD749BFBE,-45,26.2,79.16,26.6,79.88,26.3,79.34,26.3,79.34,26.2,79.16,26.4,79.52,100.0
2026-08-29T00:45:24.272872+00:00,inside in water 1,4CB13989-424F-31F7-E5C6-3C2FD749BFBE,-45,26.2,79.16,26.6,79.88,26.3,79.34,26.3,79.34,26.2,79.16,26.4,79.52,100.0
2026-08-29T00:45:26.285000+00:00,inside in water 1,4CB13989-424F-31F7-E5C6-3C2FD749BFBE,-46,26.2,79.16,26.6,79.88,26.3,79.34,26.3,79.34,26.2,79.16,26.4,79.52,100.0
2026-08-29T00:45:28.293870+00:00,inside in water 1,4CB13989-424F-31F7-E5C6-3C2FD749BFBE,-52,26.2,79.16,26.4,79.52,26.3,79.34,26.3,79.34,26.2,79.16,26.4,79.52,100.0
2026-08-29T00:45:30.303585+00:00,inside in water 1,4CB13989-424F-31F7-E5C6-3C2FD749BFBE,-45,26.2,79.16,26.4,79.52,26.3,79.34,26.3,79.34,26.2,79.16,26.4,79.52,100.0
2026-08-29T00:45:32.315433+00:00,inside in water 1,4CB13989-424F-31F7-E5C6-3C2FD749BFBE,-45,26.2,79.16,26.4,79.52,26.3,79.34,26.3,79.34,26.2,79.16,26.4,79.52,100.0
2026-08-29T00:45:34.324148+00:00,inside in water 1,4CB13989-424F-31F7-E5C6-3C2FD749BFBE,-46,26.2,79.16,26.4,79.52,26.3,79.34,26.3,79.34,26.2,79.16,26.4,79.52,100.0
2026-08-29T00:45:36.333291+00:00,inside in water 1,4CB13989-424F-31F7-E5C6-3C2FD749BFBE,-45,26.2,79.16,26.4,79.52,26.3,79.34,26.3,79.34,26.2,79.16,26.4,79.52,100.0
2026-08-29T00:45:38.342408+00:00,inside in water 1,4CB13989-424F-31F7-E5C6-3C2FD749BFBE,-46,26.2,79.16,26.4,79.52,26.3,79.34,26.3,79.34,26.2,79.16,26.4,79.52,100.0
2026-08-29T00:45:40.351164+00:00,inside in water 1,4CB13989-424F-31F7-E5C6-3C2FD749BFBE,-45,26.2,79.16,26.4,79.52,26.3,79.34,26.3,79.34,26.2,79.16,26.4,79.52,100.0
2026-08-29T00:45:42.358843+00:00,inside in water 1,4CB13989-424F-31F7-E5C6-3C2FD749BFBE,-62,26.2,79.16,26.5,79.7,26.3,79.34,26.3,79.34,26.2,79.16,26.4,79.52,100.0
2026-08-29T00:45:44.369761+00:00,inside in water 1,4CB13989-424F-31F7-E5C6-3C2FD749BFBE,-62,26.2,79.16,26.5,79.7,26.3,79.34,26.3,79.34,26.2,79.16,26.4,79.52,100.0
2026-08-29T00:45:46.378961+00:00,inside in water 1,4CB13989-424F-31F7-E5C6-3C2FD749BFBE,-46,26.2,79.16,26.4,79.52,26.2,79.16,26.3,79.34,26.2,79.16,26.3,79.34,100.0
2026-08-29T00:45:48.389963+00:00,inside in water 1,4CB13989-424F-31F7-E5C6-3C2FD749BFBE,-45,26.2,79.16,26.4,79.52,26.3,79.34,26.3,79.34,26.2,79.16,26.4,79.52,100.0
2026-08-29T00:45:50.399203+00:00,inside in water 1,4CB13989-424F-31F7-E5C6-3C2FD749BFBE,-45,26.2,79.16,26.4,79.52,26.3,79.34,26.3,79.34,26.2,79.16,26.4,79.52,100.0
2026-08-29T00:45:52.408972+00:00,inside in water 1,4CB13989-424F-31F7-E5C6-3C2FD749BFBE,-45,26.2,79.16,26.4,79.52,26.3,79.34,26.3,79.34,26.2,79.16,26.4,79.52,100.0
2026-08-29T00:45:54.419790+00:00,inside in water 1,4CB13989-424F-31F7-E5C6-3C2FD749BFBE,-46,26.2,79.16,26.4,79.52,26.3,79.34,26.3,79.34,26.2,79.16,26.4,79.52,100.0
2026-08-29T00:45:56.429458+00:00,inside in water 1,4CB13989-424F-31F7-E5C6-3C2FD749BFBE,-45,26.2,79.16,26.4,79.52,26.3,79.34,26.3,79.34,26.2,79.16,26.4,79.52,100.0
2026-08-29T00:45:58.439099+00:00,inside in water 1,4CB13989-424F-31F7-E5C6-3C2FD749BFBE,-44,26.2,79.16,26.4,79.52,26.3,79.34,26.3,79.34,26.2,79.16,26.4,79.52,100.0
2026-08-29T00:46:00.448070+00:00,inside in water 1,4CB13989-424F-31F7-E5C6-3C2FD749BFBE,-46,26.2,79.16,26.6,79.88,26.3,79.34,26.3,79.34,26.2,79.16,26.3,79.34,100.0
2026-08-29T00:46:02.456515+00:00,inside in water 1,4CB13989-424F-31F7-E5C6-3C2FD749BFBE,-46,26.2,79.16,26.6,79.88,26.3,79.34,26.3,79.34,26.2,79.16,26.3,79.34,100.0
2026-08-29T00:46:04.465374+00:00,inside in water 1,4CB13989-424F-31F7-E5C6-3C2FD749BFBE,-46,26.2,79.16,26.6,79.88,26.3,79.34,26.3,79.34,26.2,79.16,26.3,79.34,100.0
2026-08-29T00:46:06.471770+00:00,inside in water 1,4CB13989-424F-31F7-E5C6-3C2FD749BFBE,-44,26.1,78.98,26.4,79.52,26.2,79.16,26.3,79.34,26.1,78.98,26.3,79.34,100.0
2026-08-29T00:46:08.481214+00:00,inside in water 1,4CB13989-424F-31F7-E5C6-3C2FD749BFBE,-46,26.2,79.16,26.5,79.7,26.3,79.34,26.3,79.34,26.2,79.16,26.4,79.52,100.0
2026-08-29T00:46:10.490226+00:00,inside in water 1,4CB13989-424F-31F7-E5C6-3C2FD749BFBE,-45,26.1,78.98,26.4,79.52,26.2,79.16,26.3,79.34,26.1,78.98,26.3,79.34,100.0
2026-08-29T00:46:12.498543+00:00,inside in water 1,4CB13989-424F-31F7-E5C6-3C2FD749BFBE,-45,26.1,78.98,26.4,79.52,26.2,79.16,26.3,79.34,26.1,78.98,26.3,79.34,100.0
2026-08-29T00:46:14.507597+00:00,inside in water 1,4CB13989-424F-31F7-E5C6-3C2FD749BFBE,-44,26.2,79.16,26.5,79.7,26.3,79.34,26.3,79.34,26.2,79.16,26.3,79.34,100.0
2026-08-29T00:46:16.516559+00:00,inside in water 1,4CB13989-424F-31F7-E5C6-3C2FD749BFBE,-46,26.2,79.16,26.5,79.7,26.3,79.34,26.3,79.34,26.2,79.16,26.3,79.34,100.0
2026-08-29T00:46:18.525250+00:00,inside in water 1,4CB13989-424F-31F7-E5C6-3C2FD749BFBE,-45,26.2,79.16,26.4,79.52,26.2,79.16,26.3,79.34,26.2,79.16,26.3,79.34,100.0
2026-08-29T00:46:20.534746+00:00,inside in water 1,4CB13989-424F-31F7-E5C6-3C2FD749BFBE,-45,26.2,79.16,26.4,79.52,26.2,79.16,26.3,79.34,26.2,79.16,26.3,79.34,100.0
2026-08-29T00:46:22.544044+00:00,inside in water 1,4CB13989-424F-31F7-E5C6-3C2FD749BFBE,-45,26.2,79.16,26.4,79.52,26.2,79.16,26.3,79.34,26.2,79.16,26.3,79.34,100.0
2026-08-29T00:46:24.553328+00:00,inside in water 1,4CB13989-424F-31F7-E5C6-3C2FD749BFBE,-45,26.2,79.16,26.4,79.52,26.3,79.34,26.3,79.34,26.2,79.16,26.3,79.34,100.0
2026-08-29T00:46:26.561718+00:00,inside in water 1,4CB13989-424F-31F7-E5C6-3C2FD749BFBE,-46,26.1,78.98,26.5,79.7,26.2,79.16,26.2,79.16,26.1,78.98,26.3,79.34,100.0
2026-08-29T00:46:28.572119+00:00,inside in water 1,4CB13989-424F-31F7-E5C6-3C2FD749BFBE,-46,26.1,78.98,26.5,79.7,26.2,79.16,26.2,79.16,26.1,78.98,26.3,79.34,100.0
2026-08-29T00:46:30.581875+00:00,inside in water 1,4CB13989-424F-31F7-E5C6-3C2FD749BFBE,-46,26.1,78.98,26.5,79.7,26.2,79.16,26.2,79.16,26.1,78.98,26.3,79.34,100.0
2026-08-29T00:46:32.593125+00:00,inside in water 1,4CB13989-424F-31F7-E5C6-3C2FD749BFBE,-46,26.1,78.98,26.5,79.7,26.2,79.16,26.2,79.16,26.1,78.98,26.3,79.34,100.0
2026-08-29T00:46:34.604323+00:00,inside in water 1,4CB13989-424F-31F7-E5C6-3C2FD749BFBE,-46,26.1,78.98,26.4,79.52,26.2,79.16,26.2,79.16,26.1,78.98,26.3,79.34,100.0
2026-08-29T00:46:36.613695+00:00,inside in water 1,4CB13989-424F-31F7-E5C6-3C2FD749BFBE,-45,26.1,78.98,26.4,79.52,26.2,79.16,26.2,79.16,26.1,78.98,26.3,79.34,100.0
2026-08-29T00:46:38.623346+00:00,inside in water 1,4CB13989-424F-31F7-E5C6-3C2FD749BFBE,-44,26.1,78.98,26.4,79.52,26.2,79.16,26.2,79.16,26.1,78.98,26.3,79.34,100.0
2026-08-29T00:46:40.634587+00:00,inside in water 1,4CB13989-424F-31F7-E5C6-3C2FD749BFBE,-44,26.1,78.98,26.4,79.52,26.2,79.16,26.3,79.34,26.1,78.98,26.3,79.34,100.0
2026-08-29T00:46:42.645171+00:00,inside in water 1,4CB13989-424F-31F7-E5C6-3C2FD749BFBE,-45,26.1,78.98,26.5,79.7,26.2,79.16,26.2,79.16,26.1,78.98,26.3,79.34,100.0
2026-08-29T00:46:44.656986+00:00,inside in water 1,4CB13989-424F-31F7-E5C6-3C2FD749BFBE,-46,26.1,78.98,26.4,79.52,26.2,79.16,26.2,79.16,26.1,78.98,26.3,79.34,100.0
2026-08-29T00:46:46.669338+00:00,inside in water 1,4CB13989-424F-31F7-E5C6-3C2FD749BFBE,-46,26.1,78.98,26.4,79.52,26.2,79.16,26.2,79.16,26.1,78.98,26.3,79.34,100.0
2026-08-29T00:46:48.679236+00:00,inside in water 1,4CB13989-424F-31F7-E5C6-3C2FD749BFBE,-44,26.1,78.98,26.4,79.52,26.2,79.16,26.2,79.16,26.1,78.98,26.3,79.34,100.0
2026-08-29T00:46:50.688172+00:00,inside in water 1,4CB13989-424F-31F7-E5C6-3C2FD749BFBE,-44,26.1,78.98,26.4,79.52,26.2,79.16,26.2,79.16,26.1,78.98,26.3,79.34,100.0
2026-08-29T00:46:52.701117+00:00,inside in water 1,4CB13989-424F-31F7-E5C6-3C2FD749BFBE,-44,26.1,78.98,26.4,79.52,26.2,79.16,26.2,79.16,26.1,78.98,26.3,79.34,100.0
2026-08-29T00:46:54.710494+00:00,inside in water 1,4CB13989-424F-31F7-E5C6-3C2FD749BFBE,-46,26.1,78.98,26.3,79.34,26.2,79.16,26.2,79.16,26.1,78.98,26.3,79.34,100.0
2026-08-29T00:46:56.720508+00:00,inside in water 1,4CB13989-424F-31F7-E5C6-3C2FD749BFBE,-55,26.1,78.98,26.3,79.34,26.2,79.16,26.2,79.16,26.1,78.98,26.3,79.34,100.0
2026-08-29T00:46:58.730163+00:00,inside in water 1,4CB13989-424F-31F7-E5C6-3C2FD749BFBE,-55,26.1,78.98,26.3,79.34,26.2,79.16,26.2,79.16,26.1,78.98,26.3,79.34,100.0
2026-08-29T00:47:00.740038+00:00,inside in water 1,4CB13989-424F-31F7-E5C6-3C2FD749BFBE,-44,26.1,78.98,26.3,79.34,26.2,79.16,26.2,79.16,26.1,78.98,26.3,79.34,100.0
2026-08-29T00:47:02.754679+00:00,inside in water 1,4CB13989-424F-31F7-E5C6-3C2FD749BFBE,-44,26.1,78.98,26.3,79.34,26.2,79.16,26.2,79.16,26.1,78.98,26.3,79.34,100.0
2026-08-29T00:47:04.764792+00:00,inside in water 1,4CB13989-424F-31F7-E5C6-3C2FD749BFBE,-44,26.1,78.98,26.3,79.34,26.2,79.16,26.2,79.16,26.1,78.98,26.3,79.34,100.0
2026-08-29T00:47:06.774974+00:00,inside in water 1,4CB13989-424F-31F7-E5C6-3C2FD749BFBE,-44,26.1,78.98,26.5,79.7,26.2,79.16,26.2,79.16,26.1,78.98,26.3,79.34,100.0
2026-08-29T00:47:08.795965+00:00,inside in water 1,4CB13989-424F-31F7-E5C6-3C2FD749BFBE,-44,26.1,78.98,26.5,79.7,26.2,79.16,26.2,79.16,26.1,78.98,26.3,79.34,100.0
2026-08-29T00:47:10.799146+00:00,inside in water 1,4CB13989-424F-31F7-E5C6-3C2FD749BFBE,-45,26.1,78.98,26.5,79.7,26.2,79.16,26.3,79.34,26.1,78.98,26.3,79.34,100.0
2026-08-29T00:47:12.807936+00:00,inside in water 1,4CB13989-424F-31F7-E5C6-3C2FD749BFBE,-45,26.1,78.98,26.5,79.7,26.2,79.16,26.3,79.34,26.1,78.98,26.3,79.34,100.0
2026-08-29T00:47:14.818923+00:00,inside in water 1,4CB13989-424F-31F7-E5C6-3C2FD749BFBE,-44,26.1,78.98,26.3,79.34,26.2,79.16,26.2,79.16,26.1,78.98,26.3,79.34,100.0
2026-08-29T00:47:16.827291+00:00,inside in water 1,4CB13989-424F-31F7-E5C6-3C2FD749BFBE,-46,26.1,78.98,26.3,79.34,26.2,79.16,26.2,79.16,26.1,78.98,26.3,79.34,100.0
2026-08-29T00:47:18.838021+00:00,inside in water 1,4CB13989-424F-31F7-E5C6-3C2FD749BFBE,-44,26.1,78.98,26.3,79.34,26.2,79.16,26.2,79.16,26.1,78.98,26.2,79.16,100.0
2026-08-29T00:47:20.848854+00:00,inside in water 1,4CB13989-424F-31F7-E5C6-3C2FD749BFBE,-55,26.1,78.98,26.4,79.52,26.2,79.16,26.2,79.16,26.1,78.98,26.3,79.34,100.0
2026-08-29T00:47:22.864612+00:00,inside in water 1,4CB13989-424F-31F7-E5C6-3C2FD749BFBE,-55,26.1,78.98,26.4,79.52,26.2,79.16,26.2,79.16,26.1,78.98,26.3,79.34,100.0
2026-08-29T00:47:24.874553+00:00,inside in water 1,4CB13989-424F-31F7-E5C6-3C2FD749BFBE,-44,26.1,78.98,26.5,79.7,26.2,79.16,26.2,79.16,26.1,78.98,26.3,79.34,100.0
2026-08-29T00:47:26.893746+00:00,inside in water 1,4CB13989-424F-31F7-E5C6-3C2FD749BFBE,-46,26.1,78.98,26.5,79.7,26.2,79.16,26.2,79.16,26.1,78.98,26.3,79.34,100.0
2026-08-29T00:47:28.906687+00:00,inside in water 1,4CB13989-424F-31F7-E5C6-3C2FD749BFBE,-44,26.1,78.98,26.3,79.34,26.2,79.16,26.2,79.16,26.1,78.98,26.3,79.34,100.0
2026-08-29T00:47:30.919026+00:00,inside in water 1,4CB13989-424F-31F7-E5C6-3C2FD749BFBE,-44,26.1,78.98,26.3,79.34,26.2,79.16,26.2,79.16,26.1,78.98,26.3,79.34,100.0
2026-08-29T00:47:33.063464+00:00,inside in water 1,4CB13989-424F-31F7-E5C6-3C2FD749BFBE,-44,26.1,78.98,26.3,79.34,26.2,79.16,26.2,79.16,26.1,78.98,26.3,79.34,100.0
2026-08-29T00:47:35.181233+00:00,inside in water 1,4CB13989-424F-31F7-E5C6-3C2FD749BFBE,-44,26.1,78.98,26.3,79.34,26.2,79.16,26.2,79.16,26.1,78.98,26.3,79.34,100.0
2026-08-29T00:47:37.199727+00:00,inside in water 1,4CB13989-424F-31F7-E5C6-3C2FD749BFBE,-44,26.1,78.98,26.3,79.34,26.2,79.16,26.2,79.16,26.1,78.98,26.3,79.34,100.0
2026-08-29T00:47:39.208127+00:00,inside in water 1,4CB13989-424F-31F7-E5C6-3C2FD749BFBE,-63,26.1,78.98,26.4,79.52,26.2,79.16,26.2,79.16,26.1,78.98,26.3,79.34,100.0
2026-08-29T00:47:41.217556+00:00,inside in water 1,4CB13989-424F-31F7-E5C6-3C2FD749BFBE,-45,26.1,78.98,26.4,79.52,26.2,79.16,26.2,79.16,26.1,78.98,26.3,79.34,100.0
2026-08-29T00:47:43.228141+00:00,inside in water 1,4CB13989-424F-31F7-E5C6-3C2FD749BFBE,-54,26.1,78.98,26.3,79.34,26.2,79.16,26.2,79.16,26.1,78.98,26.3,79.34,100.0
2026-08-29T00:47:45.238359+00:00,inside in water 1,4CB13989-424F-31F7-E5C6-3C2FD749BFBE,-54,26.1,78.98,26.3,79.34,26.2,79.16,26.2,79.16,26.1,78.98,26.3,79.34,100.0
2026-08-29T00:47:47.253604+00:00,inside in water 1,4CB13989-424F-31F7-E5C6-3C2FD749BFBE,-54,26.1,78.98,26.3,79.34,26.2,79.16,26.2,79.16,26.1,78.98,26.3,79.34,100.0
2026-08-29T00:47:49.260033+00:00,inside in water 1,4CB13989-424F-31F7-E5C6-3C2FD749BFBE,-44,26.1,78.98,26.2,79.16,26.1,78.98,26.2,79.16,26.1,78.98,26.2,79.16,100.0
2026-08-29T00:47:51.270294+00:00,inside in water 1,4CB13989-424F-31F7-E5C6-3C2FD749BFBE,-46,26.0,78.80000000000001,26.4,79.52,26.2,79.16,26.2,79.16,26.0,78.80000000000001,26.2,79.16,100.0
2026-08-29T00:47:53.278912+00:00,inside in water 1,4CB13989-424F-31F7-E5C6-3C2FD749BFBE,-45,26.0,78.80000000000001,26.4,79.52,26.2,79.16,26.2,79.16,26.0,78.80000000000001,26.2,79.16,100.0
2026-08-29T00:47:55.292112+00:00,inside in water 1,4CB13989-424F-31F7-E5C6-3C2FD749BFBE,-45,26.0,78.80000000000001,26.4,79.52,26.2,79.16,26.2,79.16,26.0,78.80000000000001,26.2,79.16,100.0
2026-08-29T00:47:57.314767+00:00,inside in water 1,4CB13989-424F-31F7-E5C6-3C2FD749BFBE,-44,26.0,78.80000000000001,26.2,79.16,26.1,78.98,26.2,79.16,26.0,78.80000000000001,26.2,79.16,100.0
2026-08-29T00:47:59.321793+00:00,inside in water 1,4CB13989-424F-31F7-E5C6-3C2FD749BFBE,-44,26.0,78.80000000000001,26.2,79.16,26.1,78.98,26.2,79.16,26.0,78.80000000000001,26.2,79.16,100.0
2026-08-29T00:48:01.329259+00:00,inside in water 1,4CB13989-424F-31F7-E5C6-3C2FD749BFBE,-45,26.0,78.80000000000001,26.2,79.16,26.1,78.98,26.2,79.16,26.0,78.80000000000001,26.2,79.16,100.0
2026-08-29T00:48:03.336250+00:00,inside in water 1,4CB13989-424F-31F7-E5C6-3C2FD749BFBE,-44,26.0,78.80000000000001,26.2,79.16,26.2,79.16,26.2,79.16,26.0,78.80000000000001,26.3,79.34,100.0
2026-08-29T00:48:05.342364+00:00,inside in water 1,4CB13989-424F-31F7-E5C6-3C2FD749BFBE,-46,26.0,78.80000000000001,26.4,79.52,26.2,79.16,26.2,79.16,26.0,78.80000000000001,26.2,79.16,100.0
2026-08-29T00:48:07.350590+00:00,inside in water 1,4CB13989-424F-31F7-E5C6-3C2FD749BFBE,-45,26.0,78.80000000000001,26.3,79.34,26.2,79.16,26.2,79.16,26.0,78.80000000000001,26.2,79.16,100.0
2026-08-29T00:48:09.370294+00:00,inside in water 1,4CB13989-424F-31F7-E5C6-3C2FD749BFBE,-45,26.0,78.80000000000001,26.3,79.34,26.2,79.16,26.2,79.16,26.0,78.80000000000001,26.2,79.16,100.0
2026-08-29T00:48:11.379690+00:00,inside in water 1,4CB13989-424F-31F7-E5C6-3C2FD749BFBE,-63,26.0,78.80000000000001,26.2,79.16,26.2,79.16,26.2,79.16,26.0,78.80000000000001,26.2,79.16,100.0
2026-08-29T00:48:13.390675+00:00,inside in water 1,4CB13989-424F-31F7-E5C6-3C2FD749BFBE,-46,26.0,78.80000000000001,26.2,79.16,26.2,79.16,26.2,79.16,26.0,78.80000000000001,26.2,79.16,100.0
2026-08-29T00:48:15.400907+00:00,inside in water 1,4CB13989-424F-31F7-E5C6-3C2FD749BFBE,-46,26.0,78.80000000000001,26.2,79.16,26.2,79.16,26.2,79.16,26.0,78.80000000000001,26.2,79.16,100.0
2026-08-29T00:48:17.406404+00:00,inside in water 1,4CB13989-424F-31F7-E5C6-3C2FD749BFBE,-45,26.0,78.80000000000001,26.2,79.16,26.2,79.16,26.2,79.16,26.0,78.80000000000001,26.2,79.16,100.0
2026-08-29T00:48:19.417962+00:00,inside in water 1,4CB13989-424F-31F7-E5C6-3C2FD749BFBE,-65,26.0,78.80000000000001,26.3,79.34,26.2,79.16,26.2,79.16,26.0,78.80000000000001,26.2,79.16,100.0
2026-08-29T00:48:21.432196+00:00,inside in water 1,4CB13989-424F-31F7-E5C6-3C2FD749BFBE,-65,26.0,78.80000000000001,26.3,79.34,26.2,79.16,26.2,79.16,26.0,78.80000000000001,26.2,79.16,100.0
2026-08-29T00:48:23.443595+00:00,inside in water 1,4CB13989-424F-31F7-E5C6-3C2FD749BFBE,-45,26.0,78.80000000000001,26.3,79.34,26.2,79.16,26.2,79.16,26.0,78.80000000000001,26.3,79.34,100.0
2026-08-29T00:48:25.460285+00:00,inside in water 1,4CB13989-424F-31F7-E5C6-3C2FD749BFBE,-45,26.0,78.80000000000001,26.3,79.34,26.2,79.16,26.2,79.16,26.0,78.80000000000001,26.3,79.34,100.0
2026-08-29T00:48:27.470561+00:00,inside in water 1,4CB13989-424F-31F7-E5C6-3C2FD749BFBE,-45,26.0,78.80000000000001,26.3,79.34,26.2,79.16,26.2,79.16,26.0,78.80000000000001,26.3,79.34,100.0
2026-08-29T00:48:29.478095+00:00,inside in water 1,4CB13989-424F-31F7-E5C6-3C2FD749BFBE,-65,26.0,78.80000000000001,26.4,79.52,26.2,79.16,26.2,79.16,26.0,78.80000000000001,26.2,79.16,100.0
2026-08-29T00:48:31.484960+00:00,inside in water 1,4CB13989-424F-31F7-E5C6-3C2FD749BFBE,-65,26.0,78.80000000000001,26.4,79.52,26.2,79.16,26.2,79.16,26.0,78.80000000000001,26.2,79.16,100.0
2026-08-29T00:48:33.498702+00:00,inside in water 1,4CB13989-424F-31F7-E5C6-3C2FD749BFBE,-65,26.0,78.80000000000001,26.4,79.52,26.2,79.16,26.2,79.16,26.0,78.80000000000001,26.2,79.16,100.0
2026-08-29T00:48:35.509944+00:00,inside in water 1,4CB13989-424F-31F7-E5C6-3C2FD749BFBE,-44,26.0,78.80000000000001,26.4,79.52,26.2,79.16,26.2,79.16,26.0,78.80000000000001,26.2,79.16,99.0
2026-08-29T00:48:37.525078+00:00,inside in water 1,4CB13989-424F-31F7-E5C6-3C2FD749BFBE,-46,26.0,78.80000000000001,26.4,79.52,26.1,78.98,26.2,79.16,26.0,78.80000000000001,26.2,79.16,99.0
2026-08-29T00:48:39.536408+00:00,inside in water 1,4CB13989-424F-31F7-E5C6-3C2FD749BFBE,-46,26.0,78.80000000000001,26.4,79.52,26.1,78.98,26.2,79.16,26.0,78.80000000000001,26.2,79.16,99.0
2026-08-29T00:48:41.541374+00:00,inside in water 1,4CB13989-424F-31F7-E5C6-3C2FD749BFBE,-46,26.0,78.80000000000001,26.4,79.52,26.1,78.98,26.2,79.16,26.0,78.80000000000001,26.2,79.16,99.0
2026-08-29T00:48:43.552875+00:00,inside in water 1,4CB13989-424F-31F7-E5C6-3C2FD749BFBE,-44,26.0,78.80000000000001,26.4,79.52,26.1,78.98,26.2,79.16,26.0,78.80000000000001,26.2,79.16,99.0
2026-08-29T00:48:45.561421+00:00,inside in water 1,4CB13989-424F-31F7-E5C6-3C2FD749BFBE,-44,26.0,78.80000000000001,26.4,79.52,26.1,78.98,26.2,79.16,26.0,78.80000000000001,26.2,79.16,99.0
2026-08-29T00:48:47.570343+00:00,inside in water 1,4CB13989-424F-31F7-E5C6-3C2FD749BFBE,-45,26.0,78.80000000000001,26.3,79.34,26.1,78.98,26.2,79.16,26.0,78.80000000000001,26.2,79.16,99.0
2026-08-29T00:48:49.585564+00:00,inside in water 1,4CB13989-424F-31F7-E5C6-3C2FD749BFBE,-66,26.0,78.80000000000001,26.4,79.52,26.2,79.16,26.2,79.16,26.0,78.80000000000001,26.2,79.16,99.0
2026-08-29T00:48:51.620631+00:00,inside in water 1,4CB13989-424F-31F7-E5C6-3C2FD749BFBE,-66,26.0,78.80000000000001,26.4,79.52,26.2,79.16,26.2,79.16,26.0,78.80000000000001,26.2,79.16,99.0
2026-08-29T00:48:53.630756+00:00,inside in water 1,4CB13989-424F-31F7-E5C6-3C2FD749BFBE,-44,26.0,78.80000000000001,26.4,79.52,26.2,79.16,26.2,79.16,26.0,78.80000000000001,26.2,79.16,99.0
2026-08-29T00:48:55.641900+00:00,inside in water 1,4CB13989-424F-31F7-E5C6-3C2FD749BFBE,-45,26.0,78.80000000000001,26.3,79.34,26.1,78.98,26.1,78.98,26.0,78.80000000000001,26.2,79.16,99.0
2026-08-29T00:48:57.650446+00:00,inside in water 1,4CB13989-424F-31F7-E5C6-3C2FD749BFBE,-45,26.0,78.80000000000001,26.3,79.34,26.1,78.98,26.1,78.98,26.0,78.80000000000001,26.2,79.16,99.0
2026-08-29T00:48:59.656895+00:00,inside in water 1,4CB13989-424F-31F7-E5C6-3C2FD749BFBE,-45,26.0,78.80000000000001,26.3,79.34,26.1,78.98,26.1,78.98,26.0,78.80000000000001,26.2,79.16,99.0
2026-08-29T00:49:01.667927+00:00,inside in water 1,4CB13989-424F-31F7-E5C6-3C2FD749BFBE,-45,26.0,78.80000000000001,26.3,79.34,26.1,78.98,26.1,78.98,26.0,78.80000000000001,26.2,79.16,99.0
2026-08-29T00:49:03.679666+00:00,inside in water 1,4CB13989-424F-31F7-E5C6-3C2FD749BFBE,-45,26.0,78.80000000000001,26.3,79.34,26.1,78.98,26.1,78.98,26.0,78.80000000000001,26.2,79.16,99.0
2026-08-29T00:49:05.689638+00:00,inside in water 1,4CB13989-424F-31F7-E5C6-3C2FD749BFBE,-46,26.0,78.80000000000001,26.3,79.34,26.1,78.98,26.1,78.98,26.0,78.80000000000001,26.2,79.16,99.0
2026-08-29T00:49:07.697331+00:00,inside in water 1,4CB13989-424F-31F7-E5C6-3C2FD749BFBE,-46,26.0,78.80000000000001,26.3,79.34,26.1,78.98,26.1,78.98,26.0,78.80000000000001,26.2,79.16,99.0
2026-08-29T00:49:09.705709+00:00,inside in water 1,4CB13989-424F-31F7-E5C6-3C2FD749BFBE,-46,26.0,78.80000000000001,26.3,79.34,26.1,78.98,26.1,78.98,26.0,78.80000000000001,26.2,79.16,99.0
2026-08-29T00:49:11.711595+00:00,inside in water 1,4CB13989-424F-31F7-E5C6-3C2FD749BFBE,-45,26.0,78.80000000000001,26.2,79.16,26.1,78.98,26.1,78.98,26.0,78.80000000000001,26.2,79.16,99.0
2026-08-29T00:49:13.720896+00:00,inside in water 1,4CB13989-424F-31F7-E5C6-3C2FD749BFBE,-46,26.0,78.80000000000001,26.3,79.34,26.1,78.98,26.1,78.98,26.0,78.80000000000001,26.2,79.16,99.0
2026-08-29T00:49:15.729280+00:00,inside in water 1,4CB13989-424F-31F7-E5C6-3C2FD749BFBE,-46,26.0,78.80000000000001,26.3,79.34,26.1,78.98,26.1,78.98,26.0,78.80000000000001,26.2,79.16,99.0
2026-08-29T00:49:17.740407+00:00,inside in water 1,4CB13989-424F-31F7-E5C6-3C2FD749BFBE,-44,26.0,78.80000000000001,26.2,79.16,26.1,78.98,26.1,78.98,26.0,78.80000000000001,26.2,79.16,99.0
2026-08-29T00:49:19.749810+00:00,inside in water 1,4CB13989-424F-31F7-E5C6-3C2FD749BFBE,-45,26.0,78.80000000000001,26.2,79.16,26.1,78.98,26.1,78.98,26.0,78.80000000000001,26.2,79.16,99.0
2026-08-29T00:49:21.762649+00:00,inside in water 1,4CB13989-424F-31F7-E5C6-3C2FD749BFBE,-44,26.0,78.80000000000001,26.2,79.16,26.1,78.98,26.1,78.98,26.0,78.80000000000001,26.2,79.16,99.0
2026-08-29T00:49:23.776128+00:00,inside in water 1,4CB13989-424F-31F7-E5C6-3C2FD749BFBE,-44,26.0,78.80000000000001,26.2,79.16,26.1,78.98,26.1,78.98,26.0,78.80000000000001,26.2,79.16,99.0
2026-08-29T00:49:25.784103+00:00,inside in water 1,4CB13989-424F-31F7-E5C6-3C2FD749BFBE,-45,26.0,78.80000000000001,26.3,79.34,26.1,78.98,26.1,78.98,26.0,78.80000000000001,26.2,79.16,99.0
2026-08-29T00:49:27.804962+00:00,inside in water 1,4CB13989-424F-31F7-E5C6-3C2FD749BFBE,-45,26.0,78.80000000000001,26.4,79.52,26.1,78.98,26.1,78.98,26.0,78.80000000000001,26.2,79.16,99.0
2026-08-29T00:49:29.813816+00:00,inside in water 1,4CB13989-424F-31F7-E5C6-3C2FD749BFBE,-44,26.0,78.80000000000001,26.4,79.52,26.1,78.98,26.1,78.98,26.0,78.80000000000001,26.2,79.16,99.0
2026-08-29T00:49:31.820601+00:00,inside in water 1,4CB13989-424F-31F7-E5C6-3C2FD749BFBE,-55,26.0,78.80000000000001,26.2,79.16,26.1,78.98,26.1,78.98,26.0,78.80000000000001,26.2,79.16,99.0
2026-08-29T00:49:33.827813+00:00,inside in water 1,4CB13989-424F-31F7-E5C6-3C2FD749BFBE,-55,26.0,78.80000000000001,26.2,79.16,26.1,78.98,26.1,78.98,26.0,78.80000000000001,26.2,79.16,99.0
2026-08-29T00:49:35.838685+00:00,inside in water 1,4CB13989-424F-31F7-E5C6-3C2FD749BFBE,-45,26.0,78.80000000000001,26.2,79.16,26.1,78.98,26.1,78.98,26.0,78.80000000000001,26.2,79.16,99.0
2026-08-29T00:49:37.846060+00:00,inside in water 1,4CB13989-424F-31F7-E5C6-3C2FD749BFBE,-45,26.0,78.80000000000001,26.3,79.34,26.1,78.98,26.1,78.98,26.0,78.80000000000001,26.2,79.16,99.0
2026-08-29T00:49:39.851396+00:00,inside in water 1,4CB13989-424F-31F7-E5C6-3C2FD749BFBE,-45,26.0,78.80000000000001,26.3,79.34,26.1,78.98,26.1,78.98,26.0,78.80000000000001,26.2,79.16,99.0
2026-08-29T00:49:41.858202+00:00,inside in water 1,4CB13989-424F-31F7-E5C6-3C2FD749BFBE,-46,26.0,78.80000000000001,26.2,79.16,26.1,78.98,26.1,78.98,26.0,78.80000000000001,26.2,79.16,99.0
2026-08-29T00:49:43.868675+00:00,inside in water 1,4CB13989-424F-31F7-E5C6-3C2FD749BFBE,-44,26.0,78.80000000000001,26.2,79.16,26.1,78.98,26.1,78.98,26.0,78.80000000000001,26.2,79.16,99.0
2026-08-29T00:49:45.878367+00:00,inside in water 1,4CB13989-424F-31F7-E5C6-3C2FD749BFBE,-46,26.0,78.80000000000001,26.2,79.16,26.1,78.98,26.1,78.98,26.0,78.80000000000001,26.2,79.16,99.0
2026-08-29T00:49:47.886991+00:00,inside in water 1,4CB13989-424F-31F7-E5C6-3C2FD749BFBE,-65,26.0,78.80000000000001,26.2,79.16,26.1,78.98,26.1,78.98,26.0,78.80000000000001,26.2,79.16,99.0
2026-08-29T00:49:49.895406+00:00,inside in water 1,4CB13989-424F-31F7-E5C6-3C2FD749BFBE,-65,26.0,78.80000000000001,26.2,79.16,26.1,78.98,26.1,78.98,26.0,78.80000000000001,26.2,79.16,99.0
2026-08-29T00:49:51.910125+00:00,inside in water 1,4CB13989-424F-31F7-E5C6-3C2FD749BFBE,-44,26.0,78.80000000000001,26.2,79.16,26.1,78.98,26.1,78.98,26.0,78.80000000000001,26.2,79.16,99.0
2026-08-29T00:49:53.928707+00:00,inside in water 1,4CB13989-424F-31F7-E5C6-3C2FD749BFBE,-46,26.0,78.80000000000001,26.1,78.98,26.1,78.98,26.1,78.98,26.0,78.80000000000001,26.2,79.16,99.0
2026-08-29T00:49:55.968777+00:00,inside in water 1,4CB13989-424F-31F7-E5C6-3C2FD749BFBE,-45,26.0,78.80000000000001,26.1,78.98,26.1,78.98,26.1,78.98,26.0,78.80000000000001,26.2,79.16,99.0
2026-08-29T00:49:57.977624+00:00,inside in water 1,4CB13989-424F-31F7-E5C6-3C2FD749BFBE,-45,26.0,78.80000000000001,26.1,78.98,26.1,78.98,26.1,78.98,26.0,78.80000000000001,26.2,79.16,99.0
2026-08-29T00:49:59.984080+00:00,inside in water 1,4CB13989-424F-31F7-E5C6-3C2FD749BFBE,-45,26.0,78.80000000000001,26.1,78.98,26.1,78.98,26.1,78.98,26.0,78.80000000000001,26.2,79.16,99.0
2026-08-29T00:50:01.990833+00:00,inside in water 1,4CB13989-424F-31F7-E5C6-3C2FD749BFBE,-46,26.0,78.80000000000001,26.3,79.34,26.1,78.98,26.1,78.98,26.0,78.80000000000001,26.1,78.98,99.0
2026-08-29T00:50:04.001171+00:00,inside in water 1,4CB13989-424F-31F7-E5C6-3C2FD749BFBE,-54,26.0,78.80000000000001,26.1,78.98,26.1,78.98,26.1,78.98,26.0,78.80000000000001,26.2,79.16,99.0
2026-08-29T00:50:06.014815+00:00,inside in water 1,4CB13989-424F-31F7-E5C6-3C2FD749BFBE,-54,26.0,78.80000000000001,26.1,78.98,26.1,78.98,26.1,78.98,26.0,78.80000000000001,26.2,79.16,99.0
2026-08-29T00:50:08.020680+00:00,inside in water 1,4CB13989-424F-31F7-E5C6-3C2FD749BFBE,-54,26.0,78.80000000000001,26.1,78.98,26.1,78.98,26.1,78.98,26.0,78.80000000000001,26.2,79.16,99.0
2026-08-29T00:50:10.030634+00:00,inside in water 1,4CB13989-424F-31F7-E5C6-3C2FD749BFBE,-46,26.0,78.80000000000001,26.5,79.7,26.1,78.98,26.1,78.98,26.0,78.80000000000001,26.2,79.16,99.0
2026-08-29T00:50:12.047443+00:00,inside in water 1,4CB13989-424F-31F7-E5C6-3C2FD749BFBE,-44,26.0,78.80000000000001,26.2,79.16,26.1,78.98,26.1,78.98,26.0,78.80000000000001,26.2,79.16,99.0
2026-08-29T00:50:14.056378+00:00,inside in water 1,4CB13989-424F-31F7-E5C6-3C2FD749BFBE,-44,26.0,78.80000000000001,26.2,79.16,26.1,78.98,26.1,78.98,26.0,78.80000000000001,26.2,79.16,99.0
2026-08-29T00:50:16.077763+00:00,inside in water 1,4CB13989-424F-31F7-E5C6-3C2FD749BFBE,-44,26.0,78.80000000000001,26.2,79.16,26.1,78.98,26.1,78.98,26.0,78.80000000000001,26.2,79.16,99.0
2026-08-29T00:50:18.087993+00:00,inside in water 1,4CB13989-424F-31F7-E5C6-3C2FD749BFBE,-44,26.0,78.80000000000001,26.2,79.16,26.1,78.98,26.1,78.98,26.0,78.80000000000001,26.2,79.16,99.0
2026-08-29T00:50:20.094930+00:00,inside in water 1,4CB13989-424F-31F7-E5C6-3C2FD749BFBE,-46,26.0,78.80000000000001,26.3,79.34,26.1,78.98,26.1,78.98,26.0,78.80000000000001,26.2,79.16,99.0
2026-08-29T00:50:22.100363+00:00,inside in water 1,4CB13989-424F-31F7-E5C6-3C2FD749BFBE,-45,26.0,78.80000000000001,26.1,78.98,26.1,78.98,26.1,78.98,26.0,78.80000000000001,26.2,79.16,99.0
2026-08-29T00:50:24.108867+00:00,inside in water 1,4CB13989-424F-31F7-E5C6-3C2FD749BFBE,-46,26.0,78.80000000000001,26.1,78.98,26.1,78.98,26.1,78.98,26.0,78.80000000000001,26.2,79.16,99.0
2026-08-29T00:50:26.121180+00:00,inside in water 1,4CB13989-424F-31F7-E5C6-3C2FD749BFBE,-46,26.0,78.80000000000001,26.1,78.98,26.1,78.98,26.1,78.98,26.0,78.80000000000001,26.2,79.16,99.0
2026-08-29T00:50:28.131274+00:00,inside in water 1,4CB13989-424F-31F7-E5C6-3C2FD749BFBE,-46,26.0,78.80000000000001,26.1,78.98,26.1,78.98,26.1,78.98,26.0,78.80000000000001,26.2,79.16,99.0
2026-08-29T00:50:30.137639+00:00,inside in water 1,4CB13989-424F-31F7-E5C6-3C2FD749BFBE,-45,26.0,78.80000000000001,26.1,78.98,26.1,78.98,26.1,78.98,26.0,78.80000000000001,26.2,79.16,99.0
2026-08-29T00:50:32.147750+00:00,inside in water 1,4CB13989-424F-31F7-E5C6-3C2FD749BFBE,-46,26.0,78.80000000000001,26.0,78.80000000000001,26.1,78.98,26.1,78.98,26.0,78.80000000000001,26.1,78.98,99.0
2026-08-29T00:50:34.163861+00:00,inside in water 1,4CB13989-424F-31F7-E5C6-3C2FD749BFBE,-46,26.0,78.80000000000001,26.0,78.80000000000001,26.1,78.98,26.1,78.98,26.0,78.80000000000001,26.1,78.98,99.0
2026-08-29T00:50:36.182206+00:00,inside in water 1,4CB13989-424F-31F7-E5C6-3C2FD749BFBE,-46,26.0,78.80000000000001,26.0,78.80000000000001,26.1,78.98,26.1,78.98,26.0,78.80000000000001,26.1,78.98,99.0
2026-08-29T00:50:38.192363+00:00,inside in water 1,4CB13989-424F-31F7-E5C6-3C2FD749BFBE,-45,26.0,78.80000000000001,26.2,79.16,26.1,78.98,26.1,78.98,26.0,78.80000000000001,26.2,79.16,99.0
2026-08-29T00:50:40.202081+00:00,inside in water 1,4CB13989-424F-31F7-E5C6-3C2FD749BFBE,-44,26.0,78.80000000000001,26.2,79.16,26.1,78.98,26.1,78.98,26.0,78.80000000000001,26.2,79.16,99.0
2026-08-29T00:50:42.207474+00:00,inside in water 1,4CB13989-424F-31F7-E5C6-3C2FD749BFBE,-47,26.0,78.80000000000001,26.2,79.16,26.1,78.98,26.1,78.98,26.0,78.80000000000001,26.1,78.98,99.0
2026-08-29T00:50:44.229096+00:00,inside in water 1,4CB13989-424F-31F7-E5C6-3C2FD749BFBE,-55,25.9,78.62,26.1,78.98,26.1,78.98,26.1,78.98,25.9,78.62,26.1,78.98,99.0
2026-08-29T00:50:46.238732+00:00,inside in water 1,4CB13989-424F-31F7-E5C6-3C2FD749BFBE,-46,25.9,78.62,26.1,78.98,26.1,78.98,26.1,78.98,25.9,78.62,26.1,78.98,99.0
2026-08-29T00:50:48.250046+00:00,inside in water 1,4CB13989-424F-31F7-E5C6-3C2FD749BFBE,-52,26.0,78.80000000000001,26.4,79.52,26.1,78.98,26.1,78.98,26.0,78.80000000000001,26.1,78.98,99.0
2026-08-29T00:50:50.259953+00:00,inside in water 1,4CB13989-424F-31F7-E5C6-3C2FD749BFBE,-54,26.0,78.80000000000001,26.3,79.34,26.1,78.98,26.1,78.98,26.0,78.80000000000001,26.1,78.98,99.0
2026-08-29T00:50:52.283177+00:00,inside in water 1,4CB13989-424F-31F7-E5C6-3C2FD749BFBE,-49,25.9,78.62,26.1,78.98,26.1,78.98,26.1,78.98,25.9,78.62,26.1,78.98,99.0
2026-08-29T00:50:54.285963+00:00,inside in water 1,4CB13989-424F-31F7-E5C6-3C2FD749BFBE,-53,26.0,78.80000000000001,26.2,79.16,26.1,78.98,26.1,78.98,26.0,78.80000000000001,26.1,78.98,99.0
2026-08-29T00:50:56.293261+00:00,inside in water 1,4CB13989-424F-31F7-E5C6-3C2FD749BFBE,-50,26.0,78.80000000000001,26.5,79.7,26.1,78.98,26.1,78.98,26.0,78.80000000000001,26.2,79.16,99.0
2026-08-29T00:50:58.295555+00:00,inside in water 1,4CB13989-424F-31F7-E5C6-3C2FD749BFBE,-56,26.0,78.80000000000001,26.1,78.98,26.1,78.98,26.1,78.98,26.0,78.80000000000001,26.1,78.98,99.0
2026-08-29T00:51:00.302278+00:00,inside in water 1,4CB13989-424F-31F7-E5C6-3C2FD749BFBE,-57,26.0,78.80000000000001,26.1,78.98,26.1,78.98,26.1,78.98,26.0,78.80000000000001,26.1,78.98,99.0
2026-08-29T00:51:02.308332+00:00,inside in water 1,4CB13989-424F-31F7-E5C6-3C2FD749BFBE,-50,26.0,78.80000000000001,26.2,79.16,26.1,78.98,26.1,78.98,26.0,78.80000000000001,26.1,78.98,99.0
2026-08-29T00:51:04.313512+00:00,inside in water 1,4CB13989-424F-31F7-E5C6-3C2FD749BFBE,-50,26.0,78.80000000000001,26.2,79.16,26.1,78.98,26.1,78.98,26.0,78.80000000000001,26.1,78.98,99.0
2026-08-29T00:51:06.321234+00:00,inside in water 1,4CB13989-424F-31F7-E5C6-3C2FD749BFBE,-50,26.0,78.80000000000001,26.1,78.98,26.1,78.98,26.1,78.98,26.0,78.80000000000001,26.2,79.16,99.0
2026-08-29T00:51:08.327111+00:00,inside in water 1,4CB13989-424F-31F7-E5C6-3C2FD749BFBE,-50,26.0,78.80000000000001,26.1,78.98,26.1,78.98,26.1,78.98,26.0,78.80000000000001,26.2,79.16,99.0
2026-08-29T00:51:10.331495+00:00,inside in water 1,4CB13989-424F-31F7-E5C6-3C2FD749BFBE,-60,26.0,78.80000000000001,26.2,79.16,26.1,78.98,26.1,78.98,26.0,78.80000000000001,26.1,78.98,99.0
2026-08-29T00:51:12.335184+00:00,inside in water 1,4CB13989-424F-31F7-E5C6-3C2FD749BFBE,-49,26.0,78.80000000000001,26.2,79.16,26.1,78.98,26.1,78.98,26.0,78.80000000000001,26.1,78.98,99.0
2026-08-29T00:51:14.342075+00:00,inside in water 1,4CB13989-424F-31F7-E5C6-3C2FD749BFBE,-49,26.0,78.80000000000001,26.2,79.16,26.1,78.98,26.1,78.98,26.0,78.80000000000001,26.1,78.98,99.0
2026-08-29T00:51:16.344801+00:00,inside in water 1,4CB13989-424F-31F7-E5C6-3C2FD749BFBE,-51,26.0,78.80000000000001,26.2,79.16,26.1,78.98,26.1,78.98,26.0,78.80000000000001,26.1,78.98,99.0
2026-08-29T00:51:18.349415+00:00,inside in water 1,4CB13989-424F-31F7-E5C6-3C2FD749BFBE,-47,25.9,78.62,26.1,78.98,26.1,78.98,26.1,78.98,25.9,78.62,26.1,78.98,99.0
2026-08-29T00:51:20.356241+00:00,inside in water 1,4CB13989-424F-31F7-E5C6-3C2FD749BFBE,-51,25.9,78.62,26.1,78.98,26.1,78.98,26.1,78.98,25.9,78.62,26.1,78.98,99.0
2026-08-29T00:51:22.359571+00:00,inside in water 1,4CB13989-424F-31F7-E5C6-3C2FD749BFBE,-48,26.0,78.80000000000001,26.0,78.80000000000001,26.1,78.98,26.1,78.98,26.0,78.80000000000001,26.1,78.98,99.0
2026-08-29T00:51:24.361578+00:00,inside in water 1,4CB13989-424F-31F7-E5C6-3C2FD749BFBE,-48,26.0,78.80000000000001,26.0,78.80000000000001,26.1,78.98,26.1,78.98,26.0,78.80000000000001,26.1,78.98,99.0
2026-08-29T00:51:26.363049+00:00,inside in water 1,4CB13989-424F-31F7-E5C6-3C2FD749BFBE,-54,26.0,78.80000000000001,26.1,78.98,26.1,78.98,26.1,78.98,26.0,78.80000000000001,26.1,78.98,99.0
2026-08-29T00:51:28.364958+00:00,inside in water 1,4CB13989-424F-31F7-E5C6-3C2FD749BFBE,-49,26.0,78.80000000000001,26.1,78.98,26.1,78.98,26.1,78.98,26.0,78.80000000000001,26.1,78.98,99.0
2026-08-29T00:51:30.369325+00:00,inside in water 1,4CB13989-424F-31F7-E5C6-3C2FD749BFBE,-49,26.0,78.80000000000001,26.1,78.98,26.1,78.98,26.1,78.98,26.0,78.80000000000001,26.1,78.98,99.0
2026-08-29T00:51:32.375372+00:00,inside in water 1,4CB13989-424F-31F7-E5C6-3C2FD749BFBE,-49,26.0,78.80000000000001,26.1,78.98,26.1,78.98,26.1,78.98,26.0,78.80000000000001,26.1,78.98,99.0
2026-08-29T00:51:34.377974+00:00,inside in water 1,4CB13989-424F-31F7-E5C6-3C2FD749BFBE,-50,26.0,78.80000000000001,26.1,78.98,26.1,78.98,26.1,78.98,26.0,78.80000000000001,26.1,78.98,99.0
2026-08-29T00:51:36.384468+00:00,inside in water 1,4CB13989-424F-31F7-E5C6-3C2FD749BFBE,-52,26.0,78.80000000000001,26.1,78.98,26.1,78.98,26.1,78.98,26.0,78.80000000000001,26.1,78.98,99.0
2026-08-29T00:51:38.388579+00:00,inside in water 1,4CB13989-424F-31F7-E5C6-3C2FD749BFBE,-47,26.0,78.80000000000001,26.4,79.52,26.1,78.98,26.1,78.98,26.0,78.80000000000001,26.1,78.98,99.0
2026-08-29T00:51:40.393556+00:00,inside in water 1,4CB13989-424F-31F7-E5C6-3C2FD749BFBE,-52,26.0,78.80000000000001,26.4,79.52,26.1,78.98,26.1,78.98,26.0,78.80000000000001,26.1,78.98,99.0
2026-08-29T00:51:42.400427+00:00,inside in water 1,4CB13989-424F-31F7-E5C6-3C2FD749BFBE,-51,26.0,78.80000000000001,26.4,79.52,26.1,78.98,26.1,78.98,26.0,78.80000000000001,26.1,78.98,99.0
2026-08-29T00:51:44.404002+00:00,inside in water 1,4CB13989-424F-31F7-E5C6-3C2FD749BFBE,-47,25.9,78.62,26.3,79.34,26.1,78.98,26.1,78.98,25.9,78.62,26.1,78.98,99.0
2026-08-29T00:51:46.406683+00:00,inside in water 1,4CB13989-424F-31F7-E5C6-3C2FD749BFBE,-47,25.9,78.62,26.3,79.34,26.1,78.98,26.1,78.98,25.9,78.62,26.1,78.98,99.0
2026-08-29T00:51:48.411972+00:00,inside in water 1,4CB13989-424F-31F7-E5C6-3C2FD749BFBE,-47,25.9,78.62,26.3,79.34,26.1,78.98,26.1,78.98,25.9,78.62,26.1,78.98,99.0
2026-08-29T00:51:50.416866+00:00,inside in water 1,4CB13989-424F-31F7-E5C6-3C2FD749BFBE,-51,26.0,78.80000000000001,26.1,78.98,26.1,78.98,26.1,78.98,26.0,78.80000000000001,26.1,78.98,99.0
2026-08-29T00:51:52.419078+00:00,inside in water 1,4CB13989-424F-31F7-E5C6-3C2FD749BFBE,-48,25.9,78.62,26.1,78.98,26.0,78.80000000000001,26.1,78.98,25.9,78.62,26.1,78.98,99.0
2026-08-29T00:51:54.424022+00:00,inside in water 1,4CB13989-424F-31F7-E5C6-3C2FD749BFBE,-52,26.0,78.80000000000001,26.1,78.98,26.1,78.98,26.1,78.98,26.0,78.80000000000001,26.1,78.98,99.0
2026-08-29T00:51:56.429235+00:00,inside in water 1,4CB13989-424F-31F7-E5C6-3C2FD749BFBE,-52,26.0,78.80000000000001,26.1,78.98,26.1,78.98,26.1,78.98,26.0,78.80000000000001,26.1,78.98,99.0
2026-08-29T00:51:58.435307+00:00,inside in water 1,4CB13989-424F-31F7-E5C6-3C2FD749BFBE,-49,26.0,78.80000000000001,26.1,78.98,26.1,78.98,26.1,78.98,26.0,78.80000000000001,26.1,78.98,99.0
2026-08-29T00:52:00.440961+00:00,inside in water 1,4CB13989-424F-31F7-E5C6-3C2FD749BFBE,-49,26.0,78.80000000000001,26.1,78.98,26.1,78.98,26.1,78.98,26.0,78.80000000000001,26.1,78.98,99.0
2026-08-29T00:52:02.446879+00:00,inside in water 1,4CB13989-424F-31F7-E5C6-3C2FD749BFBE,-70,26.0,78.80000000000001,26.3,79.34,26.1,78.98,26.1,78.98,26.0,78.80000000000001,26.2,79.16,99.0
2026-08-29T00:52:04.452608+00:00,inside in water 1,4CB13989-424F-31F7-E5C6-3C2FD749BFBE,-48,26.0,78.80000000000001,26.3,79.34,26.1,78.98,26.1,78.98,26.0,78.80000000000001,26.2,79.16,99.0
2026-08-29T00:52:06.463191+00:00,inside in water 1,4CB13989-424F-31F7-E5C6-3C2FD749BFBE,-52,26.0,78.80000000000001,26.3,79.34,26.1,78.98,26.1,78.98,26.0,78.80000000000001,26.2,79.16,99.0
2026-08-29T00:52:08.469062+00:00,inside in water 1,4CB13989-424F-31F7-E5C6-3C2FD749BFBE,-53,26.0,78.80000000000001,26.5,79.7,26.1,78.98,26.1,78.98,26.0,78.80000000000001,26.1,78.98,99.0
2026-08-29T00:52:10.475443+00:00,inside in water 1,4CB13989-424F-31F7-E5C6-3C2FD749BFBE,-52,25.9,78.62,26.2,79.16,26.1,78.98,26.1,78.98,25.9,78.62,26.1,78.98,99.0
2026-08-29T00:52:12.482174+00:00,inside in water 1,4CB13989-424F-31F7-E5C6-3C2FD749BFBE,-63,25.9,78.62,26.2,79.16,26.1,78.98,26.1,78.98,25.9,78.62,26.1,78.98,99.0
2026-08-29T00:52:14.488798+00:00,inside in water 1,4CB13989-424F-31F7-E5C6-3C2FD749BFBE,-49,25.9,78.62,26.4,79.52,26.1,78.98,26.1,78.98,25.9,78.62,26.1,78.98,99.0
2026-08-29T00:52:16.497335+00:00,inside in water 1,4CB13989-424F-31F7-E5C6-3C2FD749BFBE,-52,25.9,78.62,26.4,79.52,26.1,78.98,26.1,78.98,25.9,78.62,26.1,78.98,99.0
2026-08-29T00:52:18.501235+00:00,inside in water 1,4CB13989-424F-31F7-E5C6-3C2FD749BFBE,-52,25.9,78.62,26.2,79.16,26.1,78.98,26.1,78.98,25.9,78.62,26.1,78.98,99.0
2026-08-29T00:52:20.507625+00:00,inside in water 1,4CB13989-424F-31F7-E5C6-3C2FD749BFBE,-60,25.9,78.62,26.2,79.16,26.1,78.98,26.1,78.98,25.9,78.62,26.1,78.98,99.0
2026-08-29T00:52:22.513905+00:00,inside in water 1,4CB13989-424F-31F7-E5C6-3C2FD749BFBE,-49,26.0,78.80000000000001,26.2,79.16,26.1,78.98,26.1,78.98,26.0,78.80000000000001,26.1,78.98,99.0
2026-08-29T00:52:24.520862+00:00,inside in water 1,4CB13989-424F-31F7-E5C6-3C2FD749BFBE,-53,25.9,78.62,26.1,78.98,26.1,78.98,26.1,78.98,25.9,78.62,26.1,78.98,99.0
2026-08-29T00:52:26.527494+00:00,inside in water 1,4CB13989-424F-31F7-E5C6-3C2FD749BFBE,-64,26.0,78.80000000000001,26.2,79.16,26.1,78.98,26.1,78.98,26.0,78.80000000000001,26.2,79.16,99.0
2026-08-29T00:52:28.538298+00:00,inside in water 1,4CB13989-424F-31F7-E5C6-3C2FD749BFBE,-64,26.0,78.80000000000001,26.2,79.16,26.1,78.98,26.1,78.98,26.0,78.80000000000001,26.2,79.16,99.0
2026-08-29T00:52:30.546905+00:00,inside in water 1,4CB13989-424F-31F7-E5C6-3C2FD749BFBE,-50,26.0,78.80000000000001,26.2,79.16,26.1,78.98,26.1,78.98,26.0,78.80000000000001,26.2,79.16,99.0
2026-08-29T00:52:32.550175+00:00,inside in water 1,4CB13989-424F-31F7-E5C6-3C2FD749BFBE,-50,26.0,78.80000000000001,26.2,79.16,26.1,78.98,26.1,78.98,26.0,78.80000000000001,26.2,79.16,99.0
2026-08-29T00:52:34.559650+00:00,inside in water 1,4CB13989-424F-31F7-E5C6-3C2FD749BFBE,-54,26.0,78.80000000000001,26.2,79.16,26.1,78.98,26.1,78.98,26.0,78.80000000000001,26.2,79.16,99.0
2026-08-29T00:52:36.562954+00:00,inside in water 1,4CB13989-424F-31F7-E5C6-3C2FD749BFBE,-49,25.9,78.62,26.2,79.16,26.1,78.98,26.1,78.98,25.9,78.62,26.1,78.98,99.0
2026-08-29T00:52:38.569869+00:00,inside in water 1,4CB13989-424F-31F7-E5C6-3C2FD749BFBE,-49,25.9,78.62,26.2,79.16,26.1,78.98,26.1,78.98,25.9,78.62,26.1,78.98,99.0
2026-08-29T00:52:40.576099+00:00,inside in water 1,4CB13989-424F-31F7-E5C6-3C2FD749BFBE,-56,25.9,78.62,26.0,78.80000000000001,26.1,78.98,26.1,78.98,25.9,78.62,26.1,78.98,99.0
2026-08-29T00:52:42.578659+00:00,inside in water 1,4CB13989-424F-31F7-E5C6-3C2FD749BFBE,-56,25.9,78.62,26.0,78.80000000000001,26.1,78.98,26.1,78.98,25.9,78.62,26.1,78.98,99.0
2026-08-29T00:52:44.584241+00:00,inside in water 1,4CB13989-424F-31F7-E5C6-3C2FD749BFBE,-56,25.9,78.62,26.0,78.80000000000001,26.1,78.98,26.1,78.98,25.9,78.62,26.1,78.98,99.0
2026-08-29T00:52:46.589102+00:00,inside in water 1,4CB13989-424F-31F7-E5C6-3C2FD749BFBE,-43,26.0,78.80000000000001,26.3,79.34,26.1,78.98,26.1,78.98,26.0,78.80000000000001,26.3,79.34,99.0
2026-08-29T00:52:48.594233+00:00,inside in water 1,4CB13989-424F-31F7-E5C6-3C2FD749BFBE,-51,26.2,79.16,26.6,79.88,26.8,80.24000000000001,26.2,79.16,26.3,79.34,26.7,80.06,99.0
2026-08-29T00:52:50.601123+00:00,inside in water 1,4CB13989-424F-31F7-E5C6-3C2FD749BFBE,-51,26.2,79.16,26.6,79.88,26.8,80.24000000000001,26.2,79.16,26.3,79.34,26.7,80.06,99.0
2026-08-29T00:52:52.610696+00:00,inside in water 1,4CB13989-424F-31F7-E5C6-3C2FD749BFBE,-51,26.2,79.16,26.6,79.88,26.8,80.24000000000001,26.2,79.16,26.3,79.34,26.7,80.06,99.0
2026-08-29T00:52:54.617229+00:00,inside in water 1,4CB13989-424F-31F7-E5C6-3C2FD749BFBE,-60,28.7,83.66,27.0,80.6,29.6,85.28,29.1,84.38,28.7,83.66,28.8,83.84,99.0
2026-08-29T00:52:56.621768+00:00,inside in water 1,4CB13989-424F-31F7-E5C6-3C2FD749BFBE,-50,29.2,84.56,27.2,80.96000000000001,29.7,85.46000000000001,29.2,84.56,29.2,84.56,29.2,84.56,99.0
2026-08-29T00:52:58.627388+00:00,inside in water 1,4CB13989-424F-31F7-E5C6-3C2FD749BFBE,-42,29.2,84.56,27.2,80.96000000000001,29.7,85.46000000000001,29.2,84.56,29.2,84.56,29.2,84.56,99.0
2026-08-29T00:53:00.632562+00:00,inside in water 1,4CB13989-424F-31F7-E5C6-3C2FD749BFBE,-42,29.2,84.56,27.2,80.96000000000001,29.7,85.46000000000001,29.2,84.56,29.2,84.56,29.2,84.56,99.0
2026-08-29T00:53:02.637925+00:00,inside in water 1,4CB13989-424F-31F7-E5C6-3C2FD749BFBE,-42,30.7,87.25999999999999,27.1,80.78,32.0,89.6,30.9,87.62,30.7,87.25999999999999,30.6,87.08000000000001,99.0
2026-08-29T00:53:04.646317+00:00,inside in water 1,4CB13989-424F-31F7-E5C6-3C2FD749BFBE,-44,31.0,87.80000000000001,27.0,80.6,32.3,90.13999999999999,31.2,88.16,31.0,87.80000000000001,30.8,87.44,99.0
2026-08-29T00:53:06.656044+00:00,inside in water 1,4CB13989-424F-31F7-E5C6-3C2FD749BFBE,-44,31.0,87.80000000000001,27.0,80.6,32.3,90.13999999999999,31.2,88.16,31.0,87.80000000000001,30.8,87.44,99.0
2026-08-29T00:53:08.659810+00:00,inside in water 1,4CB13989-424F-31F7-E5C6-3C2FD749BFBE,-50,31.7,89.06,27.4,81.32,33.1,91.58000000000001,32.1,89.78,31.7,89.06,31.2,88.16,99.0
2026-08-29T00:53:10.667409+00:00,inside in water 1,4CB13989-424F-31F7-E5C6-3C2FD749BFBE,-63,31.9,89.42,27.2,80.96000000000001,33.3,91.94,32.3,90.13999999999999,31.9,89.42,31.4,88.52,99.0
2026-08-29T00:53:12.671740+00:00,inside in water 1,4CB13989-424F-31F7-E5C6-3C2FD749BFBE,-63,31.9,89.42,27.2,80.96000000000001,33.3,91.94,32.3,90.13999999999999,31.9,89.42,31.4,88.52,99.0
2026-08-29T00:53:14.676491+00:00,inside in water 1,4CB13989-424F-31F7-E5C6-3C2FD749BFBE,-63,31.9,89.42,27.2,80.96000000000001,33.3,91.94,32.3,90.13999999999999,31.9,89.42,31.4,88.52,99.0
2026-08-29T00:53:16.680130+00:00,inside in water 1,4CB13989-424F-31F7-E5C6-3C2FD749BFBE,-72,32.6,90.68,27.2,80.96000000000001,34.1,93.38,33.1,91.58000000000001,32.6,90.68,32.0,89.6,99.0
2026-08-29T00:53:18.690894+00:00,inside in water 1,4CB13989-424F-31F7-E5C6-3C2FD749BFBE,-72,32.6,90.68,27.2,80.96000000000001,34.1,93.38,33.1,91.58000000000001,32.6,90.68,32.0,89.6,99.0
2026-08-29T00:53:20.695052+00:00,inside in water 1,4CB13989-424F-31F7-E5C6-3C2FD749BFBE,-67,32.6,90.68,27.2,80.96000000000001,34.1,93.38,33.1,91.58000000000001,32.6,90.68,32.0,89.6,99.0
2026-08-29T00:53:22.700117+00:00,inside in water 1,4CB13989-424F-31F7-E5C6-3C2FD749BFBE,-67,32.6,90.68,27.2,80.96000000000001,34.1,93.38,33.1,91.58000000000001,32.6,90.68,32.0,89.6,99.0
2026-08-29T00:53:24.706987+00:00,inside in water 1,4CB13989-424F-31F7-E5C6-3C2FD749BFBE,-66,33.5,92.30000000000001,27.3,81.14,34.8,94.63999999999999,33.9,93.02,33.5,92.30000000000001,33.0,91.4,99.0
2026-08-29T00:53:26.711556+00:00,inside in water 1,4CB13989-424F-31F7-E5C6-3C2FD749BFBE,-74,33.7,92.66,27.3,81.14,34.8,94.63999999999999,34.0,93.2,33.7,92.66,33.1,91.58000000000001,99.0
2026-08-29T00:53:28.717415+00:00,inside in water 1,4CB13989-424F-31F7-E5C6-3C2FD749BFBE,-69,33.7,92.66,27.3,81.14,34.8,94.63999999999999,34.0,93.2,33.7,92.66,33.1,91.58000000000001,99.0
2026-08-29T00:53:30.725687+00:00,inside in water 1,4CB13989-424F-31F7-E5C6-3C2FD749BFBE,-61,33.8,92.84,27.5,81.5,35.0,95.0,34.2,93.56,33.8,92.84,33.3,91.94,99.0
2026-08-29T00:53:32.730854+00:00,inside in water 1,4CB13989-424F-31F7-E5C6-3C2FD749BFBE,-61,33.8,92.84,27.5,81.5,35.0,95.0,34.2,93.56,33.8,92.84,33.3,91.94,99.0
2026-08-29T00:53:34.735849+00:00,inside in water 1,4CB13989-424F-31F7-E5C6-3C2FD749BFBE,-61,33.8,92.84,27.5,81.5,35.0,95.0,34.2,93.56,33.8,92.84,33.3,91.94,99.0
2026-08-29T00:53:36.741154+00:00,inside in water 1,4CB13989-424F-31F7-E5C6-3C2FD749BFBE,-71,34.2,93.56,27.5,81.5,35.1,95.18,34.4,93.92,34.2,93.56,33.7,92.66,99.0
2026-08-29T00:53:38.745365+00:00,inside in water 1,4CB13989-424F-31F7-E5C6-3C2FD749BFBE,-77,34.2,93.56,27.5,81.5,35.1,95.18,34.4,93.92,34.2,93.56,33.7,92.66,99.0
2026-08-29T00:53:40.750961+00:00,inside in water 1,4CB13989-424F-31F7-E5C6-3C2FD749BFBE,-77,34.2,93.56,27.5,81.5,35.1,95.18,34.4,93.92,34.2,93.56,33.7,92.66,99.0
2026-08-29T00:53:42.755290+00:00,inside in water 1,4CB13989-424F-31F7-E5C6-3C2FD749BFBE,-55,34.2,93.56,27.5,81.5,35.1,95.18,34.4,93.92,34.2,93.56,33.7,92.66,99.0
2026-08-29T00:53:44.759938+00:00,inside in water 1,4CB13989-424F-31F7-E5C6-3C2FD749BFBE,-55,34.2,93.56,27.5,81.5,35.1,95.18,34.4,93.92,34.2,93.56,33.7,92.66,99.0
2026-08-29T00:53:46.765830+00:00,inside in water 1,4CB13989-424F-31F7-E5C6-3C2FD749BFBE,-60,34.2,93.56,27.5,81.5,35.1,95.18,34.4,93.92,34.2,93.56,33.7,92.66,99.0
2026-08-29T00:53:48.774004+00:00,inside in water 1,4CB13989-424F-31F7-E5C6-3C2FD749BFBE,-67,34.3,93.74,27.8,82.03999999999999,35.0,95.0,34.7,94.46000000000001,34.3,93.74,33.9,93.02,99.0
2026-08-29T00:53:50.778550+00:00,inside in water 1,4CB13989-424F-31F7-E5C6-3C2FD749BFBE,-64,34.4,93.92,27.8,82.03999999999999,35.0,95.0,34.7,94.46000000000001,34.4,93.92,33.9,93.02,99.0
2026-08-29T00:53:52.784338+00:00,inside in water 1,4CB13989-424F-31F7-E5C6-3C2FD749BFBE,-64,34.4,93.92,27.8,82.03999999999999,35.0,95.0,34.7,94.46000000000001,34.4,93.92,33.9,93.02,99.0
2026-08-29T00:53:54.789174+00:00,inside in water 1,4CB13989-424F-31F7-E5C6-3C2FD749BFBE,-68,34.4,93.92,27.8,82.03999999999999,35.0,95.0,34.7,94.46000000000001,34.4,93.92,33.9,93.02,99.0
2026-08-29T00:53:56.794348+00:00,inside in water 1,4CB13989-424F-31F7-E5C6-3C2FD749BFBE,-65,34.4,93.92,28.1,82.58000000000001,34.8,94.63999999999999,34.8,94.63999999999999,34.4,93.92,34.0,93.2,99.0
2026-08-29T00:53:58.798592+00:00,inside in water 1,4CB13989-424F-31F7-E5C6-3C2FD749BFBE,-56,34.4,93.92,28.2,82.75999999999999,34.7,94.46000000000001,34.7,94.46000000000001,34.4,93.92,34.0,93.2,99.0
2026-08-29T00:54:00.804455+00:00,inside in water 1,4CB13989-424F-31F7-E5C6-3C2FD749BFBE,-56,34.4,93.92,28.2,82.75999999999999,34.7,94.46000000000001,34.7,94.46000000000001,34.4,93.92,34.0,93.2,99.0
2026-08-29T00:54:02.806609+00:00,inside in water 1,4CB13989-424F-31F7-E5C6-3C2FD749BFBE,-56,34.4,93.92,28.2,82.75999999999999,34.7,94.46000000000001,34.7,94.46000000000001,34.4,93.92,34.0,93.2,99.0
2026-08-29T00:54:04.812920+00:00,inside in water 1,4CB13989-424F-31F7-E5C6-3C2FD749BFBE,-56,34.4,93.92,28.2,82.75999999999999,34.7,94.46000000000001,34.7,94.46000000000001,34.4,93.92,34.0,93.2,99.0
2026-08-29T00:54:06.818975+00:00,inside in water 1,4CB13989-424F-31F7-E5C6-3C2FD749BFBE,-71,34.0,93.2,28.4,83.12,34.0,93.2,34.2,93.56,34.2,93.56,33.8,92.84,99.0
2026-08-29T00:54:08.824245+00:00,inside in water 1,4CB13989-424F-31F7-E5C6-3C2FD749BFBE,-60,34.0,93.2,28.4,83.12,34.0,93.2,34.2,93.56,34.2,93.56,33.8,92.84,99.0
2026-08-29T00:54:10.828332+00:00,inside in water 1,4CB13989-424F-31F7-E5C6-3C2FD749BFBE,-61,34.0,93.2,28.4,83.12,34.0,93.2,34.2,93.56,34.2,93.56,33.8,92.84,99.0
2026-08-29T00:54:12.834141+00:00,inside in water 1,4CB13989-424F-31F7-E5C6-3C2FD749BFBE,-59,33.6,92.48,28.6,83.48,33.6,92.48,33.8,92.84,33.8,92.84,33.3,91.94,99.0
2026-08-29T00:54:14.840764+00:00,inside in water 1,4CB13989-424F-31F7-E5C6-3C2FD749BFBE,-51,33.4,92.12,28.6,83.48,33.4,92.12,33.7,92.66,33.5,92.30000000000001,33.0,91.4,99.0
2026-08-29T00:54:16.844727+00:00,inside in water 1,4CB13989-424F-31F7-E5C6-3C2FD749BFBE,-71,33.4,92.12,28.6,83.48,33.4,92.12,33.7,92.66,33.5,92.30000000000001,33.0,91.4,99.0
2026-08-29T00:54:18.850291+00:00,inside in water 1,4CB13989-424F-31F7-E5C6-3C2FD749BFBE,-71,33.4,92.12,28.6,83.48,33.4,92.12,33.7,92.66,33.5,92.30000000000001,33.0,91.4,99.0
2026-08-29T00:54:20.856226+00:00,inside in water 1,4CB13989-424F-31F7-E5C6-3C2FD749BFBE,-71,33.4,92.12,28.6,83.48,33.4,92.12,33.7,92.66,33.5,92.30000000000001,33.0,91.4,99.0
2026-08-29T00:54:22.861012+00:00,inside in water 1,4CB13989-424F-31F7-E5C6-3C2FD749BFBE,-50,32.9,91.22,28.7,83.66,32.9,91.22,33.2,91.76,32.9,91.22,32.3,90.13999999999999,99.0
2026-08-29T00:54:24.867188+00:00,inside in water 1,4CB13989-424F-31F7-E5C6-3C2FD749BFBE,-64,32.9,91.22,28.7,83.66,32.9,91.22,33.2,91.76,32.9,91.22,32.3,90.13999999999999,99.0
2026-08-29T00:54:26.876000+00:00,inside in water 1,4CB13989-424F-31F7-E5C6-3C2FD749BFBE,-64,32.9,91.22,28.7,83.66,32.9,91.22,33.2,91.76,32.9,91.22,32.3,90.13999999999999,99.0
2026-08-29T00:54:28.878860+00:00,inside in water 1,4CB13989-424F-31F7-E5C6-3C2FD749BFBE,-64,32.9,91.22,28.7,83.66,32.9,91.22,33.2,91.76,32.9,91.22,32.3,90.13999999999999,99.0
2026-08-29T00:54:30.884984+00:00,inside in water 1,4CB13989-424F-31F7-E5C6-3C2FD749BFBE,-50,32.5,90.5,28.7,83.66,32.6,90.68,32.8,91.03999999999999,32.5,90.5,31.8,89.24000000000001,99.0
2026-08-29T00:54:32.890822+00:00,inside in water 1,4CB13989-424F-31F7-E5C6-3C2FD749BFBE,-51,32.4,90.32,28.6,83.48,32.5,90.5,32.8,91.03999999999999,32.4,90.32,31.7,89.06,99.0
2026-08-29T00:54:34.899402+00:00,inside in water 1,4CB13989-424F-31F7-E5C6-3C2FD749BFBE,-50,32.3,90.13999999999999,28.8,83.84,32.4,90.32,32.7,90.86000000000001,32.3,90.13999999999999,31.5,88.7,99.0
2026-08-29T00:54:36.906363+00:00,inside in water 1,4CB13989-424F-31F7-E5C6-3C2FD749BFBE,-62,32.1,89.78,28.8,83.84,32.3,90.13999999999999,32.5,90.5,32.1,89.78,31.3,88.34,99.0
2026-08-29T00:54:38.910058+00:00,inside in water 1,4CB13989-424F-31F7-E5C6-3C2FD749BFBE,-62,32.1,89.78,28.8,83.84,32.3,90.13999999999999,32.5,90.5,32.1,89.78,31.3,88.34,99.0
2026-08-29T00:54:40.913286+00:00,inside in water 1,4CB13989-424F-31F7-E5C6-3C2FD749BFBE,-51,31.9,89.42,28.9,84.02,32.2,89.96000000000001,32.4,90.32,31.9,89.42,31.1,87.98,99.0
2026-08-29T00:54:42.919311+00:00,inside in water 1,4CB13989-424F-31F7-E5C6-3C2FD749BFBE,-49,31.8,89.24000000000001,28.8,83.84,32.1,89.78,32.3,90.13999999999999,31.8,89.24000000000001,31.0,87.80000000000001,99.0
2026-08-29T00:54:44.923064+00:00,inside in water 1,4CB13989-424F-31F7-E5C6-3C2FD749BFBE,-51,31.7,89.06,28.8,83.84,32.0,89.6,32.2,89.96000000000001,31.7,89.06,30.9,87.62,99.0
2026-08-29T00:54:46.926893+00:00,inside in water 1,4CB13989-424F-31F7-E5C6-3C2FD749BFBE,-51,31.7,89.06,28.8,83.84,32.0,89.6,32.2,89.96000000000001,31.7,89.06,30.9,87.62,99.0
2026-08-29T00:54:48.932572+00:00,inside in water 1,4CB13989-424F-31F7-E5C6-3C2FD749BFBE,-51,31.7,89.06,28.8,83.84,32.0,89.6,32.2,89.96000000000001,31.7,89.06,30.9,87.62,99.0
2026-08-29T00:54:50.938023+00:00,inside in water 1,4CB13989-424F-31F7-E5C6-3C2FD749BFBE,-50,31.7,89.06,28.8,83.84,32.0,89.6,32.2,89.96000000000001,31.7,89.06,30.9,87.62,99.0
2026-08-29T00:54:52.945177+00:00,inside in water 1,4CB13989-424F-31F7-E5C6-3C2FD749BFBE,-51,31.3,88.34,28.7,83.66,31.7,89.06,31.8,89.24000000000001,31.3,88.34,30.6,87.08000000000001,99.0
2026-08-29T00:54:54.950693+00:00,inside in water 1,4CB13989-424F-31F7-E5C6-3C2FD749BFBE,-51,31.3,88.34,28.7,83.66,31.7,89.06,31.8,89.24000000000001,31.3,88.34,30.6,87.08000000000001,99.0
2026-08-29T00:54:56.954022+00:00,inside in water 1,4CB13989-424F-31F7-E5C6-3C2FD749BFBE,-51,31.3,88.34,28.7,83.66,31.7,89.06,31.8,89.24000000000001,31.3,88.34,30.6,87.08000000000001,99.0
2026-08-29T00:54:58.959116+00:00,inside in water 1,4CB13989-424F-31F7-E5C6-3C2FD749BFBE,-50,31.1,87.98,28.7,83.66,31.5,88.7,31.6,88.88,31.1,87.98,30.3,86.53999999999999,99.0
2026-08-29T00:55:00.963836+00:00,inside in water 1,4CB13989-424F-31F7-E5C6-3C2FD749BFBE,-50,31.0,87.80000000000001,28.8,83.84,31.3,88.34,31.5,88.7,31.0,87.80000000000001,30.2,86.36,99.0
2026-08-29T00:55:02.977133+00:00,inside in water 1,4CB13989-424F-31F7-E5C6-3C2FD749BFBE,-49,31.0,87.80000000000001,28.8,83.84,31.3,88.34,31.5,88.7,31.0,87.80000000000001,30.2,86.36,99.0
2026-08-29T00:55:04.985004+00:00,inside in water 1,4CB13989-424F-31F7-E5C6-3C2FD749BFBE,-49,31.0,87.80000000000001,28.8,83.84,31.3,88.34,31.5,88.7,31.0,87.80000000000001,30.2,86.36,99.0
2026-08-29T00:55:06.989564+00:00,inside in water 1,4CB13989-424F-31F7-E5C6-3C2FD749BFBE,-51,31.0,87.80000000000001,28.8,83.84,31.3,88.34,31.5,88.7,31.0,87.80000000000001,30.2,86.36,99.0
2026-08-29T00:55:08.994618+00:00,inside in water 1,4CB13989-424F-31F7-E5C6-3C2FD749BFBE,-55,30.7,87.25999999999999,28.7,83.66,31.1,87.98,31.2,88.16,30.7,87.25999999999999,30.0,86.0,99.0
2026-08-29T00:55:11.001405+00:00,inside in water 1,4CB13989-424F-31F7-E5C6-3C2FD749BFBE,-58,30.6,87.08000000000001,28.8,83.84,31.0,87.80000000000001,31.1,87.98,30.6,87.08000000000001,29.9,85.82,99.0
2026-08-29T00:55:13.007022+00:00,inside in water 1,4CB13989-424F-31F7-E5C6-3C2FD749BFBE,-54,30.6,87.08000000000001,28.7,83.66,31.0,87.80000000000001,31.1,87.98,30.6,87.08000000000001,29.8,85.64,99.0
2026-08-29T00:55:15.013865+00:00,inside in water 1,4CB13989-424F-31F7-E5C6-3C2FD749BFBE,-53,30.5,86.9,28.8,83.84,30.9,87.62,31.0,87.80000000000001,30.5,86.9,29.8,85.64,99.0
2026-08-29T00:55:17.019081+00:00,inside in water 1,4CB13989-424F-31F7-E5C6-3C2FD749BFBE,-53,30.5,86.9,28.8,83.84,30.9,87.62,31.0,87.80000000000001,30.5,86.9,29.8,85.64,99.0
2026-08-29T00:55:19.024325+00:00,inside in water 1,4CB13989-424F-31F7-E5C6-3C2FD749BFBE,-53,30.5,86.9,28.8,83.84,30.9,87.62,31.0,87.80000000000001,30.5,86.9,29.8,85.64,99.0
2026-08-29T00:55:21.030300+00:00,inside in water 1,4CB13989-424F-31F7-E5C6-3C2FD749BFBE,-53,30.5,86.9,28.8,83.84,30.9,87.62,31.0,87.80000000000001,30.5,86.9,29.8,85.64,99.0
2026-08-29T00:55:23.036792+00:00,inside in water 1,4CB13989-424F-31F7-E5C6-3C2FD749BFBE,-52,30.5,86.9,28.8,83.84,30.9,87.62,31.0,87.80000000000001,30.5,86.9,29.8,85.64,99.0
2026-08-29T00:55:25.042350+00:00,inside in water 1,4CB13989-424F-31F7-E5C6-3C2FD749BFBE,-53,30.2,86.36,28.7,83.66,30.6,87.08000000000001,30.7,87.25999999999999,30.2,86.36,29.6,85.28,99.0
2026-08-29T00:55:27.048473+00:00,inside in water 1,4CB13989-424F-31F7-E5C6-3C2FD749BFBE,-53,30.2,86.36,28.7,83.66,30.6,87.08000000000001,30.7,87.25999999999999,30.2,86.36,29.6,85.28,99.0
2026-08-29T00:55:29.056041+00:00,inside in water 1,4CB13989-424F-31F7-E5C6-3C2FD749BFBE,-53,30.2,86.36,28.7,83.66,30.6,87.08000000000001,30.7,87.25999999999999,30.2,86.36,29.6,85.28,99.0
2026-08-29T00:55:31.062039+00:00,inside in water 1,4CB13989-424F-31F7-E5C6-3C2FD749BFBE,-52,30.0,86.0,28.7,83.66,30.4,86.72,30.5,86.9,30.0,86.0,29.4,84.92,99.0
2026-08-29T00:55:33.067774+00:00,inside in water 1,4CB13989-424F-31F7-E5C6-3C2FD749BFBE,-52,30.0,86.0,28.5,83.30000000000001,30.4,86.72,30.5,86.9,30.0,86.0,29.4,84.92,99.0
2026-08-29T00:55:35.072585+00:00,inside in water 1,4CB13989-424F-31F7-E5C6-3C2FD749BFBE,-52,30.0,86.0,28.5,83.30000000000001,30.4,86.72,30.5,86.9,30.0,86.0,29.4,84.92,99.0
2026-08-29T00:55:37.078670+00:00,inside in water 1,4CB13989-424F-31F7-E5C6-3C2FD749BFBE,-52,30.0,86.0,28.5,83.30000000000001,30.4,86.72,30.5,86.9,30.0,86.0,29.4,84.92,99.0
2026-08-29T00:55:39.086935+00:00,inside in water 1,4CB13989-424F-31F7-E5C6-3C2FD749BFBE,-50,29.8,85.64,28.5,83.30000000000001,30.2,86.36,30.2,86.36,29.8,85.64,29.3,84.74000000000001,99.0
2026-08-29T00:55:41.093390+00:00,inside in water 1,4CB13989-424F-31F7-E5C6-3C2FD749BFBE,-52,29.8,85.64,28.5,83.30000000000001,30.1,86.18,30.2,86.36,29.8,85.64,29.3,84.74000000000001,99.0
2026-08-29T00:55:43.099988+00:00,inside in water 1,4CB13989-424F-31F7-E5C6-3C2FD749BFBE,-52,29.7,85.46000000000001,28.6,83.48,30.1,86.18,30.2,86.36,29.7,85.46000000000001,29.2,84.56,99.0
2026-08-29T00:55:45.106068+00:00,inside in water 1,4CB13989-424F-31F7-E5C6-3C2FD749BFBE,-52,29.7,85.46000000000001,28.6,83.48,30.1,86.18,30.2,86.36,29.7,85.46000000000001,29.2,84.56,99.0
2026-08-29T00:55:47.111637+00:00,inside in water 1,4CB13989-424F-31F7-E5C6-3C2FD749BFBE,-51,29.7,85.46000000000001,28.6,83.48,30.1,86.18,30.2,86.36,29.7,85.46000000000001,29.2,84.56,99.0
2026-08-29T00:55:49.117740+00:00,inside in water 1,4CB13989-424F-31F7-E5C6-3C2FD749BFBE,-59,29.6,85.28,28.5,83.30000000000001,29.9,85.82,30.0,86.0,29.6,85.28,29.1,84.38,99.0
2026-08-29T00:55:51.123437+00:00,inside in water 1,4CB13989-424F-31F7-E5C6-3C2FD749BFBE,-59,29.6,85.28,28.5,83.30000000000001,29.9,85.82,30.0,86.0,29.6,85.28,29.1,84.38,99.0
2026-08-29T00:55:53.129031+00:00,inside in water 1,4CB13989-424F-31F7-E5C6-3C2FD749BFBE,-59,29.6,85.28,28.5,83.30000000000001,29.9,85.82,30.0,86.0,29.6,85.28,29.1,84.38,99.0
2026-08-29T00:55:55.134356+00:00,inside in water 1,4CB13989-424F-31F7-E5C6-3C2FD749BFBE,-53,29.4,84.92,28.4,83.12,29.8,85.64,29.8,85.64,29.4,84.92,29.0,84.2,99.0
2026-08-29T00:55:57.141345+00:00,inside in water 1,4CB13989-424F-31F7-E5C6-3C2FD749BFBE,-53,29.4,84.92,28.4,83.12,29.8,85.64,29.8,85.64,29.4,84.92,29.0,84.2,99.0
2026-08-29T00:55:59.146631+00:00,inside in water 1,4CB13989-424F-31F7-E5C6-3C2FD749BFBE,-52,29.3,84.74000000000001,28.5,83.30000000000001,29.7,85.46000000000001,29.8,85.64,29.3,84.74000000000001,28.9,84.02,99.0
2026-08-29T00:56:01.152315+00:00,inside in water 1,4CB13989-424F-31F7-E5C6-3C2FD749BFBE,-52,29.3,84.74000000000001,28.5,83.30000000000001,29.7,85.46000000000001,29.8,85.64,29.3,84.74000000000001,28.9,84.02,99.0
2026-08-29T00:56:03.157910+00:00,inside in water 1,4CB13989-424F-31F7-E5C6-3C2FD749BFBE,-51,29.2,84.56,28.3,82.94,29.6,85.28,29.6,85.28,29.2,84.56,28.8,83.84,99.0
2026-08-29T00:56:05.164291+00:00,inside in water 1,4CB13989-424F-31F7-E5C6-3C2FD749BFBE,-54,29.2,84.56,28.3,82.94,29.5,85.1,29.6,85.28,29.2,84.56,28.8,83.84,99.0
2026-08-29T00:56:07.170097+00:00,inside in water 1,4CB13989-424F-31F7-E5C6-3C2FD749BFBE,-54,29.2,84.56,28.3,82.94,29.5,85.1,29.6,85.28,29.2,84.56,28.8,83.84,99.0
2026-08-29T00:56:09.175995+00:00,inside in water 1,4CB13989-424F-31F7-E5C6-3C2FD749BFBE,-54,29.2,84.56,28.3,82.94,29.5,85.1,29.6,85.28,29.2,84.56,28.8,83.84,99.0
2026-08-29T00:56:11.181270+00:00,inside in water 1,4CB13989-424F-31F7-E5C6-3C2FD749BFBE,-59,29.1,84.38,28.3,82.94,29.4,84.92,29.5,85.1,29.1,84.38,28.7,83.66,99.0
2026-08-29T00:56:13.187001+00:00,inside in water 1,4CB13989-424F-31F7-E5C6-3C2FD749BFBE,-56,29.1,84.38,28.3,82.94,29.4,84.92,29.5,85.1,29.1,84.38,28.7,83.66,99.0
2026-08-29T00:56:15.192676+00:00,inside in water 1,4CB13989-424F-31F7-E5C6-3C2FD749BFBE,-56,29.1,84.38,28.3,82.94,29.4,84.92,29.5,85.1,29.1,84.38,28.7,83.66,99.0
2026-08-29T00:56:17.197720+00:00,inside in water 1,4CB13989-424F-31F7-E5C6-3C2FD749BFBE,-56,29.1,84.38,28.3,82.94,29.4,84.92,29.5,85.1,29.1,84.38,28.7,83.66,99.0
2026-08-29T00:56:19.201240+00:00,inside in water 1,4CB13989-424F-31F7-E5C6-3C2FD749BFBE,-58,28.9,84.02,28.4,83.12,29.2,84.56,29.3,84.74000000000001,28.9,84.02,28.6,83.48,99.0
2026-08-29T00:56:21.207518+00:00,inside in water 1,4CB13989-424F-31F7-E5C6-3C2FD749BFBE,-55,28.9,84.02,28.5,83.30000000000001,29.2,84.56,29.2,84.56,28.9,84.02,28.6,83.48,99.0
2026-08-29T00:56:23.212600+00:00,inside in water 1,4CB13989-424F-31F7-E5C6-3C2FD749BFBE,-64,28.8,83.84,28.3,82.94,29.2,84.56,29.2,84.56,28.8,83.84,28.6,83.48,99.0
2026-08-29T00:56:25.218349+00:00,inside in water 1,4CB13989-424F-31F7-E5C6-3C2FD749BFBE,-64,28.8,83.84,28.3,82.94,29.2,84.56,29.2,84.56,28.8,83.84,28.6,83.48,99.0
2026-08-29T00:56:27.222307+00:00,inside in water 1,4CB13989-424F-31F7-E5C6-3C2FD749BFBE,-55,28.8,83.84,28.3,82.94,29.1,84.38,29.1,84.38,28.8,83.84,28.5,83.30000000000001,99.0
2026-08-29T00:56:29.229092+00:00,inside in water 1,4CB13989-424F-31F7-E5C6-3C2FD749BFBE,-55,28.8,83.84,28.3,82.94,29.1,84.38,29.1,84.38,28.8,83.84,28.5,83.30000000000001,99.0
2026-08-29T00:56:31.237094+00:00,inside in water 1,4CB13989-424F-31F7-E5C6-3C2FD749BFBE,-52,28.7,83.66,28.3,82.94,29.0,84.2,29.1,84.38,28.7,83.66,28.5,83.30000000000001,99.0
2026-08-29T00:56:33.243810+00:00,inside in water 1,4CB13989-424F-31F7-E5C6-3C2FD749BFBE,-52,28.7,83.66,28.3,82.94,29.0,84.2,29.1,84.38,28.7,83.66,28.5,83.30000000000001,99.0
2026-08-29T00:56:35.250830+00:00,inside in water 1,4CB13989-424F-31F7-E5C6-3C2FD749BFBE,-56,28.7,83.66,28.3,82.94,29.0,84.2,29.1,84.38,28.7,83.66,28.5,83.30000000000001,99.0
2026-08-29T00:56:37.256078+00:00,inside in water 1,4CB13989-424F-31F7-E5C6-3C2FD749BFBE,-54,28.6,83.48,28.4,83.12,28.9,84.02,29.0,84.2,28.6,83.48,28.4,83.12,99.0
2026-08-29T00:56:39.261787+00:00,inside in water 1,4CB13989-424F-31F7-E5C6-3C2FD749BFBE,-59,28.6,83.48,28.4,83.12,28.9,84.02,28.9,84.02,28.6,83.48,28.4,83.12,99.0
2026-08-29T00:56:41.268902+00:00,inside in water 1,4CB13989-424F-31F7-E5C6-3C2FD749BFBE,-59,28.6,83.48,28.4,83.12,28.9,84.02,28.9,84.02,28.6,83.48,28.4,83.12,99.0
2026-08-29T00:56:43.274964+00:00,inside in water 1,4CB13989-424F-31F7-E5C6-3C2FD749BFBE,-59,28.6,83.48,28.4,83.12,28.9,84.02,28.9,84.02,28.6,83.48,28.4,83.12,99.0
2026-08-29T00:56:45.288598+00:00,inside in water 1,4CB13989-424F-31F7-E5C6-3C2FD749BFBE,-51,28.5,83.30000000000001,28.1,82.58000000000001,28.7,83.66,28.8,83.84,28.5,83.30000000000001,28.3,82.94,99.0
2026-08-29T00:56:47.301698+00:00,inside in water 1,4CB13989-424F-31F7-E5C6-3C2FD749BFBE,-51,28.5,83.30000000000001,28.1,82.58000000000001,28.7,83.66,28.8,83.84,28.5,83.30000000000001,28.3,82.94,99.0
2026-08-29T00:56:49.310826+00:00,inside in water 1,4CB13989-424F-31F7-E5C6-3C2FD749BFBE,-57,28.5,83.30000000000001,28.1,82.58000000000001,28.7,83.66,28.8,83.84,28.5,83.30000000000001,28.3,82.94,99.0
2026-08-29T00:56:51.317070+00:00,inside in water 1,4CB13989-424F-31F7-E5C6-3C2FD749BFBE,-57,28.5,83.30000000000001,28.1,82.58000000000001,28.7,83.66,28.8,83.84,28.5,83.30000000000001,28.3,82.94,99.0
2026-08-29T00:56:53.322425+00:00,inside in water 1,4CB13989-424F-31F7-E5C6-3C2FD749BFBE,-52,28.4,83.12,28.1,82.58000000000001,28.6,83.48,28.7,83.66,28.4,83.12,28.2,82.75999999999999,99.0
2026-08-29T00:56:55.337420+00:00,inside in water 1,4CB13989-424F-31F7-E5C6-3C2FD749BFBE,-55,28.3,82.94,28.3,82.94,28.6,83.48,28.6,83.48,28.3,82.94,28.2,82.75999999999999,99.0
2026-08-29T00:56:57.347225+00:00,inside in water 1,4CB13989-424F-31F7-E5C6-3C2FD749BFBE,-55,28.3,82.94,28.3,82.94,28.6,83.48,28.6,83.48,28.3,82.94,28.2,82.75999999999999,99.0
2026-08-29T00:56:59.355301+00:00,inside in water 1,4CB13989-424F-31F7-E5C6-3C2FD749BFBE,-55,28.3,82.94,28.3,82.94,28.6,83.48,28.6,83.48,28.3,82.94,28.2,82.75999999999999,99.0
2026-08-29T00:57:01.363105+00:00,inside in water 1,4CB13989-424F-31F7-E5C6-3C2FD749BFBE,-52,28.2,82.75999999999999,28.3,82.94,28.5,83.30000000000001,28.6,83.48,28.2,82.75999999999999,28.2,82.75999999999999,99.0
2026-08-29T00:57:03.373040+00:00,inside in water 1,4CB13989-424F-31F7-E5C6-3C2FD749BFBE,-52,28.2,82.75999999999999,28.3,82.94,28.5,83.30000000000001,28.6,83.48,28.2,82.75999999999999,28.2,82.75999999999999,99.0
2026-08-29T00:57:05.380975+00:00,inside in water 1,4CB13989-424F-31F7-E5C6-3C2FD749BFBE,-49,28.2,82.75999999999999,28.3,82.94,28.5,83.30000000000001,28.6,83.48,28.2,82.75999999999999,28.2,82.75999999999999,99.0
2026-08-29T00:57:07.388231+00:00,inside in water 1,4CB13989-424F-31F7-E5C6-3C2FD749BFBE,-52,28.2,82.75999999999999,28.1,82.58000000000001,28.4,83.12,28.5,83.30000000000001,28.2,82.75999999999999,28.1,82.58000000000001,99.0
2026-08-29T00:57:09.396107+00:00,inside in water 1,4CB13989-424F-31F7-E5C6-3C2FD749BFBE,-53,28.2,82.75999999999999,28.1,82.58000000000001,28.4,83.12,28.5,83.30000000000001,28.2,82.75999999999999,28.1,82.58000000000001,99.0
2026-08-29T00:57:11.403447+00:00,inside in water 1,4CB13989-424F-31F7-E5C6-3C2FD749BFBE,-50,28.1,82.58000000000001,27.9,82.22,28.4,83.12,28.4,83.12,28.1,82.58000000000001,28.1,82.58000000000001,99.0
2026-08-29T00:57:13.410339+00:00,inside in water 1,4CB13989-424F-31F7-E5C6-3C2FD749BFBE,-50,28.1,82.58000000000001,27.9,82.22,28.4,83.12,28.4,83.12,28.1,82.58000000000001,28.1,82.58000000000001,99.0
2026-08-29T00:57:15.417503+00:00,inside in water 1,4CB13989-424F-31F7-E5C6-3C2FD749BFBE,-49,28.1,82.58000000000001,28.0,82.4,28.3,82.94,28.4,83.12,28.1,82.58000000000001,28.0,82.4,99.0
2026-08-29T00:57:17.423615+00:00,inside in water 1,4CB13989-424F-31F7-E5C6-3C2FD749BFBE,-49,28.1,82.58000000000001,28.0,82.4,28.3,82.94,28.4,83.12,28.1,82.58000000000001,28.0,82.4,99.0
2026-08-29T00:57:19.431170+00:00,inside in water 1,4CB13989-424F-31F7-E5C6-3C2FD749BFBE,-49,28.1,82.58000000000001,28.0,82.4,28.3,82.94,28.4,83.12,28.1,82.58000000000001,28.0,82.4,99.0
2026-08-29T00:57:21.449932+00:00,inside in water 1,4CB13989-424F-31F7-E5C6-3C2FD749BFBE,-62,28.1,82.58000000000001,28.0,82.4,28.3,82.94,28.4,83.12,28.1,82.58000000000001,28.0,82.4,99.0
2026-08-29T00:57:23.456762+00:00,inside in water 1,4CB13989-424F-31F7-E5C6-3C2FD749BFBE,-62,28.1,82.58000000000001,28.0,82.4,28.3,82.94,28.4,83.12,28.1,82.58000000000001,28.0,82.4,99.0
2026-08-29T00:57:25.463884+00:00,inside in water 1,4CB13989-424F-31F7-E5C6-3C2FD749BFBE,-56,27.9,82.22,28.2,82.75999999999999,28.1,82.58000000000001,28.2,82.75999999999999,27.9,82.22,27.9,82.22,99.0
2026-08-29T00:57:27.471331+00:00,inside in water 1,4CB13989-424F-31F7-E5C6-3C2FD749BFBE,-54,27.9,82.22,28.1,82.58000000000001,28.1,82.58000000000001,28.2,82.75999999999999,27.9,82.22,27.9,82.22,99.0
2026-08-29T00:57:29.483133+00:00,inside in water 1,4CB13989-424F-31F7-E5C6-3C2FD749BFBE,-59,27.9,82.22,28.1,82.58000000000001,28.1,82.58000000000001,28.2,82.75999999999999,27.9,82.22,27.9,82.22,99.0
2026-08-29T00:57:31.490788+00:00,inside in water 1,4CB13989-424F-31F7-E5C6-3C2FD749BFBE,-69,27.9,82.22,28.2,82.75999999999999,28.1,82.58000000000001,28.1,82.58000000000001,27.9,82.22,27.9,82.22,99.0
2026-08-29T00:57:33.506004+00:00,inside in water 1,4CB13989-424F-31F7-E5C6-3C2FD749BFBE,-54,27.9,82.22,28.1,82.58000000000001,28.1,82.58000000000001,28.1,82.58000000000001,27.9,82.22,27.9,82.22,99.0
2026-08-29T00:57:35.512529+00:00,inside in water 1,4CB13989-424F-31F7-E5C6-3C2FD749BFBE,-56,27.8,82.03999999999999,28.1,82.58000000000001,28.0,82.4,28.1,82.58000000000001,27.8,82.03999999999999,27.9,82.22,99.0
2026-08-29T00:57:37.518292+00:00,inside in water 1,4CB13989-424F-31F7-E5C6-3C2FD749BFBE,-53,27.8,82.03999999999999,28.2,82.75999999999999,28.0,82.4,28.1,82.58000000000001,27.8,82.03999999999999,27.9,82.22,99.0
2026-08-29T00:57:39.526044+00:00,inside in water 1,4CB13989-424F-31F7-E5C6-3C2FD749BFBE,-55,27.8,82.03999999999999,28.2,82.75999999999999,28.0,82.4,28.1,82.58000000000001,27.8,82.03999999999999,27.9,82.22,99.0
2026-08-29T00:57:41.535115+00:00,inside in water 1,4CB13989-424F-31F7-E5C6-3C2FD749BFBE,-55,27.8,82.03999999999999,28.2,82.75999999999999,28.0,82.4,28.1,82.58000000000001,27.8,82.03999999999999,27.9,82.22,99.0
2026-08-29T00:57:43.541774+00:00,inside in water 1,4CB13989-424F-31F7-E5C6-3C2FD749BFBE,-55,27.8,82.03999999999999,28.2,82.75999999999999,28.0,82.4,28.1,82.58000000000001,27.8,82.03999999999999,27.9,82.22,99.0
2026-08-29T00:57:45.551587+00:00,inside in water 1,4CB13989-424F-31F7-E5C6-3C2FD749BFBE,-48,27.8,82.03999999999999,28.2,82.75999999999999,28.0,82.4,28.1,82.58000000000001,27.8,82.03999999999999,27.9,82.22,99.0
2026-08-29T00:57:47.560090+00:00,inside in water 1,4CB13989-424F-31F7-E5C6-3C2FD749BFBE,-49,27.7,81.86,28.2,82.75999999999999,27.9,82.22,28.0,82.4,27.7,81.86,27.8,82.03999999999999,99.0
2026-08-29T00:57:49.567240+00:00,inside in water 1,4CB13989-424F-31F7-E5C6-3C2FD749BFBE,-49,27.7,81.86,27.9,82.22,27.9,82.22,27.9,82.22,27.7,81.86,27.8,82.03999999999999,99.0
2026-08-29T00:57:51.572762+00:00,inside in water 1,4CB13989-424F-31F7-E5C6-3C2FD749BFBE,-49,27.7,81.86,27.9,82.22,27.9,82.22,27.9,82.22,27.7,81.86,27.8,82.03999999999999,99.0
2026-08-29T00:57:53.579780+00:00,inside in water 1,4CB13989-424F-31F7-E5C6-3C2FD749BFBE,-52,27.7,81.86,27.9,82.22,27.8,82.03999999999999,27.9,82.22,27.7,81.86,27.7,81.86,99.0
2026-08-29T00:57:55.585696+00:00,inside in water 1,4CB13989-424F-31F7-E5C6-3C2FD749BFBE,-58,27.7,81.86,27.9,82.22,27.8,82.03999999999999,27.9,82.22,27.7,81.86,27.7,81.86,99.0
2026-08-29T00:57:57.591783+00:00,inside in water 1,4CB13989-424F-31F7-E5C6-3C2FD749BFBE,-51,27.7,81.86,27.9,82.22,27.8,82.03999999999999,27.9,82.22,27.7,81.86,27.7,81.86,99.0
2026-08-29T00:57:59.597962+00:00,inside in water 1,4CB13989-424F-31F7-E5C6-3C2FD749BFBE,-53,27.6,81.68,27.9,82.22,27.8,82.03999999999999,27.9,82.22,27.6,81.68,27.7,81.86,99.0
2026-08-29T00:58:01.605914+00:00,inside in water 1,4CB13989-424F-31F7-E5C6-3C2FD749BFBE,-52,27.6,81.68,27.9,82.22,27.8,82.03999999999999,27.8,82.03999999999999,27.6,81.68,27.7,81.86,99.0
2026-08-29T00:58:03.612006+00:00,inside in water 1,4CB13989-424F-31F7-E5C6-3C2FD749BFBE,-52,27.6,81.68,27.9,82.22,27.8,82.03999999999999,27.8,82.03999999999999,27.6,81.68,27.7,81.86,99.0
2026-08-29T00:58:05.617606+00:00,inside in water 1,4CB13989-424F-31F7-E5C6-3C2FD749BFBE,-52,27.6,81.68,27.9,82.22,27.8,82.03999999999999,27.8,82.03999999999999,27.6,81.68,27.7,81.86,99.0
2026-08-29T00:58:07.623234+00:00,inside in water 1,4CB13989-424F-31F7-E5C6-3C2FD749BFBE,-54,27.6,81.68,27.8,82.03999999999999,27.7,81.86,27.8,82.03999999999999,27.6,81.68,27.7,81.86,99.0
2026-08-29T00:58:09.629025+00:00,inside in water 1,4CB13989-424F-31F7-E5C6-3C2FD749BFBE,-54,27.6,81.68,27.8,82.03999999999999,27.7,81.86,27.8,82.03999999999999,27.6,81.68,27.7,81.86,99.0
2026-08-29T00:58:11.634479+00:00,inside in water 1,4CB13989-424F-31F7-E5C6-3C2FD749BFBE,-53,27.5,81.5,28.0,82.4,27.7,81.86,27.7,81.86,27.5,81.5,27.6,81.68,99.0
2026-08-29T00:58:13.640167+00:00,inside in water 1,4CB13989-424F-31F7-E5C6-3C2FD749BFBE,-53,27.5,81.5,27.9,82.22,27.6,81.68,27.7,81.86,27.5,81.5,27.6,81.68,99.0
2026-08-29T00:58:15.652856+00:00,inside in water 1,4CB13989-424F-31F7-E5C6-3C2FD749BFBE,-51,27.5,81.5,27.8,82.03999999999999,27.6,81.68,27.7,81.86,27.5,81.5,27.6,81.68,99.0
2026-08-29T00:58:17.656373+00:00,inside in water 1,4CB13989-424F-31F7-E5C6-3C2FD749BFBE,-50,27.5,81.5,27.7,81.86,27.6,81.68,27.7,81.86,27.5,81.5,27.6,81.68,99.0
2026-08-29T00:58:19.660841+00:00,inside in water 1,4CB13989-424F-31F7-E5C6-3C2FD749BFBE,-52,27.4,81.32,27.8,82.03999999999999,27.6,81.68,27.6,81.68,27.4,81.32,27.6,81.68,99.0
2026-08-29T00:58:21.667614+00:00,inside in water 1,4CB13989-424F-31F7-E5C6-3C2FD749BFBE,-49,27.4,81.32,27.9,82.22,27.6,81.68,27.6,81.68,27.4,81.32,27.6,81.68,99.0
2026-08-29T00:58:23.673386+00:00,inside in water 1,4CB13989-424F-31F7-E5C6-3C2FD749BFBE,-52,27.4,81.32,27.8,82.03999999999999,27.6,81.68,27.6,81.68,27.4,81.32,27.6,81.68,99.0
2026-08-29T00:58:25.678102+00:00,inside in water 1,4CB13989-424F-31F7-E5C6-3C2FD749BFBE,-52,27.4,81.32,27.8,82.03999999999999,27.6,81.68,27.6,81.68,27.4,81.32,27.6,81.68,99.0
2026-08-29T00:58:27.683795+00:00,inside in water 1,4CB13989-424F-31F7-E5C6-3C2FD749BFBE,-52,27.4,81.32,27.8,82.03999999999999,27.6,81.68,27.6,81.68,27.4,81.32,27.6,81.68,99.0
2026-08-29T00:58:29.689134+00:00,inside in water 1,4CB13989-424F-31F7-E5C6-3C2FD749BFBE,-49,27.4,81.32,27.9,82.22,27.5,81.5,27.6,81.68,27.4,81.32,27.5,81.5,99.0
2026-08-29T00:58:31.694052+00:00,inside in water 1,4CB13989-424F-31F7-E5C6-3C2FD749BFBE,-49,27.4,81.32,27.9,82.22,27.5,81.5,27.6,81.68,27.4,81.32,27.5,81.5,99.0
2026-08-29T00:58:33.696403+00:00,inside in water 1,4CB13989-424F-31F7-E5C6-3C2FD749BFBE,-59,27.4,81.32,27.9,82.22,27.5,81.5,27.5,81.5,27.4,81.32,27.5,81.5,99.0
2026-08-29T00:58:35.701037+00:00,inside in water 1,4CB13989-424F-31F7-E5C6-3C2FD749BFBE,-52,27.4,81.32,27.9,82.22,27.5,81.5,27.5,81.5,27.4,81.32,27.5,81.5,99.0
2026-08-29T00:58:37.705268+00:00,inside in water 1,4CB13989-424F-31F7-E5C6-3C2FD749BFBE,-52,27.4,81.32,27.9,82.22,27.5,81.5,27.5,81.5,27.4,81.32,27.5,81.5,99.0
2026-08-29T00:58:39.710211+00:00,inside in water 1,4CB13989-424F-31F7-E5C6-3C2FD749BFBE,-52,27.4,81.32,27.9,82.22,27.5,81.5,27.5,81.5,27.4,81.32,27.5,81.5,99.0
2026-08-29T00:58:41.719513+00:00,inside in water 1,4CB13989-424F-31F7-E5C6-3C2FD749BFBE,-52,27.4,81.32,27.9,82.22,27.5,81.5,27.5,81.5,27.4,81.32,27.5,81.5,99.0
2026-08-29T00:58:43.724340+00:00,inside in water 1,4CB13989-424F-31F7-E5C6-3C2FD749BFBE,-51,27.3,81.14,27.7,81.86,27.4,81.32,27.5,81.5,27.3,81.14,27.5,81.5,99.0
2026-08-29T00:58:45.730348+00:00,inside in water 1,4CB13989-424F-31F7-E5C6-3C2FD749BFBE,-51,27.3,81.14,27.7,81.86,27.4,81.32,27.5,81.5,27.3,81.14,27.5,81.5,99.0
2026-08-29T00:58:47.733296+00:00,inside in water 1,4CB13989-424F-31F7-E5C6-3C2FD749BFBE,-53,27.3,81.14,27.8,82.03999999999999,27.4,81.32,27.4,81.32,27.3,81.14,27.5,81.5,99.0
2026-08-29T00:58:49.737101+00:00,inside in water 1,4CB13989-424F-31F7-E5C6-3C2FD749BFBE,-48,27.3,81.14,27.8,82.03999999999999,27.4,81.32,27.4,81.32,27.3,81.14,27.4,81.32,99.0
2026-08-29T00:58:51.742163+00:00,inside in water 1,4CB13989-424F-31F7-E5C6-3C2FD749BFBE,-58,27.3,81.14,27.8,82.03999999999999,27.4,81.32,27.4,81.32,27.3,81.14,27.4,81.32,99.0
2026-08-29T00:58:53.746696+00:00,inside in water 1,4CB13989-424F-31F7-E5C6-3C2FD749BFBE,-58,27.3,81.14,27.8,82.03999999999999,27.4,81.32,27.4,81.32,27.3,81.14,27.4,81.32,99.0
2026-08-29T00:58:55.752163+00:00,inside in water 1,4CB13989-424F-31F7-E5C6-3C2FD749BFBE,-58,27.3,81.14,27.8,82.03999999999999,27.4,81.32,27.4,81.32,27.3,81.14,27.4,81.32,99.0
2026-08-29T00:58:57.763771+00:00,inside in water 1,4CB13989-424F-31F7-E5C6-3C2FD749BFBE,-58,27.3,81.14,27.8,82.03999999999999,27.4,81.32,27.4,81.32,27.3,81.14,27.4,81.32,99.0
2026-08-29T00:58:59.769613+00:00,inside in water 1,4CB13989-424F-31F7-E5C6-3C2FD749BFBE,-50,27.2,80.96000000000001,27.5,81.5,27.3,81.14,27.4,81.32,27.2,80.96000000000001,27.4,81.32,99.0
2026-08-29T00:59:01.775726+00:00,inside in water 1,4CB13989-424F-31F7-E5C6-3C2FD749BFBE,-50,27.2,80.96000000000001,27.6,81.68,27.3,81.14,27.4,81.32,27.2,80.96000000000001,27.4,81.32,99.0
2026-08-29T00:59:03.781321+00:00,inside in water 1,4CB13989-424F-31F7-E5C6-3C2FD749BFBE,-50,27.2,80.96000000000001,27.6,81.68,27.3,81.14,27.4,81.32,27.2,80.96000000000001,27.4,81.32,99.0
2026-08-29T00:59:05.786522+00:00,inside in water 1,4CB13989-424F-31F7-E5C6-3C2FD749BFBE,-50,27.2,80.96000000000001,27.6,81.68,27.3,81.14,27.4,81.32,27.2,80.96000000000001,27.4,81.32,99.0
2026-08-29T00:59:07.793103+00:00,inside in water 1,4CB13989-424F-31F7-E5C6-3C2FD749BFBE,-50,27.2,80.96000000000001,27.6,81.68,27.3,81.14,27.4,81.32,27.2,80.96000000000001,27.4,81.32,99.0
2026-08-29T00:59:09.799416+00:00,inside in water 1,4CB13989-424F-31F7-E5C6-3C2FD749BFBE,-52,27.2,80.96000000000001,27.6,81.68,27.3,81.14,27.4,81.32,27.2,80.96000000000001,27.4,81.32,99.0
2026-08-29T00:59:11.804763+00:00,inside in water 1,4CB13989-424F-31F7-E5C6-3C2FD749BFBE,-50,27.1,80.78,27.6,81.68,27.2,80.96000000000001,27.3,81.14,27.1,80.78,27.4,81.32,99.0
2026-08-29T00:59:13.810056+00:00,inside in water 1,4CB13989-424F-31F7-E5C6-3C2FD749BFBE,-59,27.1,80.78,27.5,81.5,27.2,80.96000000000001,27.3,81.14,27.1,80.78,27.3,81.14,99.0
2026-08-29T00:59:15.816102+00:00,inside in water 1,4CB13989-424F-31F7-E5C6-3C2FD749BFBE,-59,27.1,80.78,27.5,81.5,27.2,80.96000000000001,27.3,81.14,27.1,80.78,27.3,81.14,99.0
2026-08-29T00:59:17.821353+00:00,inside in water 1,4CB13989-424F-31F7-E5C6-3C2FD749BFBE,-50,27.1,80.78,27.7,81.86,27.2,80.96000000000001,27.2,80.96000000000001,27.1,80.78,27.3,81.14,99.0
2026-08-29T00:59:19.826477+00:00,inside in water 1,4CB13989-424F-31F7-E5C6-3C2FD749BFBE,-51,27.1,80.78,27.6,81.68,27.2,80.96000000000001,27.2,80.96000000000001,27.1,80.78,27.3,81.14,99.0
2026-08-29T00:59:21.831044+00:00,inside in water 1,4CB13989-424F-31F7-E5C6-3C2FD749BFBE,-51,27.1,80.78,27.6,81.68,27.2,80.96000000000001,27.2,80.96000000000001,27.1,80.78,27.3,81.14,99.0
2026-08-29T00:59:23.837273+00:00,inside in water 1,4CB13989-424F-31F7-E5C6-3C2FD749BFBE,-51,27.1,80.78,27.6,81.68,27.2,80.96000000000001,27.2,80.96000000000001,27.1,80.78,27.3,81.14,99.0
2026-08-29T00:59:25.843967+00:00,inside in water 1,4CB13989-424F-31F7-E5C6-3C2FD749BFBE,-51,27.1,80.78,27.6,81.68,27.2,80.96000000000001,27.2,80.96000000000001,27.1,80.78,27.3,81.14,99.0
2026-08-29T00:59:27.848445+00:00,inside in water 1,4CB13989-424F-31F7-E5C6-3C2FD749BFBE,-51,27.1,80.78,27.6,81.68,27.1,80.78,27.2,80.96000000000001,27.1,80.78,27.3,81.14,99.0
2026-08-29T00:59:29.853486+00:00,inside in water 1,4CB13989-424F-31F7-E5C6-3C2FD749BFBE,-50,27.1,80.78,27.7,81.86,27.1,80.78,27.2,80.96000000000001,27.1,80.78,27.3,81.14,99.0
2026-08-29T00:59:31.859092+00:00,inside in water 1,4CB13989-424F-31F7-E5C6-3C2FD749BFBE,-59,27.1,80.78,27.5,81.5,27.1,80.78,27.2,80.96000000000001,27.1,80.78,27.3,81.14,99.0
2026-08-29T00:59:33.864290+00:00,inside in water 1,4CB13989-424F-31F7-E5C6-3C2FD749BFBE,-59,27.1,80.78,27.5,81.5,27.1,80.78,27.2,80.96000000000001,27.1,80.78,27.3,81.14,99.0
2026-08-29T00:59:35.870064+00:00,inside in water 1,4CB13989-424F-31F7-E5C6-3C2FD749BFBE,-59,27.1,80.78,27.5,81.5,27.1,80.78,27.2,80.96000000000001,27.1,80.78,27.3,81.14,99.0
2026-08-29T00:59:37.874296+00:00,inside in water 1,4CB13989-424F-31F7-E5C6-3C2FD749BFBE,-50,27.0,80.6,27.6,81.68,27.1,80.78,27.1,80.78,27.0,80.6,27.2,80.96000000000001,99.0
2026-08-29T00:59:39.878309+00:00,inside in water 1,4CB13989-424F-31F7-E5C6-3C2FD749BFBE,-50,27.0,80.6,27.6,81.68,27.1,80.78,27.1,80.78,27.0,80.6,27.2,80.96000000000001,99.0
2026-08-29T00:59:41.885336+00:00,inside in water 1,4CB13989-424F-31F7-E5C6-3C2FD749BFBE,-50,27.0,80.6,27.5,81.5,27.1,80.78,27.1,80.78,27.0,80.6,27.2,80.96000000000001,99.0
2026-08-29T00:59:43.891222+00:00,inside in water 1,4CB13989-424F-31F7-E5C6-3C2FD749BFBE,-50,27.0,80.6,27.5,81.5,27.1,80.78,27.1,80.78,27.0,80.6,27.2,80.96000000000001,99.0
2026-08-29T00:59:45.897173+00:00,inside in water 1,4CB13989-424F-31F7-E5C6-3C2FD749BFBE,-50,27.0,80.6,27.5,81.5,27.1,80.78,27.1,80.78,27.0,80.6,27.2,80.96000000000001,99.0
2026-08-29T00:59:47.903319+00:00,inside in water 1,4CB13989-424F-31F7-E5C6-3C2FD749BFBE,-50,27.0,80.6,27.6,81.68,27.1,80.78,27.1,80.78,27.0,80.6,27.2,80.96000000000001,99.0
2026-08-29T00:59:49.908387+00:00,inside in water 1,4CB13989-424F-31F7-E5C6-3C2FD749BFBE,-50,27.0,80.6,27.6,81.68,27.1,80.78,27.1,80.78,27.0,80.6,27.2,80.96000000000001,99.0
2026-08-29T00:59:51.911749+00:00,inside in water 1,4CB13989-424F-31F7-E5C6-3C2FD749BFBE,-50,27.0,80.6,27.6,81.68,27.1,80.78,27.1,80.78,27.0,80.6,27.2,80.96000000000001,99.0
2026-08-29T00:59:53.916844+00:00,inside in water 1,4CB13989-424F-31F7-E5C6-3C2FD749BFBE,-50,27.0,80.6,27.6,81.68,27.1,80.78,27.1,80.78,27.0,80.6,27.2,80.96000000000001,99.0
2026-08-29T00:59:55.922363+00:00,inside in water 1,4CB13989-424F-31F7-E5C6-3C2FD749BFBE,-50,26.9,80.42,27.5,81.5,27.0,80.6,27.1,80.78,26.9,80.42,27.2,80.96000000000001,99.0
2026-08-29T00:59:57.927400+00:00,inside in water 1,4CB13989-424F-31F7-E5C6-3C2FD749BFBE,-58,26.9,80.42,27.5,81.5,27.0,80.6,27.0,80.6,26.9,80.42,27.2,80.96000000000001,99.0
2026-08-29T00:59:59.932170+00:00,inside in water 1,4CB13989-424F-31F7-E5C6-3C2FD749BFBE,-50,26.9,80.42,27.6,81.68,27.0,80.6,27.0,80.6,26.9,80.42,27.2,80.96000000000001,99.0
2026-08-29T01:00:01.937937+00:00,inside in water 1,4CB13989-424F-31F7-E5C6-3C2FD749BFBE,-50,26.9,80.42,27.6,81.68,27.0,80.6,27.0,80.6,26.9,80.42,27.2,80.96000000000001,99.0
2026-08-29T01:00:03.944060+00:00,inside in water 1,4CB13989-424F-31F7-E5C6-3C2FD749BFBE,-50,26.9,80.42,27.4,81.32,27.0,80.6,27.0,80.6,26.9,80.42,27.2,80.96000000000001,99.0
2026-08-29T01:00:05.950415+00:00,inside in water 1,4CB13989-424F-31F7-E5C6-3C2FD749BFBE,-51,26.9,80.42,27.4,81.32,26.9,80.42,27.0,80.6,26.9,80.42,27.2,80.96000000000001,99.0
2026-08-29T01:00:07.956405+00:00,inside in water 1,4CB13989-424F-31F7-E5C6-3C2FD749BFBE,-50,26.9,80.42,27.5,81.5,26.9,80.42,27.0,80.6,26.9,80.42,27.2,80.96000000000001,99.0
2026-08-29T01:00:09.962065+00:00,inside in water 1,4CB13989-424F-31F7-E5C6-3C2FD749BFBE,-49,26.9,80.42,27.5,81.5,26.9,80.42,27.0,80.6,26.9,80.42,27.1,80.78,99.0
2026-08-29T01:00:11.967983+00:00,inside in water 1,4CB13989-424F-31F7-E5C6-3C2FD749BFBE,-50,26.9,80.42,27.5,81.5,26.9,80.42,27.0,80.6,26.9,80.42,27.1,80.78,99.0
2026-08-29T01:00:13.973635+00:00,inside in water 1,4CB13989-424F-31F7-E5C6-3C2FD749BFBE,-49,26.9,80.42,27.5,81.5,26.9,80.42,27.0,80.6,26.9,80.42,27.1,80.78,99.0
2026-08-29T01:00:15.978488+00:00,inside in water 1,4CB13989-424F-31F7-E5C6-3C2FD749BFBE,-57,26.9,80.42,27.5,81.5,26.9,80.42,27.0,80.6,26.9,80.42,27.1,80.78,99.0
2026-08-29T01:00:17.980464+00:00,inside in water 1,4CB13989-424F-31F7-E5C6-3C2FD749BFBE,-51,26.9,80.42,27.4,81.32,26.9,80.42,26.9,80.42,26.9,80.42,27.1,80.78,99.0
2026-08-29T01:00:19.984573+00:00,inside in water 1,4CB13989-424F-31F7-E5C6-3C2FD749BFBE,-50,26.9,80.42,27.4,81.32,26.9,80.42,27.0,80.6,26.9,80.42,27.1,80.78,99.0
2026-08-29T01:00:21.990169+00:00,inside in water 1,4CB13989-424F-31F7-E5C6-3C2FD749BFBE,-51,26.8,80.24000000000001,27.4,81.32,26.9,80.42,26.9,80.42,26.8,80.24000000000001,27.1,80.78,99.0
2026-08-29T01:00:23.996249+00:00,inside in water 1,4CB13989-424F-31F7-E5C6-3C2FD749BFBE,-51,26.8,80.24000000000001,27.4,81.32,26.9,80.42,26.9,80.42,26.8,80.24000000000001,27.1,80.78,99.0
2026-08-29T01:00:26.001792+00:00,inside in water 1,4CB13989-424F-31F7-E5C6-3C2FD749BFBE,-50,26.8,80.24000000000001,27.4,81.32,26.9,80.42,26.9,80.42,26.8,80.24000000000001,27.1,80.78,99.0
2026-08-29T01:00:28.009191+00:00,inside in water 1,4CB13989-424F-31F7-E5C6-3C2FD749BFBE,-50,26.8,80.24000000000001,27.4,81.32,26.9,80.42,26.9,80.42,26.8,80.24000000000001,27.1,80.78,99.0
2026-08-29T01:00:30.014541+00:00,inside in water 1,4CB13989-424F-31F7-E5C6-3C2FD749BFBE,-51,26.8,80.24000000000001,27.4,81.32,26.8,80.24000000000001,26.9,80.42,26.8,80.24000000000001,27.1,80.78,99.0
2026-08-29T01:00:32.020487+00:00,inside in water 1,4CB13989-424F-31F7-E5C6-3C2FD749BFBE,-51,26.8,80.24000000000001,27.4,81.32,26.8,80.24000000000001,26.9,80.42,26.8,80.24000000000001,27.1,80.78,99.0
2026-08-29T01:00:34.024946+00:00,inside in water 1,4CB13989-424F-31F7-E5C6-3C2FD749BFBE,-51,26.8,80.24000000000001,27.4,81.32,26.8,80.24000000000001,26.9,80.42,26.8,80.24000000000001,27.1,80.78,99.0
2026-08-29T01:00:36.029949+00:00,inside in water 1,4CB13989-424F-31F7-E5C6-3C2FD749BFBE,-49,26.8,80.24000000000001,27.4,81.32,26.8,80.24000000000001,26.9,80.42,26.8,80.24000000000001,27.1,80.78,99.0
2026-08-29T01:00:38.036134+00:00,inside in water 1,4CB13989-424F-31F7-E5C6-3C2FD749BFBE,-53,26.8,80.24000000000001,27.5,81.5,26.8,80.24000000000001,26.9,80.42,26.8,80.24000000000001,27.1,80.78,99.0
2026-08-29T01:00:40.041162+00:00,inside in water 1,4CB13989-424F-31F7-E5C6-3C2FD749BFBE,-50,26.8,80.24000000000001,27.5,81.5,26.8,80.24000000000001,26.9,80.42,26.8,80.24000000000001,27.1,80.78,99.0
2026-08-29T01:00:42.046586+00:00,inside in water 1,4CB13989-424F-31F7-E5C6-3C2FD749BFBE,-57,26.8,80.24000000000001,27.4,81.32,26.8,80.24000000000001,26.9,80.42,26.8,80.24000000000001,27.1,80.78,99.0
2026-08-29T01:00:44.051926+00:00,inside in water 1,4CB13989-424F-31F7-E5C6-3C2FD749BFBE,-57,26.8,80.24000000000001,27.4,81.32,26.8,80.24000000000001,26.9,80.42,26.8,80.24000000000001,27.1,80.78,99.0
2026-08-29T01:00:46.056518+00:00,inside in water 1,4CB13989-424F-31F7-E5C6-3C2FD749BFBE,-57,26.8,80.24000000000001,27.4,81.32,26.8,80.24000000000001,26.9,80.42,26.8,80.24000000000001,27.1,80.78,99.0
2026-08-29T01:00:48.058830+00:00,inside in water 1,4CB13989-424F-31F7-E5C6-3C2FD749BFBE,-50,26.7,80.06,27.5,81.5,26.8,80.24000000000001,26.8,80.24000000000001,26.7,80.06,27.0,80.6,99.0
2026-08-29T01:00:50.064180+00:00,inside in water 1,4CB13989-424F-31F7-E5C6-3C2FD749BFBE,-51,26.8,80.24000000000001,27.4,81.32,26.8,80.24000000000001,26.8,80.24000000000001,26.8,80.24000000000001,27.0,80.6,99.0
2026-08-29T01:00:52.070059+00:00,inside in water 1,4CB13989-424F-31F7-E5C6-3C2FD749BFBE,-60,26.8,80.24000000000001,27.4,81.32,26.8,80.24000000000001,26.8,80.24000000000001,26.8,80.24000000000001,27.0,80.6,99.0
2026-08-29T01:00:54.075809+00:00,inside in water 1,4CB13989-424F-31F7-E5C6-3C2FD749BFBE,-60,26.8,80.24000000000001,27.4,81.32,26.8,80.24000000000001,26.8,80.24000000000001,26.8,80.24000000000001,27.0,80.6,99.0
2026-08-29T01:00:56.081918+00:00,inside in water 1,4CB13989-424F-31F7-E5C6-3C2FD749BFBE,-60,26.8,80.24000000000001,27.4,81.32,26.8,80.24000000000001,26.8,80.24000000000001,26.8,80.24000000000001,27.0,80.6,99.0
2026-08-29T01:00:58.086894+00:00,inside in water 1,4CB13989-424F-31F7-E5C6-3C2FD749BFBE,-60,26.8,80.24000000000001,27.4,81.32,26.8,80.24000000000001,26.8,80.24000000000001,26.8,80.24000000000001,27.0,80.6,99.0
2026-08-29T01:01:00.091848+00:00,inside in water 1,4CB13989-424F-31F7-E5C6-3C2FD749BFBE,-54,26.8,80.24000000000001,27.4,81.32,26.8,80.24000000000001,26.8,80.24000000000001,26.8,80.24000000000001,27.0,80.6,99.0
2026-08-29T01:01:02.097720+00:00,inside in water 1,4CB13989-424F-31F7-E5C6-3C2FD749BFBE,-52,26.7,80.06,27.2,80.96000000000001,26.8,80.24000000000001,26.8,80.24000000000001,26.7,80.06,27.0,80.6,99.0
2026-08-29T01:01:04.102842+00:00,inside in water 1,4CB13989-424F-31F7-E5C6-3C2FD749BFBE,-52,26.7,80.06,27.2,80.96000000000001,26.8,80.24000000000001,26.8,80.24000000000001,26.7,80.06,27.0,80.6,99.0
2026-08-29T01:01:06.109504+00:00,inside in water 1,4CB13989-424F-31F7-E5C6-3C2FD749BFBE,-49,26.7,80.06,27.3,81.14,26.7,80.06,26.8,80.24000000000001,26.7,80.06,27.0,80.6,99.0
2026-08-29T01:01:08.113201+00:00,inside in water 1,4CB13989-424F-31F7-E5C6-3C2FD749BFBE,-49,26.7,80.06,27.3,81.14,26.7,80.06,26.8,80.24000000000001,26.7,80.06,27.0,80.6,99.0
2026-08-29T01:01:10.121556+00:00,inside in water 1,4CB13989-424F-31F7-E5C6-3C2FD749BFBE,-56,26.7,80.06,27.3,81.14,26.7,80.06,26.8,80.24000000000001,26.7,80.06,27.0,80.6,99.0
2026-08-29T01:01:12.125566+00:00,inside in water 1,4CB13989-424F-31F7-E5C6-3C2FD749BFBE,-52,26.7,80.06,27.3,81.14,26.7,80.06,26.8,80.24000000000001,26.7,80.06,27.0,80.6,99.0
2026-08-29T01:01:14.128739+00:00,inside in water 1,4CB13989-424F-31F7-E5C6-3C2FD749BFBE,-50,26.7,80.06,27.2,80.96000000000001,26.7,80.06,26.8,80.24000000000001,26.7,80.06,27.0,80.6,99.0
2026-08-29T01:01:16.132330+00:00,inside in water 1,4CB13989-424F-31F7-E5C6-3C2FD749BFBE,-50,26.7,80.06,27.2,80.96000000000001,26.7,80.06,26.8,80.24000000000001,26.7,80.06,27.0,80.6,99.0
2026-08-29T01:01:18.134869+00:00,inside in water 1,4CB13989-424F-31F7-E5C6-3C2FD749BFBE,-56,26.7,80.06,27.3,81.14,26.7,80.06,26.8,80.24000000000001,26.7,80.06,26.9,80.42,99.0
2026-08-29T01:01:20.140612+00:00,inside in water 1,4CB13989-424F-31F7-E5C6-3C2FD749BFBE,-52,26.6,79.88,27.3,81.14,26.7,80.06,26.7,80.06,26.6,79.88,26.9,80.42,99.0
2026-08-29T01:01:22.145728+00:00,inside in water 1,4CB13989-424F-31F7-E5C6-3C2FD749BFBE,-52,26.6,79.88,27.3,81.14,26.7,80.06,26.7,80.06,26.6,79.88,26.9,80.42,99.0
2026-08-29T01:01:24.154347+00:00,inside in water 1,4CB13989-424F-31F7-E5C6-3C2FD749BFBE,-52,26.6,79.88,27.3,81.14,26.7,80.06,26.7,80.06,26.6,79.88,26.9,80.42,99.0
2026-08-29T01:01:26.158422+00:00,inside in water 1,4CB13989-424F-31F7-E5C6-3C2FD749BFBE,-56,26.6,79.88,27.3,81.14,26.7,80.06,26.7,80.06,26.6,79.88,26.9,80.42,99.0
2026-08-29T01:01:28.165814+00:00,inside in water 1,4CB13989-424F-31F7-E5C6-3C2FD749BFBE,-61,26.6,79.88,27.3,81.14,26.7,80.06,26.7,80.06,26.6,79.88,26.9,80.42,99.0
2026-08-29T01:01:30.173394+00:00,inside in water 1,4CB13989-424F-31F7-E5C6-3C2FD749BFBE,-55,26.6,79.88,27.3,81.14,26.7,80.06,26.7,80.06,26.6,79.88,26.9,80.42,99.0
2026-08-29T01:01:32.182981+00:00,inside in water 1,4CB13989-424F-31F7-E5C6-3C2FD749BFBE,-61,26.6,79.88,27.2,80.96000000000001,26.7,80.06,26.7,80.06,26.6,79.88,26.9,80.42,99.0
2026-08-29T01:01:34.186139+00:00,inside in water 1,4CB13989-424F-31F7-E5C6-3C2FD749BFBE,-61,26.6,79.88,27.2,80.96000000000001,26.7,80.06,26.7,80.06,26.6,79.88,26.9,80.42,99.0
2026-08-29T01:01:36.191758+00:00,inside in water 1,4CB13989-424F-31F7-E5C6-3C2FD749BFBE,-61,26.6,79.88,27.2,80.96000000000001,26.7,80.06,26.7,80.06,26.6,79.88,26.9,80.42,99.0
2026-08-29T01:01:38.194310+00:00,inside in water 1,4CB13989-424F-31F7-E5C6-3C2FD749BFBE,-61,26.6,79.88,27.2,80.96000000000001,26.7,80.06,26.7,80.06,26.6,79.88,26.9,80.42,99.0
2026-08-29T01:01:40.198726+00:00,inside in water 1,4CB13989-424F-31F7-E5C6-3C2FD749BFBE,-61,26.6,79.88,27.2,80.96000000000001,26.7,80.06,26.7,80.06,26.6,79.88,26.9,80.42,99.0
2026-08-29T01:01:42.204500+00:00,inside in water 1,4CB13989-424F-31F7-E5C6-3C2FD749BFBE,-61,26.6,79.88,27.2,80.96000000000001,26.7,80.06,26.7,80.06,26.6,79.88,26.9,80.42,99.0
2026-08-29T01:01:44.212162+00:00,inside in water 1,4CB13989-424F-31F7-E5C6-3C2FD749BFBE,-55,26.6,79.88,27.2,80.96000000000001,26.7,80.06,26.7,80.06,26.6,79.88,26.9,80.42,99.0
2026-08-29T01:01:46.213986+00:00,inside in water 1,4CB13989-424F-31F7-E5C6-3C2FD749BFBE,-55,26.6,79.88,27.2,80.96000000000001,26.7,80.06,26.7,80.06,26.6,79.88,26.9,80.42,99.0
2026-08-29T01:01:48.216447+00:00,inside in water 1,4CB13989-424F-31F7-E5C6-3C2FD749BFBE,-59,26.6,79.88,27.3,81.14,26.6,79.88,26.7,80.06,26.6,79.88,26.9,80.42,99.0
2026-08-29T01:01:50.220096+00:00,inside in water 1,4CB13989-424F-31F7-E5C6-3C2FD749BFBE,-59,26.6,79.88,27.3,81.14,26.6,79.88,26.7,80.06,26.6,79.88,26.9,80.42,99.0
2026-08-29T01:01:52.224870+00:00,inside in water 1,4CB13989-424F-31F7-E5C6-3C2FD749BFBE,-54,26.6,79.88,27.3,81.14,26.6,79.88,26.7,80.06,26.6,79.88,26.9,80.42,99.0
2026-08-29T01:01:54.229564+00:00,inside in water 1,4CB13989-424F-31F7-E5C6-3C2FD749BFBE,-55,26.6,79.88,27.3,81.14,26.6,79.88,26.7,80.06,26.6,79.88,26.9,80.42,99.0
2026-08-29T01:01:56.234662+00:00,inside in water 1,4CB13989-424F-31F7-E5C6-3C2FD749BFBE,-55,26.6,79.88,27.2,80.96000000000001,26.6,79.88,26.6,79.88,26.6,79.88,26.8,80.24000000000001,99.0
2026-08-29T01:01:58.239654+00:00,inside in water 1,4CB13989-424F-31F7-E5C6-3C2FD749BFBE,-58,26.6,79.88,27.2,80.96000000000001,26.6,79.88,26.6,79.88,26.6,79.88,26.8,80.24000000000001,99.0
2026-08-29T01:02:00.249523+00:00,inside in water 1,4CB13989-424F-31F7-E5C6-3C2FD749BFBE,-58,26.6,79.88,27.2,80.96000000000001,26.6,79.88,26.6,79.88,26.6,79.88,26.8,80.24000000000001,99.0
2026-08-29T01:02:02.257329+00:00,inside in water 1,4CB13989-424F-31F7-E5C6-3C2FD749BFBE,-58,26.6,79.88,27.2,80.96000000000001,26.6,79.88,26.6,79.88,26.6,79.88,26.8,80.24000000000001,99.0
2026-08-29T01:02:04.270244+00:00,inside in water 1,4CB13989-424F-31F7-E5C6-3C2FD749BFBE,-56,26.5,79.7,27.2,80.96000000000001,26.6,79.88,26.6,79.88,26.5,79.7,26.8,80.24000000000001,99.0
2026-08-29T01:02:06.276157+00:00,inside in water 1,4CB13989-424F-31F7-E5C6-3C2FD749BFBE,-67,26.5,79.7,27.2,80.96000000000001,26.6,79.88,26.6,79.88,26.5,79.7,26.8,80.24000000000001,99.0
2026-08-29T01:02:08.281408+00:00,inside in water 1,4CB13989-424F-31F7-E5C6-3C2FD749BFBE,-58,26.5,79.7,27.2,80.96000000000001,26.6,79.88,26.6,79.88,26.5,79.7,26.8,80.24000000000001,99.0
2026-08-29T01:02:10.293081+00:00,inside in water 1,4CB13989-424F-31F7-E5C6-3C2FD749BFBE,-58,26.5,79.7,27.2,80.96000000000001,26.6,79.88,26.6,79.88,26.5,79.7,26.8,80.24000000000001,99.0
2026-08-29T01:02:12.297307+00:00,inside in water 1,4CB13989-424F-31F7-E5C6-3C2FD749BFBE,-58,26.5,79.7,27.2,80.96000000000001,26.6,79.88,26.6,79.88,26.5,79.7,26.8,80.24000000000001,99.0
2026-08-29T01:02:14.308338+00:00,inside in water 1,4CB13989-424F-31F7-E5C6-3C2FD749BFBE,-70,26.5,79.7,27.1,80.78,26.6,79.88,26.6,79.88,26.5,79.7,26.8,80.24000000000001,99.0
2026-08-29T01:02:16.314009+00:00,inside in water 1,4CB13989-424F-31F7-E5C6-3C2FD749BFBE,-70,26.5,79.7,27.1,80.78,26.6,79.88,26.6,79.88,26.5,79.7,26.8,80.24000000000001,99.0
2026-08-29T01:02:18.319706+00:00,inside in water 1,4CB13989-424F-31F7-E5C6-3C2FD749BFBE,-59,26.5,79.7,27.1,80.78,26.6,79.88,26.6,79.88,26.5,79.7,26.8,80.24000000000001,99.0
2026-08-29T01:02:20.326611+00:00,inside in water 1,4CB13989-424F-31F7-E5C6-3C2FD749BFBE,-56,26.5,79.7,27.2,80.96000000000001,26.6,79.88,26.6,79.88,26.5,79.7,26.8,80.24000000000001,99.0
2026-08-29T01:02:22.330615+00:00,inside in water 1,4CB13989-424F-31F7-E5C6-3C2FD749BFBE,-57,26.5,79.7,27.1,80.78,26.6,79.88,26.6,79.88,26.5,79.7,26.8,80.24000000000001,99.0
2026-08-29T01:02:24.335570+00:00,inside in water 1,4CB13989-424F-31F7-E5C6-3C2FD749BFBE,-58,26.5,79.7,27.1,80.78,26.6,79.88,26.6,79.88,26.5,79.7,26.8,80.24000000000001,99.0
2026-08-29T01:02:26.339101+00:00,inside in water 1,4CB13989-424F-31F7-E5C6-3C2FD749BFBE,-57,26.5,79.7,27.0,80.6,26.6,79.88,26.6,79.88,26.5,79.7,26.8,80.24000000000001,99.0
2026-08-29T01:02:28.348763+00:00,inside in water 1,4CB13989-424F-31F7-E5C6-3C2FD749BFBE,-57,26.5,79.7,27.0,80.6,26.6,79.88,26.6,79.88,26.5,79.7,26.8,80.24000000000001,99.0
2026-08-29T01:02:30.358698+00:00,inside in water 1,4CB13989-424F-31F7-E5C6-3C2FD749BFBE,-56,26.5,79.7,27.1,80.78,26.5,79.7,26.6,79.88,26.5,79.7,26.8,80.24000000000001,99.0
2026-08-29T01:02:32.373999+00:00,inside in water 1,4CB13989-424F-31F7-E5C6-3C2FD749BFBE,-56,26.5,79.7,27.1,80.78,26.5,79.7,26.6,79.88,26.5,79.7,26.8,80.24000000000001,99.0
2026-08-29T01:02:34.384359+00:00,inside in water 1,4CB13989-424F-31F7-E5C6-3C2FD749BFBE,-56,26.5,79.7,27.1,80.78,26.5,79.7,26.6,79.88,26.5,79.7,26.8,80.24000000000001,99.0
2026-08-29T01:02:36.388509+00:00,inside in water 1,4CB13989-424F-31F7-E5C6-3C2FD749BFBE,-60,26.5,79.7,27.2,80.96000000000001,26.5,79.7,26.6,79.88,26.5,79.7,26.8,80.24000000000001,99.0
2026-08-29T01:02:38.395887+00:00,inside in water 1,4CB13989-424F-31F7-E5C6-3C2FD749BFBE,-57,26.5,79.7,27.1,80.78,26.5,79.7,26.6,79.88,26.5,79.7,26.8,80.24000000000001,99.0
2026-08-29T01:02:40.399451+00:00,inside in water 1,4CB13989-424F-31F7-E5C6-3C2FD749BFBE,-57,26.5,79.7,27.1,80.78,26.5,79.7,26.6,79.88,26.5,79.7,26.8,80.24000000000001,99.0
2026-08-29T01:02:42.402295+00:00,inside in water 1,4CB13989-424F-31F7-E5C6-3C2FD749BFBE,-62,26.5,79.7,27.1,80.78,26.5,79.7,26.6,79.88,26.5,79.7,26.8,80.24000000000001,99.0
2026-08-29T01:02:44.411221+00:00,inside in water 1,4CB13989-424F-31F7-E5C6-3C2FD749BFBE,-62,26.5,79.7,27.1,80.78,26.5,79.7,26.6,79.88,26.5,79.7,26.8,80.24000000000001,99.0
2026-08-29T01:02:46.414257+00:00,inside in water 1,4CB13989-424F-31F7-E5C6-3C2FD749BFBE,-58,26.5,79.7,27.1,80.78,26.5,79.7,26.6,79.88,26.5,79.7,26.8,80.24000000000001,99.0
2026-08-29T01:02:48.418896+00:00,inside in water 1,4CB13989-424F-31F7-E5C6-3C2FD749BFBE,-61,26.5,79.7,27.1,80.78,26.5,79.7,26.6,79.88,26.5,79.7,26.8,80.24000000000001,99.0
2026-08-29T01:02:50.423997+00:00,inside in water 1,4CB13989-424F-31F7-E5C6-3C2FD749BFBE,-54,26.5,79.7,26.9,80.42,26.5,79.7,26.6,79.88,26.5,79.7,26.8,80.24000000000001,99.0
2026-08-29T01:02:52.429375+00:00,inside in water 1,4CB13989-424F-31F7-E5C6-3C2FD749BFBE,-66,26.5,79.7,27.0,80.6,26.5,79.7,26.5,79.7,26.5,79.7,26.8,80.24000000000001,99.0
2026-08-29T01:02:54.432350+00:00,inside in water 1,4CB13989-424F-31F7-E5C6-3C2FD749BFBE,-66,26.5,79.7,27.0,80.6,26.5,79.7,26.5,79.7,26.5,79.7,26.8,80.24000000000001,99.0
2026-08-29T01:02:56.435322+00:00,inside in water 1,4CB13989-424F-31F7-E5C6-3C2FD749BFBE,-55,26.5,79.7,27.1,80.78,26.5,79.7,26.5,79.7,26.5,79.7,26.8,80.24000000000001,99.0
2026-08-29T01:02:58.442703+00:00,inside in water 1,4CB13989-424F-31F7-E5C6-3C2FD749BFBE,-57,26.5,79.7,26.9,80.42,26.5,79.7,26.5,79.7,26.5,79.7,26.7,80.06,99.0
2026-08-29T01:03:00.446256+00:00,inside in water 1,4CB13989-424F-31F7-E5C6-3C2FD749BFBE,-57,26.5,79.7,26.9,80.42,26.5,79.7,26.5,79.7,26.5,79.7,26.7,80.06,99.0
2026-08-29T01:03:02.458544+00:00,inside in water 1,4CB13989-424F-31F7-E5C6-3C2FD749BFBE,-56,26.5,79.7,26.9,80.42,26.5,79.7,26.5,79.7,26.5,79.7,26.7,80.06,99.0
2026-08-29T01:03:04.469153+00:00,inside in water 1,4CB13989-424F-31F7-E5C6-3C2FD749BFBE,-55,26.5,79.7,26.9,80.42,26.5,79.7,26.5,79.7,26.5,79.7,26.7,80.06,99.0
2026-08-29T01:03:06.477608+00:00,inside in water 1,4CB13989-424F-31F7-E5C6-3C2FD749BFBE,-54,26.5,79.7,26.9,80.42,26.5,79.7,26.5,79.7,26.5,79.7,26.7,80.06,99.0
2026-08-29T01:03:08.481659+00:00,inside in water 1,4CB13989-424F-31F7-E5C6-3C2FD749BFBE,-55,26.5,79.7,26.9,80.42,26.5,79.7,26.5,79.7,26.5,79.7,26.7,80.06,99.0
2026-08-29T01:03:10.485136+00:00,inside in water 1,4CB13989-424F-31F7-E5C6-3C2FD749BFBE,-59,26.5,79.7,27.1,80.78,26.5,79.7,26.5,79.7,26.5,79.7,26.8,80.24000000000001,99.0
2026-08-29T01:03:12.493916+00:00,inside in water 1,4CB13989-424F-31F7-E5C6-3C2FD749BFBE,-59,26.5,79.7,27.1,80.78,26.5,79.7,26.5,79.7,26.5,79.7,26.8,80.24000000000001,99.0
2026-08-29T01:03:14.499322+00:00,inside in water 1,4CB13989-424F-31F7-E5C6-3C2FD749BFBE,-59,26.5,79.7,27.1,80.78,26.5,79.7,26.5,79.7,26.5,79.7,26.8,80.24000000000001,99.0
2026-08-29T01:03:16.502551+00:00,inside in water 1,4CB13989-424F-31F7-E5C6-3C2FD749BFBE,-59,26.5,79.7,27.1,80.78,26.5,79.7,26.5,79.7,26.5,79.7,26.8,80.24000000000001,99.0
2026-08-29T01:03:18.517331+00:00,inside in water 1,4CB13989-424F-31F7-E5C6-3C2FD749BFBE,-54,26.4,79.52,27.0,80.6,26.5,79.7,26.5,79.7,26.4,79.52,26.7,80.06,99.0
2026-08-29T01:03:20.528602+00:00,inside in water 1,4CB13989-424F-31F7-E5C6-3C2FD749BFBE,-56,26.4,79.52,27.0,80.6,26.5,79.7,26.5,79.7,26.4,79.52,26.7,80.06,99.0
2026-08-29T01:03:22.534544+00:00,inside in water 1,4CB13989-424F-31F7-E5C6-3C2FD749BFBE,-56,26.4,79.52,27.0,80.6,26.5,79.7,26.5,79.7,26.4,79.52,26.7,80.06,99.0
2026-08-29T01:03:24.538783+00:00,inside in water 1,4CB13989-424F-31F7-E5C6-3C2FD749BFBE,-56,26.4,79.52,27.0,80.6,26.5,79.7,26.5,79.7,26.4,79.52,26.7,80.06,99.0
2026-08-29T01:03:26.545060+00:00,inside in water 1,4CB13989-424F-31F7-E5C6-3C2FD749BFBE,-54,26.4,79.52,26.9,80.42,26.4,79.52,26.5,79.7,26.4,79.52,26.7,80.06,99.0
2026-08-29T01:03:28.557089+00:00,inside in water 1,4CB13989-424F-31F7-E5C6-3C2FD749BFBE,-60,26.4,79.52,26.9,80.42,26.4,79.52,26.5,79.7,26.4,79.52,26.7,80.06,99.0
2026-08-29T01:03:30.561144+00:00,inside in water 1,4CB13989-424F-31F7-E5C6-3C2FD749BFBE,-60,26.4,79.52,26.9,80.42,26.4,79.52,26.5,79.7,26.4,79.52,26.7,80.06,99.0
2026-08-29T01:03:32.565462+00:00,inside in water 1,4CB13989-424F-31F7-E5C6-3C2FD749BFBE,-60,26.4,79.52,26.9,80.42,26.4,79.52,26.5,79.7,26.4,79.52,26.7,80.06,99.0
2026-08-29T01:03:34.570381+00:00,inside in water 1,4CB13989-424F-31F7-E5C6-3C2FD749BFBE,-55,26.4,79.52,27.1,80.78,26.4,79.52,26.5,79.7,26.4,79.52,26.7,80.06,99.0
2026-08-29T01:03:36.576560+00:00,inside in water 1,4CB13989-424F-31F7-E5C6-3C2FD749BFBE,-55,26.4,79.52,27.1,80.78,26.4,79.52,26.5,79.7,26.4,79.52,26.7,80.06,99.0
2026-08-29T01:03:38.580507+00:00,inside in water 1,4CB13989-424F-31F7-E5C6-3C2FD749BFBE,-55,26.4,79.52,27.1,80.78,26.4,79.52,26.5,79.7,26.4,79.52,26.7,80.06,99.0
2026-08-29T01:03:40.584795+00:00,inside in water 1,4CB13989-424F-31F7-E5C6-3C2FD749BFBE,-64,26.4,79.52,26.9,80.42,26.4,79.52,26.5,79.7,26.4,79.52,26.7,80.06,99.0
2026-08-29T01:03:42.590221+00:00,inside in water 1,4CB13989-424F-31F7-E5C6-3C2FD749BFBE,-64,26.4,79.52,26.9,80.42,26.4,79.52,26.5,79.7,26.4,79.52,26.7,80.06,99.0
2026-08-29T01:03:44.594112+00:00,inside in water 1,4CB13989-424F-31F7-E5C6-3C2FD749BFBE,-59,26.4,79.52,26.9,80.42,26.4,79.52,26.5,79.7,26.4,79.52,26.7,80.06,99.0
2026-08-29T01:03:46.597700+00:00,inside in water 1,4CB13989-424F-31F7-E5C6-3C2FD749BFBE,-70,26.4,79.52,26.9,80.42,26.4,79.52,26.5,79.7,26.4,79.52,26.7,80.06,99.0
2026-08-29T01:03:48.603477+00:00,inside in water 1,4CB13989-424F-31F7-E5C6-3C2FD749BFBE,-70,26.4,79.52,26.9,80.42,26.4,79.52,26.5,79.7,26.4,79.52,26.7,80.06,99.0
2026-08-29T01:03:50.609256+00:00,inside in water 1,4CB13989-424F-31F7-E5C6-3C2FD749BFBE,-70,26.4,79.52,26.9,80.42,26.4,79.52,26.5,79.7,26.4,79.52,26.7,80.06,99.0
2026-08-29T01:03:52.612897+00:00,inside in water 1,4CB13989-424F-31F7-E5C6-3C2FD749BFBE,-54,26.4,79.52,27.1,80.78,26.4,79.52,26.5,79.7,26.4,79.52,26.7,80.06,99.0
2026-08-29T01:03:54.616445+00:00,inside in water 1,4CB13989-424F-31F7-E5C6-3C2FD749BFBE,-62,26.4,79.52,26.9,80.42,26.4,79.52,26.5,79.7,26.4,79.52,26.7,80.06,99.0
2026-08-29T01:03:56.621066+00:00,inside in water 1,4CB13989-424F-31F7-E5C6-3C2FD749BFBE,-54,26.4,79.52,26.9,80.42,26.4,79.52,26.5,79.7,26.4,79.52,26.7,80.06,99.0
2026-08-29T01:03:58.635874+00:00,inside in water 1,4CB13989-424F-31F7-E5C6-3C2FD749BFBE,-54,26.4,79.52,26.9,80.42,26.4,79.52,26.5,79.7,26.4,79.52,26.7,80.06,99.0
2026-08-29T01:04:00.647425+00:00,inside in water 1,4CB13989-424F-31F7-E5C6-3C2FD749BFBE,-54,26.4,79.52,26.9,80.42,26.4,79.52,26.5,79.7,26.4,79.52,26.6,79.88,99.0
2026-08-29T01:04:02.653197+00:00,inside in water 1,4CB13989-424F-31F7-E5C6-3C2FD749BFBE,-54,26.4,79.52,26.9,80.42,26.4,79.52,26.5,79.7,26.4,79.52,26.6,79.88,99.0
2026-08-29T01:04:04.657577+00:00,inside in water 1,4CB13989-424F-31F7-E5C6-3C2FD749BFBE,-55,26.4,79.52,26.9,80.42,26.4,79.52,26.5,79.7,26.4,79.52,26.7,80.06,99.0
2026-08-29T01:04:06.661812+00:00,inside in water 1,4CB13989-424F-31F7-E5C6-3C2FD749BFBE,-55,26.4,79.52,27.1,80.78,26.4,79.52,26.5,79.7,26.4,79.52,26.7,80.06,99.0
2026-08-29T01:04:08.666446+00:00,inside in water 1,4CB13989-424F-31F7-E5C6-3C2FD749BFBE,-55,26.4,79.52,27.1,80.78,26.4,79.52,26.5,79.7,26.4,79.52,26.7,80.06,99.0
2026-08-29T01:04:10.676879+00:00,inside in water 1,4CB13989-424F-31F7-E5C6-3C2FD749BFBE,-55,26.4,79.52,27.1,80.78,26.4,79.52,26.5,79.7,26.4,79.52,26.7,80.06,99.0
2026-08-29T01:04:12.679945+00:00,inside in water 1,4CB13989-424F-31F7-E5C6-3C2FD749BFBE,-57,26.4,79.52,27.0,80.6,26.4,79.52,26.4,79.52,26.4,79.52,26.6,79.88,99.0
2026-08-29T01:04:14.684321+00:00,inside in water 1,4CB13989-424F-31F7-E5C6-3C2FD749BFBE,-57,26.4,79.52,27.0,80.6,26.4,79.52,26.4,79.52,26.4,79.52,26.6,79.88,99.0
2026-08-29T01:04:16.690303+00:00,inside in water 1,4CB13989-424F-31F7-E5C6-3C2FD749BFBE,-57,26.4,79.52,27.0,80.6,26.4,79.52,26.4,79.52,26.4,79.52,26.6,79.88,99.0
2026-08-29T01:04:18.695446+00:00,inside in water 1,4CB13989-424F-31F7-E5C6-3C2FD749BFBE,-59,26.4,79.52,27.0,80.6,26.4,79.52,26.4,79.52,26.4,79.52,26.6,79.88,99.0
2026-08-29T01:04:20.710339+00:00,inside in water 1,4CB13989-424F-31F7-E5C6-3C2FD749BFBE,-58,26.3,79.34,27.0,80.6,26.4,79.52,26.4,79.52,26.3,79.34,26.6,79.88,99.0
2026-08-29T01:04:22.723699+00:00,inside in water 1,4CB13989-424F-31F7-E5C6-3C2FD749BFBE,-53,26.3,79.34,27.0,80.6,26.4,79.52,26.4,79.52,26.3,79.34,26.6,79.88,99.0
2026-08-29T01:04:24.733452+00:00,inside in water 1,4CB13989-424F-31F7-E5C6-3C2FD749BFBE,-53,26.3,79.34,27.0,80.6,26.4,79.52,26.4,79.52,26.3,79.34,26.6,79.88,99.0
2026-08-29T01:04:26.737644+00:00,inside in water 1,4CB13989-424F-31F7-E5C6-3C2FD749BFBE,-53,26.4,79.52,26.9,80.42,26.4,79.52,26.4,79.52,26.4,79.52,26.6,79.88,99.0
2026-08-29T01:04:28.742941+00:00,inside in water 1,4CB13989-424F-31F7-E5C6-3C2FD749BFBE,-55,26.4,79.52,26.9,80.42,26.4,79.52,26.4,79.52,26.4,79.52,26.6,79.88,99.0
2026-08-29T01:04:30.759538+00:00,inside in water 1,4CB13989-424F-31F7-E5C6-3C2FD749BFBE,-55,26.4,79.52,26.9,80.42,26.4,79.52,26.4,79.52,26.4,79.52,26.6,79.88,99.0
2026-08-29T01:04:32.762006+00:00,inside in water 1,4CB13989-424F-31F7-E5C6-3C2FD749BFBE,-55,26.4,79.52,26.9,80.42,26.4,79.52,26.4,79.52,26.4,79.52,26.6,79.88,99.0
2026-08-29T01:04:34.765904+00:00,inside in water 1,4CB13989-424F-31F7-E5C6-3C2FD749BFBE,-55,26.3,79.34,26.9,80.42,26.4,79.52,26.4,79.52,26.3,79.34,26.6,79.88,99.0
2026-08-29T01:04:36.772349+00:00,inside in water 1,4CB13989-424F-31F7-E5C6-3C2FD749BFBE,-52,26.3,79.34,26.9,80.42,26.4,79.52,26.4,79.52,26.3,79.34,26.6,79.88,99.0
2026-08-29T01:04:38.780195+00:00,inside in water 1,4CB13989-424F-31F7-E5C6-3C2FD749BFBE,-52,26.3,79.34,26.9,80.42,26.4,79.52,26.4,79.52,26.3,79.34,26.6,79.88,99.0
2026-08-29T01:04:40.791887+00:00,inside in water 1,4CB13989-424F-31F7-E5C6-3C2FD749BFBE,-52,26.3,79.34,26.9,80.42,26.4,79.52,26.4,79.52,26.3,79.34,26.6,79.88,99.0
2026-08-29T01:04:42.796103+00:00,inside in water 1,4CB13989-424F-31F7-E5C6-3C2FD749BFBE,-58,26.3,79.34,26.8,80.24000000000001,26.4,79.52,26.4,79.52,26.3,79.34,26.6,79.88,99.0
2026-08-29T01:04:44.798369+00:00,inside in water 1,4CB13989-424F-31F7-E5C6-3C2FD749BFBE,-58,26.3,79.34,26.8,80.24000000000001,26.4,79.52,26.4,79.52,26.3,79.34,26.6,79.88,99.0
2026-08-29T01:04:46.802725+00:00,inside in water 1,4CB13989-424F-31F7-E5C6-3C2FD749BFBE,-60,26.3,79.34,26.9,80.42,26.4,79.52,26.4,79.52,26.3,79.34,26.6,79.88,99.0
2026-08-29T01:04:48.811718+00:00,inside in water 1,4CB13989-424F-31F7-E5C6-3C2FD749BFBE,-54,26.3,79.34,26.9,80.42,26.4,79.52,26.4,79.52,26.3,79.34,26.6,79.88,99.0
2026-08-29T01:04:50.815023+00:00,inside in water 1,4CB13989-424F-31F7-E5C6-3C2FD749BFBE,-56,26.3,79.34,26.8,80.24000000000001,26.4,79.52,26.4,79.52,26.3,79.34,26.6,79.88,99.0
2026-08-29T01:04:52.818349+00:00,inside in water 1,4CB13989-424F-31F7-E5C6-3C2FD749BFBE,-57,26.3,79.34,26.9,80.42,26.4,79.52,26.4,79.52,26.3,79.34,26.6,79.88,99.0
2026-08-29T01:04:54.820603+00:00,inside in water 1,4CB13989-424F-31F7-E5C6-3C2FD749BFBE,-57,26.3,79.34,26.9,80.42,26.4,79.52,26.4,79.52,26.3,79.34,26.6,79.88,99.0
2026-08-29T01:04:56.825544+00:00,inside in water 1,4CB13989-424F-31F7-E5C6-3C2FD749BFBE,-57,26.3,79.34,26.9,80.42,26.4,79.52,26.4,79.52,26.3,79.34,26.6,79.88,99.0
2026-08-29T01:04:58.833012+00:00,inside in water 1,4CB13989-424F-31F7-E5C6-3C2FD749BFBE,-57,26.3,79.34,26.9,80.42,26.4,79.52,26.4,79.52,26.3,79.34,26.6,79.88,99.0
2026-08-29T01:05:00.920317+00:00,inside in water 1,4CB13989-424F-31F7-E5C6-3C2FD749BFBE,-55,26.3,79.34,26.8,80.24000000000001,26.3,79.34,26.4,79.52,26.3,79.34,26.6,79.88,99.0
2026-08-29T01:05:02.926425+00:00,inside in water 1,4CB13989-424F-31F7-E5C6-3C2FD749BFBE,-55,26.3,79.34,26.8,80.24000000000001,26.3,79.34,26.4,79.52,26.3,79.34,26.6,79.88,99.0
2026-08-29T01:05:04.930907+00:00,inside in water 1,4CB13989-424F-31F7-E5C6-3C2FD749BFBE,-55,26.3,79.34,26.8,80.24000000000001,26.3,79.34,26.4,79.52,26.3,79.34,26.6,79.88,99.0
2026-08-29T01:05:06.934074+00:00,inside in water 1,4CB13989-424F-31F7-E5C6-3C2FD749BFBE,-53,26.3,79.34,26.8,80.24000000000001,26.3,79.34,26.4,79.52,26.3,79.34,26.6,79.88,99.0
2026-08-29T01:05:08.937048+00:00,inside in water 1,4CB13989-424F-31F7-E5C6-3C2FD749BFBE,-53,26.3,79.34,26.8,80.24000000000001,26.3,79.34,26.4,79.52,26.3,79.34,26.6,79.88,99.0
2026-08-29T01:05:10.941111+00:00,inside in water 1,4CB13989-424F-31F7-E5C6-3C2FD749BFBE,-53,26.3,79.34,26.9,80.42,26.3,79.34,26.4,79.52,26.3,79.34,26.6,79.88,99.0
2026-08-29T01:05:12.944136+00:00,inside in water 1,4CB13989-424F-31F7-E5C6-3C2FD749BFBE,-53,26.3,79.34,26.9,80.42,26.3,79.34,26.4,79.52,26.3,79.34,26.6,79.88,99.0
2026-08-29T01:05:14.948321+00:00,inside in water 1,4CB13989-424F-31F7-E5C6-3C2FD749BFBE,-53,26.3,79.34,26.9,80.42,26.3,79.34,26.4,79.52,26.3,79.34,26.5,79.7,99.0
2026-08-29T01:05:16.954398+00:00,inside in water 1,4CB13989-424F-31F7-E5C6-3C2FD749BFBE,-53,26.3,79.34,26.9,80.42,26.3,79.34,26.4,79.52,26.3,79.34,26.5,79.7,99.0
2026-08-29T01:05:18.960257+00:00,inside in water 1,4CB13989-424F-31F7-E5C6-3C2FD749BFBE,-53,26.3,79.34,26.9,80.42,26.3,79.34,26.4,79.52,26.3,79.34,26.5,79.7,99.0
2026-08-29T01:05:20.962832+00:00,inside in water 1,4CB13989-424F-31F7-E5C6-3C2FD749BFBE,-53,26.3,79.34,26.9,80.42,26.3,79.34,26.4,79.52,26.3,79.34,26.5,79.7,99.0
2026-08-29T01:05:22.966132+00:00,inside in water 1,4CB13989-424F-31F7-E5C6-3C2FD749BFBE,127,26.3,79.34,27.0,80.6,26.3,79.34,26.4,79.52,26.3,79.34,26.5,79.7,99.0
2026-08-29T01:05:24.973785+00:00,inside in water 1,4CB13989-424F-31F7-E5C6-3C2FD749BFBE,127,26.3,79.34,27.0,80.6,26.3,79.34,26.4,79.52,26.3,79.34,26.5,79.7,99.0
2026-08-29T01:05:26.978166+00:00,inside in water 1,4CB13989-424F-31F7-E5C6-3C2FD749BFBE,-51,26.3,79.34,26.9,80.42,26.3,79.34,26.4,79.52,26.3,79.34,26.5,79.7,99.0
2026-08-29T01:05:28.981222+00:00,inside in water 1,4CB13989-424F-31F7-E5C6-3C2FD749BFBE,-51,26.3,79.34,26.9,80.42,26.3,79.34,26.4,79.52,26.3,79.34,26.5,79.7,99.0
2026-08-29T01:05:30.990579+00:00,inside in water 1,4CB13989-424F-31F7-E5C6-3C2FD749BFBE,-51,26.3,79.34,26.9,80.42,26.3,79.34,26.4,79.52,26.3,79.34,26.5,79.7,99.0
2026-08-29T01:05:32.996738+00:00,inside in water 1,4CB13989-424F-31F7-E5C6-3C2FD749BFBE,-51,26.3,79.34,26.9,80.42,26.3,79.34,26.4,79.52,26.3,79.34,26.5,79.7,99.0
2026-08-29T01:05:35.000396+00:00,inside in water 1,4CB13989-424F-31F7-E5C6-3C2FD749BFBE,-51,26.3,79.34,26.9,80.42,26.3,79.34,26.4,79.52,26.3,79.34,26.5,79.7,99.0
2026-08-29T01:05:37.005719+00:00,inside in water 1,4CB13989-424F-31F7-E5C6-3C2FD749BFBE,-53,26.3,79.34,26.9,80.42,26.3,79.34,26.4,79.52,26.3,79.34,26.5,79.7,99.0
2026-08-29T01:05:39.011837+00:00,inside in water 1,4CB13989-424F-31F7-E5C6-3C2FD749BFBE,-62,26.3,79.34,26.9,80.42,26.3,79.34,26.4,79.52,26.3,79.34,26.5,79.7,99.0
2026-08-29T01:05:41.015653+00:00,inside in water 1,4CB13989-424F-31F7-E5C6-3C2FD749BFBE,-52,26.2,79.16,26.8,80.24000000000001,26.3,79.34,26.3,79.34,26.2,79.16,26.5,79.7,99.0
2026-08-29T01:05:43.019911+00:00,inside in water 1,4CB13989-424F-31F7-E5C6-3C2FD749BFBE,-53,26.2,79.16,26.8,80.24000000000001,26.3,79.34,26.3,79.34,26.2,79.16,26.5,79.7,99.0
2026-08-29T01:05:45.024220+00:00,inside in water 1,4CB13989-424F-31F7-E5C6-3C2FD749BFBE,-53,26.2,79.16,26.8,80.24000000000001,26.3,79.34,26.3,79.34,26.2,79.16,26.5,79.7,99.0
2026-08-29T01:05:47.031168+00:00,inside in water 1,4CB13989-424F-31F7-E5C6-3C2FD749BFBE,127,26.2,79.16,26.7,80.06,26.3,79.34,26.3,79.34,26.2,79.16,26.5,79.7,99.0
2026-08-29T01:05:49.034154+00:00,inside in water 1,4CB13989-424F-31F7-E5C6-3C2FD749BFBE,127,26.2,79.16,26.7,80.06,26.3,79.34,26.3,79.34,26.2,79.16,26.5,79.7,99.0
2026-08-29T01:05:51.037643+00:00,inside in water 1,4CB13989-424F-31F7-E5C6-3C2FD749BFBE,-53,26.2,79.16,26.7,80.06,26.3,79.34,26.3,79.34,26.2,79.16,26.5,79.7,99.0
2026-08-29T01:05:53.045110+00:00,inside in water 1,4CB13989-424F-31F7-E5C6-3C2FD749BFBE,-53,26.2,79.16,26.7,80.06,26.3,79.34,26.3,79.34,26.2,79.16,26.5,79.7,99.0
2026-08-29T01:05:55.050424+00:00,inside in water 1,4CB13989-424F-31F7-E5C6-3C2FD749BFBE,-53,26.2,79.16,26.7,80.06,26.3,79.34,26.3,79.34,26.2,79.16,26.5,79.7,99.0
2026-08-29T01:05:57.055475+00:00,inside in water 1,4CB13989-424F-31F7-E5C6-3C2FD749BFBE,-54,26.2,79.16,26.7,80.06,26.3,79.34,26.3,79.34,26.2,79.16,26.5,79.7,99.0
2026-08-29T01:05:59.061448+00:00,inside in water 1,4CB13989-424F-31F7-E5C6-3C2FD749BFBE,-54,26.2,79.16,26.7,80.06,26.3,79.34,26.3,79.34,26.2,79.16,26.5,79.7,99.0
2026-08-29T01:06:01.069134+00:00,inside in water 1,4CB13989-424F-31F7-E5C6-3C2FD749BFBE,-53,26.2,79.16,26.7,80.06,26.3,79.34,26.3,79.34,26.2,79.16,26.5,79.7,99.0
2026-08-29T01:06:03.076994+00:00,inside in water 1,4CB13989-424F-31F7-E5C6-3C2FD749BFBE,-53,26.2,79.16,26.7,80.06,26.3,79.34,26.3,79.34,26.2,79.16,26.5,79.7,99.0
2026-08-29T01:06:05.083722+00:00,inside in water 1,4CB13989-424F-31F7-E5C6-3C2FD749BFBE,-53,26.2,79.16,26.7,80.06,26.3,79.34,26.3,79.34,26.2,79.16,26.5,79.7,99.0
2026-08-29T01:06:07.093573+00:00,inside in water 1,4CB13989-424F-31F7-E5C6-3C2FD749BFBE,-53,26.2,79.16,26.7,80.06,26.3,79.34,26.3,79.34,26.2,79.16,26.5,79.7,99.0
2026-08-29T01:06:09.098434+00:00,inside in water 1,4CB13989-424F-31F7-E5C6-3C2FD749BFBE,-53,26.2,79.16,26.8,80.24000000000001,26.3,79.34,26.3,79.34,26.2,79.16,26.5,79.7,99.0
2026-08-29T01:06:11.103545+00:00,inside in water 1,4CB13989-424F-31F7-E5C6-3C2FD749BFBE,-52,26.2,79.16,26.7,80.06,26.3,79.34,26.3,79.34,26.2,79.16,26.5,79.7,99.0
2026-08-29T01:06:13.114012+00:00,inside in water 1,4CB13989-424F-31F7-E5C6-3C2FD749BFBE,-52,26.2,79.16,26.7,80.06,26.3,79.34,26.3,79.34,26.2,79.16,26.5,79.7,99.0
2026-08-29T01:06:15.118244+00:00,inside in water 1,4CB13989-424F-31F7-E5C6-3C2FD749BFBE,-52,26.2,79.16,26.7,80.06,26.3,79.34,26.3,79.34,26.2,79.16,26.5,79.7,99.0
2026-08-29T01:06:17.126013+00:00,inside in water 1,4CB13989-424F-31F7-E5C6-3C2FD749BFBE,-54,26.2,79.16,26.7,80.06,26.3,79.34,26.3,79.34,26.2,79.16,26.5,79.7,99.0
2026-08-29T01:06:19.129562+00:00,inside in water 1,4CB13989-424F-31F7-E5C6-3C2FD749BFBE,-54,26.2,79.16,26.7,80.06,26.3,79.34,26.3,79.34,26.2,79.16,26.5,79.7,99.0
2026-08-29T01:06:21.135439+00:00,inside in water 1,4CB13989-424F-31F7-E5C6-3C2FD749BFBE,-54,26.2,79.16,26.7,80.06,26.3,79.34,26.3,79.34,26.2,79.16,26.5,79.7,99.0
2026-08-29T01:06:23.138918+00:00,inside in water 1,4CB13989-424F-31F7-E5C6-3C2FD749BFBE,-54,26.2,79.16,26.7,80.06,26.3,79.34,26.3,79.34,26.2,79.16,26.5,79.7,99.0
2026-08-29T01:06:25.143135+00:00,inside in water 1,4CB13989-424F-31F7-E5C6-3C2FD749BFBE,-52,26.2,79.16,26.8,80.24000000000001,26.3,79.34,26.3,79.34,26.2,79.16,26.5,79.7,99.0
2026-08-29T01:06:27.148485+00:00,inside in water 1,4CB13989-424F-31F7-E5C6-3C2FD749BFBE,-52,26.2,79.16,26.8,80.24000000000001,26.3,79.34,26.3,79.34,26.2,79.16,26.5,79.7,99.0
2026-08-29T01:06:29.154381+00:00,inside in water 1,4CB13989-424F-31F7-E5C6-3C2FD749BFBE,-52,26.2,79.16,26.8,80.24000000000001,26.3,79.34,26.3,79.34,26.2,79.16,26.5,79.7,99.0
2026-08-29T01:06:31.158618+00:00,inside in water 1,4CB13989-424F-31F7-E5C6-3C2FD749BFBE,-52,26.2,79.16,26.8,80.24000000000001,26.3,79.34,26.3,79.34,26.2,79.16,26.5,79.7,99.0
2026-08-29T01:06:33.163780+00:00,inside in water 1,4CB13989-424F-31F7-E5C6-3C2FD749BFBE,-64,26.2,79.16,26.7,80.06,26.2,79.16,26.3,79.34,26.2,79.16,26.5,79.7,99.0
2026-08-29T01:06:35.168076+00:00,inside in water 1,4CB13989-424F-31F7-E5C6-3C2FD749BFBE,-64,26.2,79.16,26.7,80.06,26.2,79.16,26.3,79.34,26.2,79.16,26.5,79.7,99.0
2026-08-29T01:06:37.173444+00:00,inside in water 1,4CB13989-424F-31F7-E5C6-3C2FD749BFBE,-66,26.2,79.16,26.7,80.06,26.2,79.16,26.3,79.34,26.2,79.16,26.5,79.7,99.0
2026-08-29T01:06:39.179206+00:00,inside in water 1,4CB13989-424F-31F7-E5C6-3C2FD749BFBE,-61,26.2,79.16,26.8,80.24000000000001,26.2,79.16,26.3,79.34,26.2,79.16,26.5,79.7,99.0
2026-08-29T01:06:41.183128+00:00,inside in water 1,4CB13989-424F-31F7-E5C6-3C2FD749BFBE,-61,26.2,79.16,26.7,80.06,26.3,79.34,26.3,79.34,26.2,79.16,26.5,79.7,99.0
2026-08-29T01:06:43.186421+00:00,inside in water 1,4CB13989-424F-31F7-E5C6-3C2FD749BFBE,-61,26.2,79.16,26.7,80.06,26.3,79.34,26.3,79.34,26.2,79.16,26.5,79.7,99.0
2026-08-29T01:06:45.191206+00:00,inside in water 1,4CB13989-424F-31F7-E5C6-3C2FD749BFBE,-61,26.2,79.16,26.7,80.06,26.3,79.34,26.3,79.34,26.2,79.16,26.5,79.7,99.0
2026-08-29T01:06:47.198181+00:00,inside in water 1,4CB13989-424F-31F7-E5C6-3C2FD749BFBE,-61,26.2,79.16,26.7,80.06,26.3,79.34,26.3,79.34,26.2,79.16,26.5,79.7,99.0
2026-08-29T01:06:49.200893+00:00,inside in water 1,4CB13989-424F-31F7-E5C6-3C2FD749BFBE,-61,26.2,79.16,26.7,80.06,26.3,79.34,26.3,79.34,26.2,79.16,26.5,79.7,99.0
2026-08-29T01:06:51.205511+00:00,inside in water 1,4CB13989-424F-31F7-E5C6-3C2FD749BFBE,-61,26.2,79.16,26.7,80.06,26.3,79.34,26.3,79.34,26.2,79.16,26.5,79.7,99.0
2026-08-29T01:06:53.213099+00:00,inside in water 1,4CB13989-424F-31F7-E5C6-3C2FD749BFBE,-61,26.2,79.16,26.7,80.06,26.3,79.34,26.3,79.34,26.2,79.16,26.5,79.7,99.0
2026-08-29T01:06:55.220156+00:00,inside in water 1,4CB13989-424F-31F7-E5C6-3C2FD749BFBE,-61,26.2,79.16,26.7,80.06,26.3,79.34,26.3,79.34,26.2,79.16,26.5,79.7,99.0
2026-08-29T01:06:57.223112+00:00,inside in water 1,4CB13989-424F-31F7-E5C6-3C2FD749BFBE,-54,26.2,79.16,26.7,80.06,26.3,79.34,26.3,79.34,26.2,79.16,26.5,79.7,99.0
2026-08-29T01:06:59.228652+00:00,inside in water 1,4CB13989-424F-31F7-E5C6-3C2FD749BFBE,-64,26.2,79.16,26.6,79.88,26.2,79.16,26.3,79.34,26.2,79.16,26.4,79.52,99.0
2026-08-29T01:07:01.232254+00:00,inside in water 1,4CB13989-424F-31F7-E5C6-3C2FD749BFBE,-64,26.2,79.16,26.6,79.88,26.2,79.16,26.3,79.34,26.2,79.16,26.4,79.52,99.0
2026-08-29T01:07:03.237343+00:00,inside in water 1,4CB13989-424F-31F7-E5C6-3C2FD749BFBE,-64,26.2,79.16,26.6,79.88,26.2,79.16,26.3,79.34,26.2,79.16,26.4,79.52,99.0
2026-08-29T01:07:05.244765+00:00,inside in water 1,4CB13989-424F-31F7-E5C6-3C2FD749BFBE,-50,26.2,79.16,26.6,79.88,26.2,79.16,26.3,79.34,26.2,79.16,26.4,79.52,99.0
2026-08-29T01:07:07.249393+00:00,inside in water 1,4CB13989-424F-31F7-E5C6-3C2FD749BFBE,-50,26.2,79.16,26.6,79.88,26.2,79.16,26.3,79.34,26.2,79.16,26.4,79.52,99.0
2026-08-29T01:07:09.251237+00:00,inside in water 1,4CB13989-424F-31F7-E5C6-3C2FD749BFBE,-50,26.2,79.16,26.6,79.88,26.2,79.16,26.3,79.34,26.2,79.16,26.4,79.52,99.0
2026-08-29T01:07:11.255239+00:00,inside in water 1,4CB13989-424F-31F7-E5C6-3C2FD749BFBE,-50,26.2,79.16,26.6,79.88,26.2,79.16,26.3,79.34,26.2,79.16,26.4,79.52,99.0
2026-08-29T01:07:13.259360+00:00,inside in water 1,4CB13989-424F-31F7-E5C6-3C2FD749BFBE,-50,26.2,79.16,26.6,79.88,26.2,79.16,26.3,79.34,26.2,79.16,26.4,79.52,99.0
2026-08-29T01:07:15.267198+00:00,inside in water 1,4CB13989-424F-31F7-E5C6-3C2FD749BFBE,-58,26.2,79.16,26.6,79.88,26.2,79.16,26.3,79.34,26.2,79.16,26.4,79.52,99.0
2026-08-29T01:07:17.270760+00:00,inside in water 1,4CB13989-424F-31F7-E5C6-3C2FD749BFBE,-55,26.2,79.16,26.6,79.88,26.2,79.16,26.2,79.16,26.2,79.16,26.4,79.52,99.0
2026-08-29T01:07:19.278018+00:00,inside in water 1,4CB13989-424F-31F7-E5C6-3C2FD749BFBE,-55,26.2,79.16,26.6,79.88,26.2,79.16,26.2,79.16,26.2,79.16,26.4,79.52,99.0
2026-08-29T01:07:21.280703+00:00,inside in water 1,4CB13989-424F-31F7-E5C6-3C2FD749BFBE,-56,26.2,79.16,26.6,79.88,26.2,79.16,26.3,79.34,26.2,79.16,26.4,79.52,99.0
2026-08-29T01:07:23.284560+00:00,inside in water 1,4CB13989-424F-31F7-E5C6-3C2FD749BFBE,-56,26.2,79.16,26.6,79.88,26.2,79.16,26.3,79.34,26.2,79.16,26.4,79.52,99.0
2026-08-29T01:07:25.288849+00:00,inside in water 1,4CB13989-424F-31F7-E5C6-3C2FD749BFBE,-56,26.2,79.16,26.6,79.88,26.2,79.16,26.3,79.34,26.2,79.16,26.4,79.52,99.0
2026-08-29T01:07:27.294333+00:00,inside in water 1,4CB13989-424F-31F7-E5C6-3C2FD749BFBE,-54,26.2,79.16,26.5,79.7,26.2,79.16,26.3,79.34,26.2,79.16,26.4,79.52,99.0
2026-08-29T01:07:29.299065+00:00,inside in water 1,4CB13989-424F-31F7-E5C6-3C2FD749BFBE,-55,26.2,79.16,26.7,80.06,26.2,79.16,26.2,79.16,26.2,79.16,26.4,79.52,99.0
2026-08-29T01:07:31.303225+00:00,inside in water 1,4CB13989-424F-31F7-E5C6-3C2FD749BFBE,-55,26.2,79.16,26.7,80.06,26.2,79.16,26.2,79.16,26.2,79.16,26.4,79.52,99.0
2026-08-29T01:07:33.307641+00:00,inside in water 1,4CB13989-424F-31F7-E5C6-3C2FD749BFBE,-55,26.2,79.16,26.7,80.06,26.2,79.16,26.2,79.16,26.2,79.16,26.4,79.52,99.0
2026-08-29T01:07:35.312343+00:00,inside in water 1,4CB13989-424F-31F7-E5C6-3C2FD749BFBE,-55,26.2,79.16,26.7,80.06,26.2,79.16,26.2,79.16,26.2,79.16,26.4,79.52,99.0
2026-08-29T01:07:37.317297+00:00,inside in water 1,4CB13989-424F-31F7-E5C6-3C2FD749BFBE,-54,26.2,79.16,26.7,80.06,26.2,79.16,26.3,79.34,26.2,79.16,26.4,79.52,99.0
2026-08-29T01:07:39.321340+00:00,inside in water 1,4CB13989-424F-31F7-E5C6-3C2FD749BFBE,-61,26.2,79.16,26.8,80.24000000000001,26.2,79.16,26.2,79.16,26.2,79.16,26.4,79.52,99.0
2026-08-29T01:07:41.325794+00:00,inside in water 1,4CB13989-424F-31F7-E5C6-3C2FD749BFBE,-61,26.2,79.16,26.8,80.24000000000001,26.2,79.16,26.2,79.16,26.2,79.16,26.4,79.52,99.0
2026-08-29T01:07:43.330020+00:00,inside in water 1,4CB13989-424F-31F7-E5C6-3C2FD749BFBE,-61,26.2,79.16,26.8,80.24000000000001,26.2,79.16,26.2,79.16,26.2,79.16,26.4,79.52,99.0
2026-08-29T01:07:45.335108+00:00,inside in water 1,4CB13989-424F-31F7-E5C6-3C2FD749BFBE,-55,26.2,79.16,26.6,79.88,26.2,79.16,26.3,79.34,26.2,79.16,26.4,79.52,99.0
2026-08-29T01:07:47.341205+00:00,inside in water 1,4CB13989-424F-31F7-E5C6-3C2FD749BFBE,-55,26.2,79.16,26.6,79.88,26.2,79.16,26.3,79.34,26.2,79.16,26.4,79.52,99.0
2026-08-29T01:07:49.344935+00:00,inside in water 1,4CB13989-424F-31F7-E5C6-3C2FD749BFBE,-54,26.2,79.16,26.6,79.88,26.2,79.16,26.3,79.34,26.2,79.16,26.4,79.52,99.0
2026-08-29T01:07:51.353578+00:00,inside in water 1,4CB13989-424F-31F7-E5C6-3C2FD749BFBE,-54,26.2,79.16,26.6,79.88,26.2,79.16,26.3,79.34,26.2,79.16,26.4,79.52,99.0
2026-08-29T01:07:53.357576+00:00,inside in water 1,4CB13989-424F-31F7-E5C6-3C2FD749BFBE,-55,26.2,79.16,26.6,79.88,26.2,79.16,26.2,79.16,26.2,79.16,26.4,79.52,99.0
2026-08-29T01:07:55.361870+00:00,inside in water 1,4CB13989-424F-31F7-E5C6-3C2FD749BFBE,-59,26.1,78.98,26.6,79.88,26.2,79.16,26.2,79.16,26.1,78.98,26.4,79.52,99.0
2026-08-29T01:07:57.365323+00:00,inside in water 1,4CB13989-424F-31F7-E5C6-3C2FD749BFBE,-61,26.1,78.98,26.5,79.7,26.2,79.16,26.2,79.16,26.1,78.98,26.4,79.52,99.0
2026-08-29T01:07:59.368590+00:00,inside in water 1,4CB13989-424F-31F7-E5C6-3C2FD749BFBE,-59,26.1,78.98,26.5,79.7,26.2,79.16,26.2,79.16,26.1,78.98,26.4,79.52,99.0
2026-08-29T01:08:01.374920+00:00,inside in water 1,4CB13989-424F-31F7-E5C6-3C2FD749BFBE,-67,26.2,79.16,26.5,79.7,26.2,79.16,26.2,79.16,26.2,79.16,26.4,79.52,99.0
2026-08-29T01:08:03.380801+00:00,inside in water 1,4CB13989-424F-31F7-E5C6-3C2FD749BFBE,-67,26.2,79.16,26.5,79.7,26.2,79.16,26.2,79.16,26.2,79.16,26.4,79.52,99.0
2026-08-29T01:08:05.384290+00:00,inside in water 1,4CB13989-424F-31F7-E5C6-3C2FD749BFBE,-67,26.2,79.16,26.5,79.7,26.2,79.16,26.2,79.16,26.2,79.16,26.4,79.52,99.0
2026-08-29T01:08:07.388560+00:00,inside in water 1,4CB13989-424F-31F7-E5C6-3C2FD749BFBE,-60,26.2,79.16,26.5,79.7,26.2,79.16,26.2,79.16,26.2,79.16,26.4,79.52,99.0
2026-08-29T01:08:09.397554+00:00,inside in water 1,4CB13989-424F-31F7-E5C6-3C2FD749BFBE,-68,26.1,78.98,26.7,80.06,26.2,79.16,26.2,79.16,26.1,78.98,26.4,79.52,99.0
2026-08-29T01:08:11.406027+00:00,inside in water 1,4CB13989-424F-31F7-E5C6-3C2FD749BFBE,-61,26.1,78.98,26.7,80.06,26.2,79.16,26.2,79.16,26.1,78.98,26.4,79.52,99.0
2026-08-29T01:08:13.413256+00:00,inside in water 1,4CB13989-424F-31F7-E5C6-3C2FD749BFBE,-60,26.1,78.98,26.6,79.88,26.2,79.16,26.2,79.16,26.1,78.98,26.4,79.52,99.0
2026-08-29T01:08:15.419172+00:00,inside in water 1,4CB13989-424F-31F7-E5C6-3C2FD749BFBE,-60,26.1,78.98,26.6,79.88,26.2,79.16,26.2,79.16,26.1,78.98,26.4,79.52,99.0
2026-08-29T01:08:17.433549+00:00,inside in water 1,4CB13989-424F-31F7-E5C6-3C2FD749BFBE,-60,26.1,78.98,26.6,79.88,26.2,79.16,26.2,79.16,26.1,78.98,26.4,79.52,99.0
2026-08-29T01:08:19.441150+00:00,inside in water 1,4CB13989-424F-31F7-E5C6-3C2FD749BFBE,-60,26.1,78.98,26.5,79.7,26.2,79.16,26.2,79.16,26.1,78.98,26.4,79.52,99.0
2026-08-29T01:08:21.446510+00:00,inside in water 1,4CB13989-424F-31F7-E5C6-3C2FD749BFBE,-61,26.1,78.98,26.5,79.7,26.2,79.16,26.2,79.16,26.1,78.98,26.4,79.52,99.0
2026-08-29T01:08:23.452449+00:00,inside in water 1,4CB13989-424F-31F7-E5C6-3C2FD749BFBE,-61,26.1,78.98,26.5,79.7,26.2,79.16,26.2,79.16,26.1,78.98,26.4,79.52,99.0
2026-08-29T01:08:25.459941+00:00,inside in water 1,4CB13989-424F-31F7-E5C6-3C2FD749BFBE,-61,26.1,78.98,26.5,79.7,26.2,79.16,26.2,79.16,26.1,78.98,26.4,79.52,99.0
2026-08-29T01:08:27.467504+00:00,inside in water 1,4CB13989-424F-31F7-E5C6-3C2FD749BFBE,127,26.1,78.98,26.5,79.7,26.2,79.16,26.2,79.16,26.1,78.98,26.4,79.52,99.0
2026-08-29T01:08:29.473874+00:00,inside in water 1,4CB13989-424F-31F7-E5C6-3C2FD749BFBE,-60,26.1,78.98,26.6,79.88,26.2,79.16,26.2,79.16,26.1,78.98,26.4,79.52,99.0
2026-08-29T01:08:31.479218+00:00,inside in water 1,4CB13989-424F-31F7-E5C6-3C2FD749BFBE,-59,26.1,78.98,26.6,79.88,26.2,79.16,26.2,79.16,26.1,78.98,26.4,79.52,99.0
2026-08-29T01:08:33.500893+00:00,inside in water 1,4CB13989-424F-31F7-E5C6-3C2FD749BFBE,-59,26.1,78.98,26.6,79.88,26.2,79.16,26.2,79.16,26.1,78.98,26.4,79.52,99.0
2026-08-29T01:08:35.506785+00:00,inside in water 1,4CB13989-424F-31F7-E5C6-3C2FD749BFBE,-67,26.1,78.98,26.8,80.24000000000001,26.2,79.16,26.2,79.16,26.1,78.98,26.4,79.52,99.0
2026-08-29T01:08:37.511566+00:00,inside in water 1,4CB13989-424F-31F7-E5C6-3C2FD749BFBE,-67,26.1,78.98,26.8,80.24000000000001,26.2,79.16,26.2,79.16,26.1,78.98,26.4,79.52,99.0
2026-08-29T01:08:39.518042+00:00,inside in water 1,4CB13989-424F-31F7-E5C6-3C2FD749BFBE,-60,26.1,78.98,26.6,79.88,26.2,79.16,26.2,79.16,26.1,78.98,26.4,79.52,99.0
2026-08-29T01:08:41.523785+00:00,inside in water 1,4CB13989-424F-31F7-E5C6-3C2FD749BFBE,-61,26.1,78.98,26.6,79.88,26.2,79.16,26.2,79.16,26.1,78.98,26.4,79.52,99.0
2026-08-29T01:08:43.528952+00:00,inside in water 1,4CB13989-424F-31F7-E5C6-3C2FD749BFBE,-74,26.1,78.98,26.6,79.88,26.2,79.16,26.2,79.16,26.1,78.98,26.4,79.52,99.0
2026-08-29T01:08:45.534723+00:00,inside in water 1,4CB13989-424F-31F7-E5C6-3C2FD749BFBE,-74,26.1,78.98,26.6,79.88,26.2,79.16,26.2,79.16,26.1,78.98,26.4,79.52,99.0
2026-08-29T01:08:47.540293+00:00,inside in water 1,4CB13989-424F-31F7-E5C6-3C2FD749BFBE,-74,26.1,78.98,26.6,79.88,26.2,79.16,26.2,79.16,26.1,78.98,26.4,79.52,99.0
2026-08-29T01:08:49.547228+00:00,inside in water 1,4CB13989-424F-31F7-E5C6-3C2FD749BFBE,-74,26.1,78.98,26.6,79.88,26.2,79.16,26.2,79.16,26.1,78.98,26.4,79.52,99.0
2026-08-29T01:08:51.554428+00:00,inside in water 1,4CB13989-424F-31F7-E5C6-3C2FD749BFBE,-61,26.1,78.98,26.6,79.88,26.2,79.16,26.2,79.16,26.1,78.98,26.4,79.52,99.0
2026-08-29T01:08:53.569235+00:00,inside in water 1,4CB13989-424F-31F7-E5C6-3C2FD749BFBE,-66,26.1,78.98,26.6,79.88,26.2,79.16,26.2,79.16,26.1,78.98,26.3,79.34,99.0
2026-08-29T01:08:55.575812+00:00,inside in water 1,4CB13989-424F-31F7-E5C6-3C2FD749BFBE,-63,26.1,78.98,26.5,79.7,26.2,79.16,26.2,79.16,26.1,78.98,26.4,79.52,99.0
2026-08-29T01:08:57.580920+00:00,inside in water 1,4CB13989-424F-31F7-E5C6-3C2FD749BFBE,-64,26.1,78.98,26.6,79.88,26.2,79.16,26.2,79.16,26.1,78.98,26.4,79.52,99.0
2026-08-29T01:08:59.586849+00:00,inside in water 1,4CB13989-424F-31F7-E5C6-3C2FD749BFBE,-63,26.1,78.98,26.6,79.88,26.2,79.16,26.2,79.16,26.1,78.98,26.4,79.52,99.0
2026-08-29T01:09:01.594246+00:00,inside in water 1,4CB13989-424F-31F7-E5C6-3C2FD749BFBE,-65,26.1,78.98,26.6,79.88,26.2,79.16,26.2,79.16,26.1,78.98,26.4,79.52,99.0
2026-08-29T01:09:03.603008+00:00,inside in water 1,4CB13989-424F-31F7-E5C6-3C2FD749BFBE,-69,26.1,78.98,26.4,79.52,26.2,79.16,26.2,79.16,26.1,78.98,26.3,79.34,99.0
2026-08-29T01:09:05.607450+00:00,inside in water 1,4CB13989-424F-31F7-E5C6-3C2FD749BFBE,-65,26.1,78.98,26.3,79.34,26.2,79.16,26.2,79.16,26.1,78.98,26.3,79.34,99.0
2026-08-29T01:09:07.616868+00:00,inside in water 1,4CB13989-424F-31F7-E5C6-3C2FD749BFBE,-67,26.1,78.98,26.3,79.34,26.2,79.16,26.2,79.16,26.1,78.98,26.3,79.34,99.0
2026-08-29T01:09:09.622994+00:00,inside in water 1,4CB13989-424F-31F7-E5C6-3C2FD749BFBE,-60,26.1,78.98,26.4,79.52,26.2,79.16,26.2,79.16,26.1,78.98,26.3,79.34,99.0
2026-08-29T01:09:11.634592+00:00,inside in water 1,4CB13989-424F-31F7-E5C6-3C2FD749BFBE,-60,26.1,78.98,26.4,79.52,26.2,79.16,26.2,79.16,26.1,78.98,26.3,79.34,99.0
2026-08-29T01:09:13.642368+00:00,inside in water 1,4CB13989-424F-31F7-E5C6-3C2FD749BFBE,-60,26.1,78.98,26.4,79.52,26.2,79.16,26.2,79.16,26.1,78.98,26.3,79.34,99.0
2026-08-29T01:09:15.649071+00:00,inside in water 1,4CB13989-424F-31F7-E5C6-3C2FD749BFBE,-61,26.1,78.98,26.4,79.52,26.2,79.16,26.2,79.16,26.1,78.98,26.3,79.34,99.0
2026-08-29T01:09:17.658098+00:00,inside in water 1,4CB13989-424F-31F7-E5C6-3C2FD749BFBE,-56,26.1,78.98,26.6,79.88,26.1,78.98,26.2,79.16,26.1,78.98,26.3,79.34,99.0
2026-08-29T01:09:19.661446+00:00,inside in water 1,4CB13989-424F-31F7-E5C6-3C2FD749BFBE,-60,26.1,78.98,26.5,79.7,26.2,79.16,26.2,79.16,26.1,78.98,26.3,79.34,99.0
2026-08-29T01:09:21.669143+00:00,inside in water 1,4CB13989-424F-31F7-E5C6-3C2FD749BFBE,-60,26.1,78.98,26.5,79.7,26.2,79.16,26.2,79.16,26.1,78.98,26.3,79.34,99.0
2026-08-29T01:09:23.675647+00:00,inside in water 1,4CB13989-424F-31F7-E5C6-3C2FD749BFBE,-64,26.1,78.98,26.5,79.7,26.1,78.98,26.2,79.16,26.1,78.98,26.3,79.34,99.0
2026-08-29T01:09:25.686567+00:00,inside in water 1,4CB13989-424F-31F7-E5C6-3C2FD749BFBE,-64,26.1,78.98,26.3,79.34,26.1,78.98,26.2,79.16,26.1,78.98,26.3,79.34,99.0
2026-08-29T01:09:27.695329+00:00,inside in water 1,4CB13989-424F-31F7-E5C6-3C2FD749BFBE,-64,26.1,78.98,26.3,79.34,26.1,78.98,26.2,79.16,26.1,78.98,26.3,79.34,99.0
2026-08-29T01:09:29.702148+00:00,inside in water 1,4CB13989-424F-31F7-E5C6-3C2FD749BFBE,-76,26.1,78.98,26.5,79.7,26.1,78.98,26.1,78.98,26.1,78.98,26.3,79.34,99.0
2026-08-29T01:09:31.709596+00:00,inside in water 1,4CB13989-424F-31F7-E5C6-3C2FD749BFBE,-65,26.1,78.98,26.5,79.7,26.1,78.98,26.1,78.98,26.1,78.98,26.3,79.34,99.0
2026-08-29T01:09:33.713734+00:00,inside in water 1,4CB13989-424F-31F7-E5C6-3C2FD749BFBE,-62,26.1,78.98,26.4,79.52,26.1,78.98,26.2,79.16,26.1,78.98,26.3,79.34,99.0
2026-08-29T01:09:35.718660+00:00,inside in water 1,4CB13989-424F-31F7-E5C6-3C2FD749BFBE,-62,26.1,78.98,26.4,79.52,26.1,78.98,26.2,79.16,26.1,78.98,26.3,79.34,99.0
2026-08-29T01:09:37.724018+00:00,inside in water 1,4CB13989-424F-31F7-E5C6-3C2FD749BFBE,-70,26.1,78.98,26.6,79.88,26.1,78.98,26.2,79.16,26.1,78.98,26.3,79.34,99.0
2026-08-29T01:09:39.735992+00:00,inside in water 1,4CB13989-424F-31F7-E5C6-3C2FD749BFBE,-62,26.1,78.98,26.6,79.88,26.1,78.98,26.2,79.16,26.1,78.98,26.3,79.34,99.0
