timestamp_utc,probe_name,probe_address,rssi_dbm,food_temperature_c,food_temperature_f,ambient_temperature_c,ambient_temperature_f,tip_1_temperature_c,tip_1_temperature_f,tip_2_temperature_c,tip_2_temperature_f,tip_3_temperature_c,tip_3_temperature_f,tip_4_temperature_c,tip_4_temperature_f,battery_percent
2026-08-29T00:22:01.939803+00:00,inside in water 2,2551D2CE-42AA-68FB-434E-C7BD2ABBF5E3,-63,29.2,84.56,31.4,88.52,29.2,84.56,29.5,85.1,29.9,85.82,30.4,86.72,
2026-08-29T00:22:03.946236+00:00,inside in water 2,2551D2CE-42AA-68FB-434E-C7BD2ABBF5E3,-62,29.2,84.56,31.5,88.7,29.2,84.56,29.5,85.1,29.9,85.82,30.3,86.53999999999999,
2026-08-29T00:22:05.952360+00:00,inside in water 2,2551D2CE-42AA-68FB-434E-C7BD2ABBF5E3,-63,29.2,84.56,31.3,88.34,29.2,84.56,29.5,85.1,29.9,85.82,30.3,86.53999999999999,
2026-08-29T00:22:07.959179+00:00,inside in water 2,2551D2CE-42AA-68FB-434E-C7BD2ABBF5E3,-58,29.2,84.56,31.2,88.16,29.2,84.56,29.4,84.92,29.8,85.64,30.3,86.53999999999999,
2026-08-29T00:22:09.961449+00:00,inside in water 2,2551D2CE-42AA-68FB-434E-C7BD2ABBF5E3,-58,29.2,84.56,31.2,88.16,29.2,84.56,29.4,84.92,29.8,85.64,30.3,86.53999999999999,
2026-08-29T00:22:11.964157+00:00,inside in water 2,2551D2CE-42AA-68FB-434E-C7BD2ABBF5E3,-58,29.2,84.56,31.2,88.16,29.2,84.56,29.4,84.92,29.8,85.64,30.3,86.53999999999999,
2026-08-29T00:22:13.970021+00:00,inside in water 2,2551D2CE-42AA-68FB-434E-C7BD2ABBF5E3,-57,29.0,84.2,31.2,88.16,29.0,84.2,29.3,84.74000000000001,29.7,85.46000000000001,30.1,86.18,
2026-08-29T00:22:15.975407+00:00,inside in water 2,2551D2CE-42AA-68FB-434E-C7BD2ABBF5E3,-63,29.0,84.2,31.2,88.16,29.0,84.2,29.3,84.74000000000001,29.7,85.46000000000001,30.1,86.18,
2026-08-29T00:22:17.978691+00:00,inside in water 2,2551D2CE-42AA-68FB-434E-C7BD2ABBF5E3,-63,29.0,84.2,31.2,88.16,29.0,84.2,29.3,84.74000000000001,29.7,85.46000000000001,30.1,86.18,
2026-08-29T00:22:19.988711+00:00,inside in water 2,2551D2CE-42AA-68FB-434E-C7BD2ABBF5E3,-63,29.0,84.2,31.2,88.16,29.0,84.2,29.3,84.74000000000001,29.7,85.46000000000001,30.1,86.18,
2026-08-29T00:22:21.995090+00:00,inside in water 2,2551D2CE-42AA-68FB-434E-C7BD2ABBF5E3,-71,29.0,84.2,31.2,88.16,29.0,84.2,29.3,84.74000000000001,29.7,85.46000000000001,30.1,86.18,100.0
2026-08-29T00:22:24.001392+00:00,inside in water 2,2551D2CE-42AA-68FB-434E-C7BD2ABBF5E3,-58,28.9,84.02,31.0,87.80000000000001,28.9,84.02,29.2,84.56,29.6,85.28,29.9,85.82,100.0
2026-08-29T00:22:26.007981+00:00,inside in water 2,2551D2CE-42AA-68FB-434E-C7BD2ABBF5E3,-62,28.9,84.02,31.0,87.80000000000001,28.9,84.02,29.2,84.56,29.6,85.28,29.9,85.82,100.0
2026-08-29T00:22:28.011909+00:00,inside in water 2,2551D2CE-42AA-68FB-434E-C7BD2ABBF5E3,-62,28.9,84.02,31.0,87.80000000000001,28.9,84.02,29.2,84.56,29.6,85.28,29.9,85.82,100.0
2026-08-29T00:22:30.016225+00:00,inside in water 2,2551D2CE-42AA-68FB-434E-C7BD2ABBF5E3,-58,28.9,84.02,31.0,87.80000000000001,28.9,84.02,29.2,84.56,29.6,85.28,29.9,85.82,100.0
2026-08-29T00:22:32.023160+00:00,inside in water 2,2551D2CE-42AA-68FB-434E-C7BD2ABBF5E3,-58,28.9,84.02,31.0,87.80000000000001,28.9,84.02,29.2,84.56,29.6,85.28,29.9,85.82,100.0
2026-08-29T00:22:34.028589+00:00,inside in water 2,2551D2CE-42AA-68FB-434E-C7BD2ABBF5E3,-64,28.7,83.66,30.8,87.44,28.7,83.66,29.0,84.2,29.4,84.92,29.8,85.64,100.0
2026-08-29T00:22:36.033452+00:00,inside in water 2,2551D2CE-42AA-68FB-434E-C7BD2ABBF5E3,-59,28.7,83.66,30.7,87.25999999999999,28.7,83.66,29.0,84.2,29.4,84.92,29.8,85.64,100.0
2026-08-29T00:22:38.038356+00:00,inside in water 2,2551D2CE-42AA-68FB-434E-C7BD2ABBF5E3,-66,28.7,83.66,30.5,86.9,28.7,83.66,29.0,84.2,29.3,84.74000000000001,29.7,85.46000000000001,100.0
2026-08-29T00:22:40.041497+00:00,inside in water 2,2551D2CE-42AA-68FB-434E-C7BD2ABBF5E3,-66,28.7,83.66,30.5,86.9,28.7,83.66,29.0,84.2,29.3,84.74000000000001,29.7,85.46000000000001,100.0
2026-08-29T00:22:42.048111+00:00,inside in water 2,2551D2CE-42AA-68FB-434E-C7BD2ABBF5E3,-62,28.6,83.48,30.5,86.9,28.6,83.48,28.9,84.02,29.3,84.74000000000001,29.7,85.46000000000001,100.0
2026-08-29T00:22:44.053720+00:00,inside in water 2,2551D2CE-42AA-68FB-434E-C7BD2ABBF5E3,-62,28.6,83.48,30.5,86.9,28.6,83.48,28.9,84.02,29.3,84.74000000000001,29.7,85.46000000000001,100.0
2026-08-29T00:22:46.060526+00:00,inside in water 2,2551D2CE-42AA-68FB-434E-C7BD2ABBF5E3,-62,28.6,83.48,30.5,86.9,28.6,83.48,28.9,84.02,29.3,84.74000000000001,29.7,85.46000000000001,100.0
2026-08-29T00:22:48.068611+00:00,inside in water 2,2551D2CE-42AA-68FB-434E-C7BD2ABBF5E3,-59,28.6,83.48,30.5,86.9,28.6,83.48,28.9,84.02,29.3,84.74000000000001,29.7,85.46000000000001,100.0
2026-08-29T00:22:50.072923+00:00,inside in water 2,2551D2CE-42AA-68FB-434E-C7BD2ABBF5E3,-59,28.6,83.48,30.5,86.9,28.6,83.48,28.9,84.02,29.3,84.74000000000001,29.7,85.46000000000001,100.0
2026-08-29T00:22:52.077984+00:00,inside in water 2,2551D2CE-42AA-68FB-434E-C7BD2ABBF5E3,-70,28.5,83.30000000000001,30.4,86.72,28.5,83.30000000000001,28.8,83.84,29.2,84.56,29.6,85.28,100.0
2026-08-29T00:22:54.084175+00:00,inside in water 2,2551D2CE-42AA-68FB-434E-C7BD2ABBF5E3,-70,28.5,83.30000000000001,30.4,86.72,28.5,83.30000000000001,28.8,83.84,29.2,84.56,29.6,85.28,100.0
2026-08-29T00:22:56.092512+00:00,inside in water 2,2551D2CE-42AA-68FB-434E-C7BD2ABBF5E3,-57,28.5,83.30000000000001,30.4,86.72,28.5,83.30000000000001,28.8,83.84,29.2,84.56,29.6,85.28,100.0
2026-08-29T00:22:58.098758+00:00,inside in water 2,2551D2CE-42AA-68FB-434E-C7BD2ABBF5E3,-60,28.4,83.12,30.3,86.53999999999999,28.4,83.12,28.7,83.66,29.1,84.38,29.5,85.1,100.0
2026-08-29T00:23:00.104830+00:00,inside in water 2,2551D2CE-42AA-68FB-434E-C7BD2ABBF5E3,-60,28.4,83.12,30.3,86.53999999999999,28.4,83.12,28.7,83.66,29.1,84.38,29.5,85.1,100.0
2026-08-29T00:23:02.110823+00:00,inside in water 2,2551D2CE-42AA-68FB-434E-C7BD2ABBF5E3,-60,28.4,83.12,30.3,86.53999999999999,28.4,83.12,28.7,83.66,29.1,84.38,29.5,85.1,100.0
2026-08-29T00:23:04.116933+00:00,inside in water 2,2551D2CE-42AA-68FB-434E-C7BD2ABBF5E3,-60,28.4,83.12,30.3,86.53999999999999,28.4,83.12,28.7,83.66,29.1,84.38,29.5,85.1,100.0
2026-08-29T00:23:06.124275+00:00,inside in water 2,2551D2CE-42AA-68FB-434E-C7BD2ABBF5E3,-58,28.3,82.94,30.3,86.53999999999999,28.3,82.94,28.6,83.48,29.0,84.2,29.4,84.92,100.0
2026-08-29T00:23:08.129691+00:00,inside in water 2,2551D2CE-42AA-68FB-434E-C7BD2ABBF5E3,-58,28.3,82.94,30.3,86.53999999999999,28.3,82.94,28.6,83.48,29.0,84.2,29.4,84.92,100.0
2026-08-29T00:23:10.133846+00:00,inside in water 2,2551D2CE-42AA-68FB-434E-C7BD2ABBF5E3,-58,28.3,82.94,30.3,86.53999999999999,28.3,82.94,28.6,83.48,29.0,84.2,29.4,84.92,100.0
2026-08-29T00:23:12.139768+00:00,inside in water 2,2551D2CE-42AA-68FB-434E-C7BD2ABBF5E3,-58,28.3,82.94,30.3,86.53999999999999,28.3,82.94,28.6,83.48,29.0,84.2,29.4,84.92,100.0
2026-08-29T00:23:14.146669+00:00,inside in water 2,2551D2CE-42AA-68FB-434E-C7BD2ABBF5E3,-57,28.2,82.75999999999999,30.1,86.18,28.2,82.75999999999999,28.5,83.30000000000001,28.9,84.02,29.3,84.74000000000001,100.0
2026-08-29T00:23:16.154042+00:00,inside in water 2,2551D2CE-42AA-68FB-434E-C7BD2ABBF5E3,-61,28.2,82.75999999999999,30.1,86.18,28.2,82.75999999999999,28.5,83.30000000000001,28.9,84.02,29.2,84.56,100.0
2026-08-29T00:23:18.160395+00:00,inside in water 2,2551D2CE-42AA-68FB-434E-C7BD2ABBF5E3,-58,28.2,82.75999999999999,30.1,86.18,28.2,82.75999999999999,28.5,83.30000000000001,28.9,84.02,29.2,84.56,100.0
2026-08-29T00:23:20.163507+00:00,inside in water 2,2551D2CE-42AA-68FB-434E-C7BD2ABBF5E3,-57,28.2,82.75999999999999,30.1,86.18,28.2,82.75999999999999,28.4,83.12,28.9,84.02,29.2,84.56,100.0
2026-08-29T00:23:22.168953+00:00,inside in water 2,2551D2CE-42AA-68FB-434E-C7BD2ABBF5E3,-61,28.1,82.58000000000001,30.1,86.18,28.1,82.58000000000001,28.4,83.12,28.8,83.84,29.2,84.56,100.0
2026-08-29T00:23:24.174303+00:00,inside in water 2,2551D2CE-42AA-68FB-434E-C7BD2ABBF5E3,-58,28.1,82.58000000000001,30.0,86.0,28.1,82.58000000000001,28.4,83.12,28.8,83.84,29.2,84.56,100.0
2026-08-29T00:23:26.180948+00:00,inside in water 2,2551D2CE-42AA-68FB-434E-C7BD2ABBF5E3,-58,28.1,82.58000000000001,30.0,86.0,28.1,82.58000000000001,28.4,83.12,28.8,83.84,29.2,84.56,100.0
2026-08-29T00:23:28.187184+00:00,inside in water 2,2551D2CE-42AA-68FB-434E-C7BD2ABBF5E3,-58,28.1,82.58000000000001,30.0,86.0,28.1,82.58000000000001,28.4,83.12,28.8,83.84,29.2,84.56,100.0
2026-08-29T00:23:30.192986+00:00,inside in water 2,2551D2CE-42AA-68FB-434E-C7BD2ABBF5E3,-58,28.1,82.58000000000001,30.0,86.0,28.1,82.58000000000001,28.4,83.12,28.8,83.84,29.2,84.56,100.0
2026-08-29T00:23:32.199635+00:00,inside in water 2,2551D2CE-42AA-68FB-434E-C7BD2ABBF5E3,-58,28.1,82.58000000000001,30.0,86.0,28.1,82.58000000000001,28.4,83.12,28.8,83.84,29.2,84.56,100.0
2026-08-29T00:23:34.208006+00:00,inside in water 2,2551D2CE-42AA-68FB-434E-C7BD2ABBF5E3,-56,28.1,82.58000000000001,30.0,86.0,28.1,82.58000000000001,28.4,83.12,28.8,83.84,29.2,84.56,100.0
2026-08-29T00:23:36.213282+00:00,inside in water 2,2551D2CE-42AA-68FB-434E-C7BD2ABBF5E3,-56,28.1,82.58000000000001,30.0,86.0,28.1,82.58000000000001,28.4,83.12,28.8,83.84,29.2,84.56,100.0
2026-08-29T00:23:38.219273+00:00,inside in water 2,2551D2CE-42AA-68FB-434E-C7BD2ABBF5E3,-59,28.0,82.4,29.9,85.82,28.0,82.4,28.2,82.75999999999999,28.6,83.48,29.0,84.2,100.0
2026-08-29T00:23:40.225406+00:00,inside in water 2,2551D2CE-42AA-68FB-434E-C7BD2ABBF5E3,-59,28.0,82.4,29.9,85.82,28.0,82.4,28.2,82.75999999999999,28.6,83.48,29.0,84.2,100.0
2026-08-29T00:23:42.231567+00:00,inside in water 2,2551D2CE-42AA-68FB-434E-C7BD2ABBF5E3,-58,28.0,82.4,29.9,85.82,28.0,82.4,28.2,82.75999999999999,28.6,83.48,29.0,84.2,100.0
2026-08-29T00:23:44.238734+00:00,inside in water 2,2551D2CE-42AA-68FB-434E-C7BD2ABBF5E3,-59,28.0,82.4,29.7,85.46000000000001,28.0,82.4,28.2,82.75999999999999,28.6,83.48,29.0,84.2,100.0
2026-08-29T00:23:46.242164+00:00,inside in water 2,2551D2CE-42AA-68FB-434E-C7BD2ABBF5E3,-59,28.0,82.4,29.7,85.46000000000001,28.0,82.4,28.2,82.75999999999999,28.6,83.48,29.0,84.2,100.0
2026-08-29T00:23:48.247051+00:00,inside in water 2,2551D2CE-42AA-68FB-434E-C7BD2ABBF5E3,-59,28.0,82.4,29.7,85.46000000000001,28.0,82.4,28.2,82.75999999999999,28.6,83.48,29.0,84.2,100.0
2026-08-29T00:23:50.252928+00:00,inside in water 2,2551D2CE-42AA-68FB-434E-C7BD2ABBF5E3,-61,28.0,82.4,29.7,85.46000000000001,28.0,82.4,28.2,82.75999999999999,28.6,83.48,29.0,84.2,100.0
2026-08-29T00:23:52.257965+00:00,inside in water 2,2551D2CE-42AA-68FB-434E-C7BD2ABBF5E3,-59,27.9,82.22,29.7,85.46000000000001,27.9,82.22,28.1,82.58000000000001,28.5,83.30000000000001,28.9,84.02,100.0
2026-08-29T00:23:54.261795+00:00,inside in water 2,2551D2CE-42AA-68FB-434E-C7BD2ABBF5E3,-56,27.9,82.22,29.6,85.28,27.9,82.22,28.1,82.58000000000001,28.5,83.30000000000001,28.9,84.02,100.0
2026-08-29T00:23:56.264018+00:00,inside in water 2,2551D2CE-42AA-68FB-434E-C7BD2ABBF5E3,-56,27.9,82.22,29.6,85.28,27.9,82.22,28.1,82.58000000000001,28.5,83.30000000000001,28.9,84.02,100.0
2026-08-29T00:23:58.265917+00:00,inside in water 2,2551D2CE-42AA-68FB-434E-C7BD2ABBF5E3,-61,27.9,82.22,29.6,85.28,27.9,82.22,28.1,82.58000000000001,28.5,83.30000000000001,28.9,84.02,100.0
2026-08-29T00:24:00.271534+00:00,inside in water 2,2551D2CE-42AA-68FB-434E-C7BD2ABBF5E3,-56,27.8,82.03999999999999,29.7,85.46000000000001,27.8,82.03999999999999,28.0,82.4,28.4,83.12,28.8,83.84,100.0
2026-08-29T00:24:02.278125+00:00,inside in water 2,2551D2CE-42AA-68FB-434E-C7BD2ABBF5E3,-59,27.8,82.03999999999999,29.5,85.1,27.8,82.03999999999999,28.0,82.4,28.4,83.12,28.8,83.84,100.0
2026-08-29T00:24:04.284110+00:00,inside in water 2,2551D2CE-42AA-68FB-434E-C7BD2ABBF5E3,-59,27.8,82.03999999999999,29.5,85.1,27.8,82.03999999999999,28.0,82.4,28.4,83.12,28.8,83.84,100.0
2026-08-29T00:24:06.289642+00:00,inside in water 2,2551D2CE-42AA-68FB-434E-C7BD2ABBF5E3,-59,27.8,82.03999999999999,29.5,85.1,27.8,82.03999999999999,28.0,82.4,28.4,83.12,28.8,83.84,100.0
2026-08-29T00:24:08.294405+00:00,inside in water 2,2551D2CE-42AA-68FB-434E-C7BD2ABBF5E3,-59,27.8,82.03999999999999,29.5,85.1,27.8,82.03999999999999,28.0,82.4,28.4,83.12,28.8,83.84,100.0
2026-08-29T00:24:10.308229+00:00,inside in water 2,2551D2CE-42AA-68FB-434E-C7BD2ABBF5E3,-80,27.7,81.86,29.6,85.28,27.7,81.86,28.0,82.4,28.3,82.94,28.7,83.66,100.0
2026-08-29T00:24:12.313410+00:00,inside in water 2,2551D2CE-42AA-68FB-434E-C7BD2ABBF5E3,-80,27.7,81.86,29.6,85.28,27.7,81.86,28.0,82.4,28.3,82.94,28.7,83.66,100.0
2026-08-29T00:24:14.320190+00:00,inside in water 2,2551D2CE-42AA-68FB-434E-C7BD2ABBF5E3,-80,27.7,81.86,29.6,85.28,27.7,81.86,28.0,82.4,28.3,82.94,28.7,83.66,100.0
2026-08-29T00:24:16.327957+00:00,inside in water 2,2551D2CE-42AA-68FB-434E-C7BD2ABBF5E3,-56,27.7,81.86,29.5,85.1,27.7,81.86,27.9,82.22,28.3,82.94,28.6,83.48,100.0
2026-08-29T00:24:18.331774+00:00,inside in water 2,2551D2CE-42AA-68FB-434E-C7BD2ABBF5E3,-59,27.7,81.86,29.4,84.92,27.7,81.86,27.9,82.22,28.3,82.94,28.6,83.48,100.0
2026-08-29T00:24:20.336224+00:00,inside in water 2,2551D2CE-42AA-68FB-434E-C7BD2ABBF5E3,-59,27.7,81.86,29.4,84.92,27.7,81.86,27.9,82.22,28.3,82.94,28.6,83.48,100.0
2026-08-29T00:24:22.341774+00:00,inside in water 2,2551D2CE-42AA-68FB-434E-C7BD2ABBF5E3,-59,27.7,81.86,29.4,84.92,27.7,81.86,27.9,82.22,28.3,82.94,28.6,83.48,100.0
2026-08-29T00:24:24.347123+00:00,inside in water 2,2551D2CE-42AA-68FB-434E-C7BD2ABBF5E3,-56,27.7,81.86,29.5,85.1,27.7,81.86,27.9,82.22,28.2,82.75999999999999,28.6,83.48,100.0
2026-08-29T00:24:26.354640+00:00,inside in water 2,2551D2CE-42AA-68FB-434E-C7BD2ABBF5E3,-56,27.7,81.86,29.5,85.1,27.7,81.86,27.9,82.22,28.2,82.75999999999999,28.6,83.48,100.0
2026-08-29T00:24:28.361426+00:00,inside in water 2,2551D2CE-42AA-68FB-434E-C7BD2ABBF5E3,-61,27.7,81.86,29.5,85.1,27.7,81.86,27.9,82.22,28.2,82.75999999999999,28.6,83.48,100.0
2026-08-29T00:24:30.366791+00:00,inside in water 2,2551D2CE-42AA-68FB-434E-C7BD2ABBF5E3,-73,27.7,81.86,29.5,85.1,27.7,81.86,27.9,82.22,28.2,82.75999999999999,28.6,83.48,100.0
2026-08-29T00:24:32.372080+00:00,inside in water 2,2551D2CE-42AA-68FB-434E-C7BD2ABBF5E3,-73,27.7,81.86,29.5,85.1,27.7,81.86,27.9,82.22,28.2,82.75999999999999,28.6,83.48,100.0
2026-08-29T00:24:34.377605+00:00,inside in water 2,2551D2CE-42AA-68FB-434E-C7BD2ABBF5E3,-73,27.7,81.86,29.5,85.1,27.7,81.86,27.9,82.22,28.2,82.75999999999999,28.6,83.48,100.0
2026-08-29T00:24:36.384297+00:00,inside in water 2,2551D2CE-42AA-68FB-434E-C7BD2ABBF5E3,-57,27.6,81.68,29.3,84.74000000000001,27.6,81.68,27.7,81.86,28.1,82.58000000000001,28.4,83.12,100.0
2026-08-29T00:24:38.389172+00:00,inside in water 2,2551D2CE-42AA-68FB-434E-C7BD2ABBF5E3,-57,27.6,81.68,29.3,84.74000000000001,27.6,81.68,27.7,81.86,28.1,82.58000000000001,28.4,83.12,100.0
2026-08-29T00:24:40.395551+00:00,inside in water 2,2551D2CE-42AA-68FB-434E-C7BD2ABBF5E3,-62,27.6,81.68,29.3,84.74000000000001,27.6,81.68,27.7,81.86,28.1,82.58000000000001,28.4,83.12,100.0
2026-08-29T00:24:42.400624+00:00,inside in water 2,2551D2CE-42AA-68FB-434E-C7BD2ABBF5E3,-62,27.6,81.68,29.3,84.74000000000001,27.6,81.68,27.7,81.86,28.1,82.58000000000001,28.4,83.12,100.0
2026-08-29T00:24:44.404802+00:00,inside in water 2,2551D2CE-42AA-68FB-434E-C7BD2ABBF5E3,-62,27.6,81.68,29.3,84.74000000000001,27.6,81.68,27.7,81.86,28.1,82.58000000000001,28.4,83.12,100.0
2026-08-29T00:24:46.407550+00:00,inside in water 2,2551D2CE-42AA-68FB-434E-C7BD2ABBF5E3,-62,27.6,81.68,29.3,84.74000000000001,27.6,81.68,27.7,81.86,28.1,82.58000000000001,28.4,83.12,100.0
2026-08-29T00:24:48.412423+00:00,inside in water 2,2551D2CE-42AA-68FB-434E-C7BD2ABBF5E3,-57,27.5,81.5,29.2,84.56,27.5,81.5,27.7,81.86,28.0,82.4,28.4,83.12,100.0
2026-08-29T00:24:50.417776+00:00,inside in water 2,2551D2CE-42AA-68FB-434E-C7BD2ABBF5E3,-56,27.5,81.5,29.2,84.56,27.5,81.5,27.7,81.86,28.0,82.4,28.3,82.94,100.0
2026-08-29T00:24:52.423338+00:00,inside in water 2,2551D2CE-42AA-68FB-434E-C7BD2ABBF5E3,-62,27.5,81.5,29.2,84.56,27.5,81.5,27.7,81.86,28.0,82.4,28.3,82.94,100.0
2026-08-29T00:24:54.429199+00:00,inside in water 2,2551D2CE-42AA-68FB-434E-C7BD2ABBF5E3,-60,27.5,81.5,29.0,84.2,27.5,81.5,27.7,81.86,28.0,82.4,28.3,82.94,100.0
2026-08-29T00:24:56.435615+00:00,inside in water 2,2551D2CE-42AA-68FB-434E-C7BD2ABBF5E3,-60,27.5,81.5,29.0,84.2,27.5,81.5,27.7,81.86,28.0,82.4,28.3,82.94,100.0
2026-08-29T00:24:58.440441+00:00,inside in water 2,2551D2CE-42AA-68FB-434E-C7BD2ABBF5E3,-57,27.5,81.5,29.0,84.2,27.5,81.5,27.7,81.86,28.0,82.4,28.3,82.94,100.0
2026-08-29T00:25:00.442677+00:00,inside in water 2,2551D2CE-42AA-68FB-434E-C7BD2ABBF5E3,-58,27.5,81.5,29.0,84.2,27.5,81.5,27.7,81.86,28.0,82.4,28.3,82.94,100.0
2026-08-29T00:25:02.449319+00:00,inside in water 2,2551D2CE-42AA-68FB-434E-C7BD2ABBF5E3,-58,27.5,81.5,29.0,84.2,27.5,81.5,27.7,81.86,28.0,82.4,28.3,82.94,100.0
2026-08-29T00:25:04.453213+00:00,inside in water 2,2551D2CE-42AA-68FB-434E-C7BD2ABBF5E3,-58,27.5,81.5,29.0,84.2,27.5,81.5,27.7,81.86,28.0,82.4,28.3,82.94,100.0
2026-08-29T00:25:06.458166+00:00,inside in water 2,2551D2CE-42AA-68FB-434E-C7BD2ABBF5E3,-61,27.4,81.32,29.0,84.2,27.4,81.32,27.6,81.68,27.9,82.22,28.2,82.75999999999999,100.0
2026-08-29T00:25:08.461897+00:00,inside in water 2,2551D2CE-42AA-68FB-434E-C7BD2ABBF5E3,-58,27.4,81.32,29.1,84.38,27.4,81.32,27.6,81.68,27.9,82.22,28.2,82.75999999999999,100.0
2026-08-29T00:25:10.466794+00:00,inside in water 2,2551D2CE-42AA-68FB-434E-C7BD2ABBF5E3,-62,27.4,81.32,29.0,84.2,27.4,81.32,27.6,81.68,27.9,82.22,28.2,82.75999999999999,100.0
2026-08-29T00:25:12.472618+00:00,inside in water 2,2551D2CE-42AA-68FB-434E-C7BD2ABBF5E3,-62,27.4,81.32,29.0,84.2,27.4,81.32,27.6,81.68,27.9,82.22,28.2,82.75999999999999,100.0
2026-08-29T00:25:14.479175+00:00,inside in water 2,2551D2CE-42AA-68FB-434E-C7BD2ABBF5E3,-62,27.4,81.32,29.0,84.2,27.4,81.32,27.6,81.68,27.9,82.22,28.2,82.75999999999999,100.0
2026-08-29T00:25:16.484732+00:00,inside in water 2,2551D2CE-42AA-68FB-434E-C7BD2ABBF5E3,-57,27.3,81.14,29.0,84.2,27.3,81.14,27.5,81.5,27.9,82.22,28.2,82.75999999999999,100.0
2026-08-29T00:25:18.489160+00:00,inside in water 2,2551D2CE-42AA-68FB-434E-C7BD2ABBF5E3,-62,27.3,81.14,29.0,84.2,27.3,81.14,27.5,81.5,27.8,82.03999999999999,28.1,82.58000000000001,100.0
2026-08-29T00:25:20.493569+00:00,inside in water 2,2551D2CE-42AA-68FB-434E-C7BD2ABBF5E3,-62,27.3,81.14,29.0,84.2,27.3,81.14,27.5,81.5,27.8,82.03999999999999,28.1,82.58000000000001,100.0
2026-08-29T00:25:22.499389+00:00,inside in water 2,2551D2CE-42AA-68FB-434E-C7BD2ABBF5E3,-62,27.3,81.14,29.0,84.2,27.3,81.14,27.5,81.5,27.8,82.03999999999999,28.1,82.58000000000001,100.0
2026-08-29T00:25:24.505279+00:00,inside in water 2,2551D2CE-42AA-68FB-434E-C7BD2ABBF5E3,-62,27.3,81.14,29.0,84.2,27.3,81.14,27.5,81.5,27.8,82.03999999999999,28.1,82.58000000000001,100.0
2026-08-29T00:25:26.510261+00:00,inside in water 2,2551D2CE-42AA-68FB-434E-C7BD2ABBF5E3,-62,27.3,81.14,29.0,84.2,27.3,81.14,27.5,81.5,27.8,82.03999999999999,28.1,82.58000000000001,100.0
2026-08-29T00:25:28.516102+00:00,inside in water 2,2551D2CE-42AA-68FB-434E-C7BD2ABBF5E3,-57,27.3,81.14,28.7,83.66,27.3,81.14,27.4,81.32,27.7,81.86,28.0,82.4,100.0
2026-08-29T00:25:30.522414+00:00,inside in water 2,2551D2CE-42AA-68FB-434E-C7BD2ABBF5E3,-57,27.3,81.14,28.7,83.66,27.3,81.14,27.4,81.32,27.7,81.86,28.0,82.4,100.0
2026-08-29T00:25:32.527769+00:00,inside in water 2,2551D2CE-42AA-68FB-434E-C7BD2ABBF5E3,-82,27.2,80.96000000000001,28.8,83.84,27.2,80.96000000000001,27.4,81.32,27.7,81.86,28.0,82.4,100.0
2026-08-29T00:25:34.532674+00:00,inside in water 2,2551D2CE-42AA-68FB-434E-C7BD2ABBF5E3,-82,27.2,80.96000000000001,28.8,83.84,27.2,80.96000000000001,27.4,81.32,27.7,81.86,28.0,82.4,100.0
2026-08-29T00:25:36.538492+00:00,inside in water 2,2551D2CE-42AA-68FB-434E-C7BD2ABBF5E3,-73,27.7,81.86,29.1,84.38,27.7,81.86,28.2,82.75999999999999,28.5,83.30000000000001,28.5,83.30000000000001,100.0
2026-08-29T00:25:38.544463+00:00,inside in water 2,2551D2CE-42AA-68FB-434E-C7BD2ABBF5E3,-69,27.7,81.86,29.1,84.38,27.7,81.86,28.2,82.75999999999999,28.5,83.30000000000001,28.5,83.30000000000001,100.0
2026-08-29T00:25:40.552538+00:00,inside in water 2,2551D2CE-42AA-68FB-434E-C7BD2ABBF5E3,-64,28.1,82.58000000000001,29.4,84.92,28.1,82.58000000000001,29.5,85.1,29.4,84.92,29.3,84.74000000000001,100.0
2026-08-29T00:25:42.557844+00:00,inside in water 2,2551D2CE-42AA-68FB-434E-C7BD2ABBF5E3,-80,28.5,83.30000000000001,29.6,85.28,28.5,83.30000000000001,30.7,87.25999999999999,30.3,86.53999999999999,30.2,86.36,100.0
2026-08-29T00:25:44.563177+00:00,inside in water 2,2551D2CE-42AA-68FB-434E-C7BD2ABBF5E3,-80,28.5,83.30000000000001,29.6,85.28,28.5,83.30000000000001,30.7,87.25999999999999,30.3,86.53999999999999,30.2,86.36,100.0
2026-08-29T00:25:46.570647+00:00,inside in water 2,2551D2CE-42AA-68FB-434E-C7BD2ABBF5E3,-79,29.5,85.1,29.8,85.64,29.5,85.1,31.4,88.52,31.3,88.34,31.0,87.80000000000001,100.0
2026-08-29T00:25:48.575803+00:00,inside in water 2,2551D2CE-42AA-68FB-434E-C7BD2ABBF5E3,-70,30.3,86.53999999999999,29.8,85.64,30.3,86.53999999999999,31.7,89.06,31.7,89.06,31.3,88.34,100.0
2026-08-29T00:25:50.583485+00:00,inside in water 2,2551D2CE-42AA-68FB-434E-C7BD2ABBF5E3,-76,30.3,86.53999999999999,29.8,85.64,30.3,86.53999999999999,31.7,89.06,31.7,89.06,31.3,88.34,100.0
2026-08-29T00:25:52.590377+00:00,inside in water 2,2551D2CE-42AA-68FB-434E-C7BD2ABBF5E3,-76,30.3,86.53999999999999,29.8,85.64,30.3,86.53999999999999,31.7,89.06,31.7,89.06,31.3,88.34,100.0
2026-08-29T00:25:54.593374+00:00,inside in water 2,2551D2CE-42AA-68FB-434E-C7BD2ABBF5E3,-66,32.2,89.96000000000001,30.1,86.18,32.2,89.96000000000001,32.5,90.5,33.0,91.4,32.6,90.68,100.0
2026-08-29T00:25:56.599559+00:00,inside in water 2,2551D2CE-42AA-68FB-434E-C7BD2ABBF5E3,-73,32.6,90.68,30.1,86.18,32.6,90.68,32.7,90.86000000000001,33.2,91.76,32.8,91.03999999999999,100.0
2026-08-29T00:25:58.606311+00:00,inside in water 2,2551D2CE-42AA-68FB-434E-C7BD2ABBF5E3,-67,33.0,91.4,30.1,86.18,33.0,91.4,33.0,91.4,33.5,92.30000000000001,33.2,91.76,100.0
2026-08-29T00:26:00.620425+00:00,inside in water 2,2551D2CE-42AA-68FB-434E-C7BD2ABBF5E3,-67,33.0,91.4,30.1,86.18,33.0,91.4,33.0,91.4,33.5,92.30000000000001,33.2,91.76,100.0
2026-08-29T00:26:02.626724+00:00,inside in water 2,2551D2CE-42AA-68FB-434E-C7BD2ABBF5E3,-67,33.0,91.4,30.1,86.18,33.0,91.4,33.0,91.4,33.5,92.30000000000001,33.2,91.76,100.0
2026-08-29T00:26:04.633601+00:00,inside in water 2,2551D2CE-42AA-68FB-434E-C7BD2ABBF5E3,-73,33.5,92.30000000000001,30.1,86.18,33.6,92.48,33.5,92.30000000000001,34.0,93.2,33.7,92.66,100.0
2026-08-29T00:26:06.640652+00:00,inside in water 2,2551D2CE-42AA-68FB-434E-C7BD2ABBF5E3,-66,33.8,92.84,30.1,86.18,33.8,92.84,33.8,92.84,34.2,93.56,33.9,93.02,100.0
2026-08-29T00:26:08.645243+00:00,inside in water 2,2551D2CE-42AA-68FB-434E-C7BD2ABBF5E3,-66,33.8,92.84,30.1,86.18,33.8,92.84,33.8,92.84,34.2,93.56,33.9,93.02,100.0
2026-08-29T00:26:10.650797+00:00,inside in water 2,2551D2CE-42AA-68FB-434E-C7BD2ABBF5E3,-66,33.8,92.84,30.1,86.18,33.8,92.84,33.8,92.84,34.2,93.56,33.9,93.02,100.0
2026-08-29T00:26:12.657077+00:00,inside in water 2,2551D2CE-42AA-68FB-434E-C7BD2ABBF5E3,-67,34.1,93.38,30.2,86.36,34.1,93.38,34.1,93.38,34.6,94.28,34.2,93.56,100.0
2026-08-29T00:26:14.662472+00:00,inside in water 2,2551D2CE-42AA-68FB-434E-C7BD2ABBF5E3,-74,34.3,93.74,30.2,86.36,34.3,93.74,34.3,93.74,34.6,94.28,34.3,93.74,100.0
2026-08-29T00:26:16.668260+00:00,inside in water 2,2551D2CE-42AA-68FB-434E-C7BD2ABBF5E3,-64,34.3,93.74,30.2,86.36,34.4,93.92,34.3,93.74,34.7,94.46000000000001,34.4,93.92,100.0
2026-08-29T00:26:18.674000+00:00,inside in water 2,2551D2CE-42AA-68FB-434E-C7BD2ABBF5E3,-64,34.3,93.74,30.2,86.36,34.4,93.92,34.3,93.74,34.7,94.46000000000001,34.4,93.92,100.0
2026-08-29T00:26:20.680136+00:00,inside in water 2,2551D2CE-42AA-68FB-434E-C7BD2ABBF5E3,-66,34.5,94.1,30.3,86.53999999999999,34.6,94.28,34.5,94.1,34.8,94.63999999999999,34.5,94.1,100.0
2026-08-29T00:26:22.685884+00:00,inside in water 2,2551D2CE-42AA-68FB-434E-C7BD2ABBF5E3,-74,34.6,94.28,30.2,86.36,34.6,94.28,34.6,94.28,34.9,94.82,34.6,94.28,100.0
2026-08-29T00:26:24.688924+00:00,inside in water 2,2551D2CE-42AA-68FB-434E-C7BD2ABBF5E3,-74,34.6,94.28,30.2,86.36,34.6,94.28,34.6,94.28,34.9,94.82,34.6,94.28,100.0
2026-08-29T00:26:26.695875+00:00,inside in water 2,2551D2CE-42AA-68FB-434E-C7BD2ABBF5E3,-74,34.6,94.28,30.2,86.36,34.6,94.28,34.6,94.28,34.9,94.82,34.6,94.28,100.0
2026-08-29T00:26:28.701286+00:00,inside in water 2,2551D2CE-42AA-68FB-434E-C7BD2ABBF5E3,-74,34.6,94.28,30.2,86.36,34.6,94.28,34.6,94.28,34.9,94.82,34.6,94.28,100.0
2026-08-29T00:26:30.710420+00:00,inside in water 2,2551D2CE-42AA-68FB-434E-C7BD2ABBF5E3,-76,34.6,94.28,30.2,86.36,34.6,94.28,34.6,94.28,34.9,94.82,34.6,94.28,100.0
2026-08-29T00:26:32.718484+00:00,inside in water 2,2551D2CE-42AA-68FB-434E-C7BD2ABBF5E3,-47,34.9,94.82,30.5,86.9,34.9,94.82,34.9,94.82,35.2,95.36000000000001,34.8,94.63999999999999,100.0
2026-08-29T00:26:34.724639+00:00,inside in water 2,2551D2CE-42AA-68FB-434E-C7BD2ABBF5E3,-61,34.9,94.82,30.4,86.72,34.9,94.82,35.0,95.0,35.2,95.36000000000001,34.8,94.63999999999999,100.0
2026-08-29T00:26:36.729954+00:00,inside in water 2,2551D2CE-42AA-68FB-434E-C7BD2ABBF5E3,-49,35.0,95.0,30.3,86.53999999999999,35.0,95.0,35.1,95.18,35.2,95.36000000000001,34.8,94.63999999999999,100.0
2026-08-29T00:26:38.734993+00:00,inside in water 2,2551D2CE-42AA-68FB-434E-C7BD2ABBF5E3,-69,35.0,95.0,30.3,86.53999999999999,35.0,95.0,35.1,95.18,35.2,95.36000000000001,34.8,94.63999999999999,100.0
2026-08-29T00:26:40.740764+00:00,inside in water 2,2551D2CE-42AA-68FB-434E-C7BD2ABBF5E3,-69,35.0,95.0,30.3,86.53999999999999,35.0,95.0,35.1,95.18,35.2,95.36000000000001,34.8,94.63999999999999,100.0
2026-08-29T00:26:42.746337+00:00,inside in water 2,2551D2CE-42AA-68FB-434E-C7BD2ABBF5E3,-69,35.0,95.0,30.3,86.53999999999999,35.0,95.0,35.1,95.18,35.2,95.36000000000001,34.8,94.63999999999999,100.0
2026-08-29T00:26:44.751469+00:00,inside in water 2,2551D2CE-42AA-68FB-434E-C7BD2ABBF5E3,-62,34.7,94.46000000000001,30.7,87.25999999999999,34.7,94.46000000000001,34.8,94.63999999999999,35.0,95.0,34.6,94.28,100.0
2026-08-29T00:26:46.756741+00:00,inside in water 2,2551D2CE-42AA-68FB-434E-C7BD2ABBF5E3,-62,34.7,94.46000000000001,30.7,87.25999999999999,34.7,94.46000000000001,34.8,94.63999999999999,35.0,95.0,34.6,94.28,100.0
2026-08-29T00:26:48.761712+00:00,inside in water 2,2551D2CE-42AA-68FB-434E-C7BD2ABBF5E3,-62,34.6,94.28,30.6,87.08000000000001,34.6,94.28,34.6,94.28,34.8,94.63999999999999,34.4,93.92,100.0
2026-08-29T00:26:50.766260+00:00,inside in water 2,2551D2CE-42AA-68FB-434E-C7BD2ABBF5E3,-62,34.4,93.92,30.6,87.08000000000001,34.4,93.92,34.4,93.92,34.6,94.28,34.1,93.38,100.0
2026-08-29T00:26:52.770583+00:00,inside in water 2,2551D2CE-42AA-68FB-434E-C7BD2ABBF5E3,-62,34.4,93.92,30.6,87.08000000000001,34.4,93.92,34.4,93.92,34.6,94.28,34.1,93.38,100.0
2026-08-29T00:26:54.774208+00:00,inside in water 2,2551D2CE-42AA-68FB-434E-C7BD2ABBF5E3,-72,34.4,93.92,30.6,87.08000000000001,34.4,93.92,34.4,93.92,34.6,94.28,34.1,93.38,100.0
2026-08-29T00:26:56.779531+00:00,inside in water 2,2551D2CE-42AA-68FB-434E-C7BD2ABBF5E3,-72,34.4,93.92,30.6,87.08000000000001,34.4,93.92,34.4,93.92,34.6,94.28,34.1,93.38,100.0
2026-08-29T00:26:58.786467+00:00,inside in water 2,2551D2CE-42AA-68FB-434E-C7BD2ABBF5E3,-72,34.4,93.92,30.6,87.08000000000001,34.4,93.92,34.4,93.92,34.6,94.28,34.1,93.38,100.0
2026-08-29T00:27:00.790191+00:00,inside in water 2,2551D2CE-42AA-68FB-434E-C7BD2ABBF5E3,-65,33.9,93.02,30.6,87.08000000000001,33.9,93.02,34.0,93.2,34.0,93.2,33.4,92.12,100.0
2026-08-29T00:27:02.793316+00:00,inside in water 2,2551D2CE-42AA-68FB-434E-C7BD2ABBF5E3,-65,33.9,93.02,30.6,87.08000000000001,33.9,93.02,34.0,93.2,34.0,93.2,33.4,92.12,100.0
2026-08-29T00:27:04.799191+00:00,inside in water 2,2551D2CE-42AA-68FB-434E-C7BD2ABBF5E3,-70,33.6,92.48,30.4,86.72,33.6,92.48,33.7,92.66,33.7,92.66,33.1,91.58000000000001,100.0
2026-08-29T00:27:06.804722+00:00,inside in water 2,2551D2CE-42AA-68FB-434E-C7BD2ABBF5E3,-70,33.6,92.48,30.4,86.72,33.6,92.48,33.7,92.66,33.7,92.66,33.1,91.58000000000001,100.0
2026-08-29T00:27:08.809583+00:00,inside in water 2,2551D2CE-42AA-68FB-434E-C7BD2ABBF5E3,-65,33.4,92.12,30.5,86.9,33.4,92.12,33.5,92.30000000000001,33.5,92.30000000000001,32.9,91.22,100.0
2026-08-29T00:27:10.815241+00:00,inside in water 2,2551D2CE-42AA-68FB-434E-C7BD2ABBF5E3,-74,33.4,92.12,30.5,86.9,33.4,92.12,33.5,92.30000000000001,33.5,92.30000000000001,32.9,91.22,100.0
2026-08-29T00:27:12.817501+00:00,inside in water 2,2551D2CE-42AA-68FB-434E-C7BD2ABBF5E3,-72,33.3,91.94,30.6,87.08000000000001,33.3,91.94,33.4,92.12,33.4,92.12,32.7,90.86000000000001,100.0
2026-08-29T00:27:14.820912+00:00,inside in water 2,2551D2CE-42AA-68FB-434E-C7BD2ABBF5E3,-72,33.3,91.94,30.6,87.08000000000001,33.3,91.94,33.4,92.12,33.4,92.12,32.7,90.86000000000001,100.0
2026-08-29T00:27:16.826693+00:00,inside in water 2,2551D2CE-42AA-68FB-434E-C7BD2ABBF5E3,-72,33.3,91.94,30.6,87.08000000000001,33.3,91.94,33.4,92.12,33.4,92.12,32.7,90.86000000000001,100.0
2026-08-29T00:27:18.832712+00:00,inside in water 2,2551D2CE-42AA-68FB-434E-C7BD2ABBF5E3,-72,33.3,91.94,30.6,87.08000000000001,33.3,91.94,33.4,92.12,33.4,92.12,32.7,90.86000000000001,100.0
2026-08-29T00:27:20.838669+00:00,inside in water 2,2551D2CE-42AA-68FB-434E-C7BD2ABBF5E3,-75,32.9,91.22,30.5,86.9,32.9,91.22,33.0,91.4,32.9,91.22,32.2,89.96000000000001,100.0
2026-08-29T00:27:22.844598+00:00,inside in water 2,2551D2CE-42AA-68FB-434E-C7BD2ABBF5E3,-69,32.8,91.03999999999999,30.4,86.72,32.8,91.03999999999999,33.0,91.4,32.9,91.22,32.2,89.96000000000001,100.0
2026-08-29T00:27:24.849891+00:00,inside in water 2,2551D2CE-42AA-68FB-434E-C7BD2ABBF5E3,-69,32.8,91.03999999999999,30.4,86.72,32.8,91.03999999999999,33.0,91.4,32.9,91.22,32.2,89.96000000000001,100.0
2026-08-29T00:27:26.862795+00:00,inside in water 2,2551D2CE-42AA-68FB-434E-C7BD2ABBF5E3,-69,32.8,91.03999999999999,30.4,86.72,32.8,91.03999999999999,33.0,91.4,32.9,91.22,32.2,89.96000000000001,100.0
2026-08-29T00:27:28.865803+00:00,inside in water 2,2551D2CE-42AA-68FB-434E-C7BD2ABBF5E3,-72,32.6,90.68,30.4,86.72,32.6,90.68,32.7,90.86000000000001,32.6,90.68,31.9,89.42,100.0
2026-08-29T00:27:30.873223+00:00,inside in water 2,2551D2CE-42AA-68FB-434E-C7BD2ABBF5E3,-72,32.6,90.68,30.4,86.72,32.6,90.68,32.7,90.86000000000001,32.6,90.68,31.9,89.42,100.0
2026-08-29T00:27:32.879087+00:00,inside in water 2,2551D2CE-42AA-68FB-434E-C7BD2ABBF5E3,-72,32.6,90.68,30.4,86.72,32.6,90.68,32.7,90.86000000000001,32.6,90.68,31.9,89.42,100.0
2026-08-29T00:27:34.885323+00:00,inside in water 2,2551D2CE-42AA-68FB-434E-C7BD2ABBF5E3,-72,32.6,90.68,30.4,86.72,32.6,90.68,32.7,90.86000000000001,32.6,90.68,31.9,89.42,100.0
2026-08-29T00:27:36.892974+00:00,inside in water 2,2551D2CE-42AA-68FB-434E-C7BD2ABBF5E3,-70,32.3,90.13999999999999,30.3,86.53999999999999,32.3,90.13999999999999,32.4,90.32,32.3,90.13999999999999,31.6,88.88,100.0
2026-08-29T00:27:38.900116+00:00,inside in water 2,2551D2CE-42AA-68FB-434E-C7BD2ABBF5E3,-69,32.2,89.96000000000001,30.5,86.9,32.3,90.13999999999999,32.4,90.32,32.2,89.96000000000001,31.6,88.88,100.0
2026-08-29T00:27:40.903563+00:00,inside in water 2,2551D2CE-42AA-68FB-434E-C7BD2ABBF5E3,-69,32.2,89.96000000000001,30.5,86.9,32.3,90.13999999999999,32.4,90.32,32.2,89.96000000000001,31.6,88.88,100.0
2026-08-29T00:27:42.906453+00:00,inside in water 2,2551D2CE-42AA-68FB-434E-C7BD2ABBF5E3,-69,32.2,89.96000000000001,30.5,86.9,32.3,90.13999999999999,32.4,90.32,32.2,89.96000000000001,31.6,88.88,100.0
2026-08-29T00:27:44.908629+00:00,inside in water 2,2551D2CE-42AA-68FB-434E-C7BD2ABBF5E3,-69,32.2,89.96000000000001,30.5,86.9,32.3,90.13999999999999,32.4,90.32,32.2,89.96000000000001,31.6,88.88,100.0
2026-08-29T00:27:46.911417+00:00,inside in water 2,2551D2CE-42AA-68FB-434E-C7BD2ABBF5E3,-69,32.0,89.6,30.3,86.53999999999999,32.0,89.6,32.1,89.78,32.0,89.6,31.3,88.34,100.0
2026-08-29T00:27:48.915673+00:00,inside in water 2,2551D2CE-42AA-68FB-434E-C7BD2ABBF5E3,-77,32.0,89.6,30.3,86.53999999999999,32.0,89.6,32.1,89.78,32.0,89.6,31.3,88.34,100.0
2026-08-29T00:27:50.921683+00:00,inside in water 2,2551D2CE-42AA-68FB-434E-C7BD2ABBF5E3,-71,31.8,89.24000000000001,30.4,86.72,31.9,89.42,32.0,89.6,31.8,89.24000000000001,31.2,88.16,100.0
2026-08-29T00:27:52.924098+00:00,inside in water 2,2551D2CE-42AA-68FB-434E-C7BD2ABBF5E3,-71,31.8,89.24000000000001,30.4,86.72,31.9,89.42,32.0,89.6,31.8,89.24000000000001,31.2,88.16,100.0
2026-08-29T00:27:54.926180+00:00,inside in water 2,2551D2CE-42AA-68FB-434E-C7BD2ABBF5E3,-71,31.8,89.24000000000001,30.4,86.72,31.9,89.42,32.0,89.6,31.8,89.24000000000001,31.2,88.16,100.0
2026-08-29T00:27:56.929969+00:00,inside in water 2,2551D2CE-42AA-68FB-434E-C7BD2ABBF5E3,-74,31.8,89.24000000000001,30.4,86.72,31.9,89.42,32.0,89.6,31.8,89.24000000000001,31.2,88.16,100.0
2026-08-29T00:27:58.934781+00:00,inside in water 2,2551D2CE-42AA-68FB-434E-C7BD2ABBF5E3,-71,31.6,88.88,30.4,86.72,31.7,89.06,31.8,89.24000000000001,31.6,88.88,31.0,87.80000000000001,100.0
2026-08-29T00:28:00.943267+00:00,inside in water 2,2551D2CE-42AA-68FB-434E-C7BD2ABBF5E3,-71,31.6,88.88,30.4,86.72,31.7,89.06,31.8,89.24000000000001,31.6,88.88,31.0,87.80000000000001,100.0
2026-08-29T00:28:02.945496+00:00,inside in water 2,2551D2CE-42AA-68FB-434E-C7BD2ABBF5E3,-71,31.6,88.88,30.4,86.72,31.7,89.06,31.8,89.24000000000001,31.6,88.88,31.0,87.80000000000001,100.0
2026-08-29T00:28:04.950913+00:00,inside in water 2,2551D2CE-42AA-68FB-434E-C7BD2ABBF5E3,-68,31.6,88.88,30.4,86.72,31.7,89.06,31.8,89.24000000000001,31.6,88.88,31.0,87.80000000000001,100.0
2026-08-29T00:28:06.957020+00:00,inside in water 2,2551D2CE-42AA-68FB-434E-C7BD2ABBF5E3,-71,31.4,88.52,30.2,86.36,31.5,88.7,31.6,88.88,31.4,88.52,30.8,87.44,100.0
2026-08-29T00:28:08.962673+00:00,inside in water 2,2551D2CE-42AA-68FB-434E-C7BD2ABBF5E3,-79,31.3,88.34,30.2,86.36,31.5,88.7,31.5,88.7,31.3,88.34,30.8,87.44,100.0
2026-08-29T00:28:10.968021+00:00,inside in water 2,2551D2CE-42AA-68FB-434E-C7BD2ABBF5E3,-79,31.3,88.34,30.2,86.36,31.5,88.7,31.5,88.7,31.3,88.34,30.8,87.44,100.0
2026-08-29T00:28:12.974161+00:00,inside in water 2,2551D2CE-42AA-68FB-434E-C7BD2ABBF5E3,-72,31.3,88.34,30.2,86.36,31.5,88.7,31.5,88.7,31.3,88.34,30.8,87.44,100.0
2026-08-29T00:28:14.978080+00:00,inside in water 2,2551D2CE-42AA-68FB-434E-C7BD2ABBF5E3,-68,31.2,88.16,30.2,86.36,31.3,88.34,31.4,88.52,31.2,88.16,30.6,87.08000000000001,100.0
2026-08-29T00:28:16.980291+00:00,inside in water 2,2551D2CE-42AA-68FB-434E-C7BD2ABBF5E3,-69,31.1,87.98,30.1,86.18,31.3,88.34,31.3,88.34,31.1,87.98,30.6,87.08000000000001,100.0
2026-08-29T00:28:18.984827+00:00,inside in water 2,2551D2CE-42AA-68FB-434E-C7BD2ABBF5E3,-69,31.1,87.98,30.1,86.18,31.3,88.34,31.3,88.34,31.1,87.98,30.6,87.08000000000001,100.0
2026-08-29T00:28:20.989970+00:00,inside in water 2,2551D2CE-42AA-68FB-434E-C7BD2ABBF5E3,-69,31.1,87.98,30.1,86.18,31.3,88.34,31.3,88.34,31.1,87.98,30.6,87.08000000000001,100.0
2026-08-29T00:28:22.995283+00:00,inside in water 2,2551D2CE-42AA-68FB-434E-C7BD2ABBF5E3,-64,31.0,87.80000000000001,30.0,86.0,31.1,87.98,31.2,88.16,31.0,87.80000000000001,30.5,86.9,100.0
2026-08-29T00:28:24.999149+00:00,inside in water 2,2551D2CE-42AA-68FB-434E-C7BD2ABBF5E3,-73,31.0,87.80000000000001,30.0,86.0,31.1,87.98,31.2,88.16,31.0,87.80000000000001,30.5,86.9,100.0
2026-08-29T00:28:27.004733+00:00,inside in water 2,2551D2CE-42AA-68FB-434E-C7BD2ABBF5E3,-62,30.9,87.62,30.1,86.18,31.0,87.80000000000001,31.1,87.98,30.9,87.62,30.4,86.72,100.0
2026-08-29T00:28:29.010222+00:00,inside in water 2,2551D2CE-42AA-68FB-434E-C7BD2ABBF5E3,-74,30.9,87.62,30.1,86.18,31.0,87.80000000000001,31.1,87.98,30.9,87.62,30.4,86.72,100.0
2026-08-29T00:28:31.015226+00:00,inside in water 2,2551D2CE-42AA-68FB-434E-C7BD2ABBF5E3,-64,30.8,87.44,30.0,86.0,30.9,87.62,31.0,87.80000000000001,30.8,87.44,30.3,86.53999999999999,100.0
2026-08-29T00:28:33.020748+00:00,inside in water 2,2551D2CE-42AA-68FB-434E-C7BD2ABBF5E3,-65,30.8,87.44,29.9,85.82,30.8,87.44,30.9,87.62,30.8,87.44,30.3,86.53999999999999,100.0
2026-08-29T00:28:35.027661+00:00,inside in water 2,2551D2CE-42AA-68FB-434E-C7BD2ABBF5E3,-65,30.8,87.44,29.9,85.82,30.8,87.44,30.9,87.62,30.8,87.44,30.3,86.53999999999999,100.0
2026-08-29T00:28:37.033358+00:00,inside in water 2,2551D2CE-42AA-68FB-434E-C7BD2ABBF5E3,-65,30.8,87.44,29.9,85.82,30.8,87.44,30.9,87.62,30.8,87.44,30.3,86.53999999999999,100.0
2026-08-29T00:28:39.038834+00:00,inside in water 2,2551D2CE-42AA-68FB-434E-C7BD2ABBF5E3,-65,30.8,87.44,29.9,85.82,30.8,87.44,30.9,87.62,30.8,87.44,30.3,86.53999999999999,100.0
2026-08-29T00:28:41.046382+00:00,inside in water 2,2551D2CE-42AA-68FB-434E-C7BD2ABBF5E3,-63,30.8,87.44,29.9,85.82,30.8,87.44,30.9,87.62,30.8,87.44,30.3,86.53999999999999,100.0
2026-08-29T00:28:43.051443+00:00,inside in water 2,2551D2CE-42AA-68FB-434E-C7BD2ABBF5E3,-76,30.6,87.08000000000001,29.8,85.64,30.6,87.08000000000001,30.7,87.25999999999999,30.6,87.08000000000001,30.1,86.18,100.0
2026-08-29T00:28:45.058744+00:00,inside in water 2,2551D2CE-42AA-68FB-434E-C7BD2ABBF5E3,-76,30.6,87.08000000000001,29.8,85.64,30.6,87.08000000000001,30.7,87.25999999999999,30.6,87.08000000000001,30.1,86.18,100.0
2026-08-29T00:28:47.063851+00:00,inside in water 2,2551D2CE-42AA-68FB-434E-C7BD2ABBF5E3,-76,30.6,87.08000000000001,29.8,85.64,30.6,87.08000000000001,30.7,87.25999999999999,30.6,87.08000000000001,30.1,86.18,100.0
2026-08-29T00:28:49.072853+00:00,inside in water 2,2551D2CE-42AA-68FB-434E-C7BD2ABBF5E3,-76,30.6,87.08000000000001,29.8,85.64,30.6,87.08000000000001,30.7,87.25999999999999,30.6,87.08000000000001,30.1,86.18,100.0
2026-08-29T00:28:51.080211+00:00,inside in water 2,2551D2CE-42AA-68FB-434E-C7BD2ABBF5E3,-58,30.4,86.72,30.0,86.0,30.5,86.9,30.6,87.08000000000001,30.4,86.72,30.0,86.0,100.0
2026-08-29T00:28:53.085145+00:00,inside in water 2,2551D2CE-42AA-68FB-434E-C7BD2ABBF5E3,-58,30.4,86.72,30.0,86.0,30.5,86.9,30.6,87.08000000000001,30.4,86.72,30.0,86.0,100.0
2026-08-29T00:28:55.091426+00:00,inside in water 2,2551D2CE-42AA-68FB-434E-C7BD2ABBF5E3,-58,30.4,86.72,30.0,86.0,30.5,86.9,30.6,87.08000000000001,30.4,86.72,30.0,86.0,100.0
2026-08-29T00:28:57.096949+00:00,inside in water 2,2551D2CE-42AA-68FB-434E-C7BD2ABBF5E3,-58,30.4,86.72,30.0,86.0,30.5,86.9,30.6,87.08000000000001,30.4,86.72,30.0,86.0,100.0
2026-08-29T00:28:59.101261+00:00,inside in water 2,2551D2CE-42AA-68FB-434E-C7BD2ABBF5E3,-58,30.3,86.53999999999999,29.8,85.64,30.3,86.53999999999999,30.4,86.72,30.3,86.53999999999999,29.9,85.82,100.0
2026-08-29T00:29:01.108849+00:00,inside in water 2,2551D2CE-42AA-68FB-434E-C7BD2ABBF5E3,-73,30.2,86.36,29.8,85.64,30.3,86.53999999999999,30.3,86.53999999999999,30.2,86.36,29.8,85.64,100.0
2026-08-29T00:29:03.115583+00:00,inside in water 2,2551D2CE-42AA-68FB-434E-C7BD2ABBF5E3,-73,30.2,86.36,29.8,85.64,30.3,86.53999999999999,30.3,86.53999999999999,30.2,86.36,29.8,85.64,100.0
2026-08-29T00:29:05.122809+00:00,inside in water 2,2551D2CE-42AA-68FB-434E-C7BD2ABBF5E3,-73,30.2,86.36,29.8,85.64,30.3,86.53999999999999,30.3,86.53999999999999,30.2,86.36,29.8,85.64,100.0
2026-08-29T00:29:07.129597+00:00,inside in water 2,2551D2CE-42AA-68FB-434E-C7BD2ABBF5E3,-54,30.4,86.72,29.8,85.64,30.4,86.72,30.4,86.72,30.6,87.08000000000001,30.3,86.53999999999999,100.0
2026-08-29T00:29:09.134224+00:00,inside in water 2,2551D2CE-42AA-68FB-434E-C7BD2ABBF5E3,-54,30.4,86.72,29.8,85.64,30.4,86.72,30.4,86.72,30.6,87.08000000000001,30.3,86.53999999999999,100.0
2026-08-29T00:29:11.139515+00:00,inside in water 2,2551D2CE-42AA-68FB-434E-C7BD2ABBF5E3,-39,30.4,86.72,29.8,85.64,30.4,86.72,30.4,86.72,30.6,87.08000000000001,30.3,86.53999999999999,100.0
2026-08-29T00:29:13.146320+00:00,inside in water 2,2551D2CE-42AA-68FB-434E-C7BD2ABBF5E3,-39,30.4,86.72,29.8,85.64,30.4,86.72,30.4,86.72,30.6,87.08000000000001,30.3,86.53999999999999,100.0
2026-08-29T00:29:15.151353+00:00,inside in water 2,2551D2CE-42AA-68FB-434E-C7BD2ABBF5E3,-56,30.4,86.72,29.8,85.64,30.4,86.72,30.4,86.72,30.6,87.08000000000001,30.3,86.53999999999999,100.0
2026-08-29T00:29:17.162473+00:00,inside in water 2,2551D2CE-42AA-68FB-434E-C7BD2ABBF5E3,-61,31.4,88.52,30.2,86.36,31.4,88.52,32.3,90.13999999999999,32.8,91.03999999999999,32.4,90.32,100.0
2026-08-29T00:29:19.171046+00:00,inside in water 2,2551D2CE-42AA-68FB-434E-C7BD2ABBF5E3,-58,31.4,88.52,30.2,86.36,31.4,88.52,32.3,90.13999999999999,32.8,91.03999999999999,32.4,90.32,100.0
2026-08-29T00:29:21.173413+00:00,inside in water 2,2551D2CE-42AA-68FB-434E-C7BD2ABBF5E3,-63,31.4,88.52,30.2,86.36,31.4,88.52,32.3,90.13999999999999,32.8,91.03999999999999,32.4,90.32,100.0
2026-08-29T00:29:23.177956+00:00,inside in water 2,2551D2CE-42AA-68FB-434E-C7BD2ABBF5E3,-63,31.4,88.52,30.2,86.36,31.4,88.52,32.3,90.13999999999999,32.8,91.03999999999999,32.4,90.32,100.0
2026-08-29T00:29:25.189076+00:00,inside in water 2,2551D2CE-42AA-68FB-434E-C7BD2ABBF5E3,-56,31.5,88.7,30.6,87.08000000000001,31.5,88.7,32.1,89.78,32.8,91.03999999999999,32.5,90.5,100.0
2026-08-29T00:29:27.197524+00:00,inside in water 2,2551D2CE-42AA-68FB-434E-C7BD2ABBF5E3,-59,31.5,88.7,30.5,86.9,31.5,88.7,32.1,89.78,32.7,90.86000000000001,32.5,90.5,100.0
2026-08-29T00:29:29.204377+00:00,inside in water 2,2551D2CE-42AA-68FB-434E-C7BD2ABBF5E3,-59,31.4,88.52,30.4,86.72,31.4,88.52,32.0,89.6,32.6,90.68,32.4,90.32,100.0
2026-08-29T00:29:31.210556+00:00,inside in water 2,2551D2CE-42AA-68FB-434E-C7BD2ABBF5E3,-58,31.3,88.34,30.5,86.9,31.3,88.34,31.9,89.42,32.5,90.5,32.3,90.13999999999999,100.0
2026-08-29T00:29:33.215768+00:00,inside in water 2,2551D2CE-42AA-68FB-434E-C7BD2ABBF5E3,-53,31.3,88.34,30.5,86.9,31.3,88.34,31.8,89.24000000000001,32.4,90.32,32.2,89.96000000000001,100.0
2026-08-29T00:29:35.221753+00:00,inside in water 2,2551D2CE-42AA-68FB-434E-C7BD2ABBF5E3,-53,31.3,88.34,30.5,86.9,31.3,88.34,31.8,89.24000000000001,32.4,90.32,32.2,89.96000000000001,100.0
2026-08-29T00:29:37.227779+00:00,inside in water 2,2551D2CE-42AA-68FB-434E-C7BD2ABBF5E3,-52,31.2,88.16,30.5,86.9,31.2,88.16,31.7,89.06,32.2,89.96000000000001,32.0,89.6,100.0
2026-08-29T00:29:39.235131+00:00,inside in water 2,2551D2CE-42AA-68FB-434E-C7BD2ABBF5E3,-53,31.1,87.98,30.5,86.9,31.1,87.98,31.6,88.88,32.1,89.78,31.9,89.42,100.0
2026-08-29T00:29:41.242908+00:00,inside in water 2,2551D2CE-42AA-68FB-434E-C7BD2ABBF5E3,-52,31.1,87.98,30.4,86.72,31.1,87.98,31.6,88.88,32.0,89.6,31.8,89.24000000000001,100.0
2026-08-29T00:29:43.248708+00:00,inside in water 2,2551D2CE-42AA-68FB-434E-C7BD2ABBF5E3,-57,31.0,87.80000000000001,30.5,86.9,31.0,87.80000000000001,31.5,88.7,31.9,89.42,31.7,89.06,100.0
2026-08-29T00:29:45.253851+00:00,inside in water 2,2551D2CE-42AA-68FB-434E-C7BD2ABBF5E3,-57,31.0,87.80000000000001,30.5,86.9,31.0,87.80000000000001,31.5,88.7,31.9,89.42,31.7,89.06,100.0
2026-08-29T00:29:47.259406+00:00,inside in water 2,2551D2CE-42AA-68FB-434E-C7BD2ABBF5E3,-52,30.9,87.62,30.2,86.36,30.9,87.62,31.3,88.34,31.7,89.06,31.5,88.7,100.0
2026-08-29T00:29:49.265059+00:00,inside in water 2,2551D2CE-42AA-68FB-434E-C7BD2ABBF5E3,-52,30.9,87.62,30.7,87.25999999999999,30.9,87.62,31.3,88.34,31.7,89.06,31.4,88.52,100.0
2026-08-29T00:29:51.268663+00:00,inside in water 2,2551D2CE-42AA-68FB-434E-C7BD2ABBF5E3,-52,30.9,87.62,30.7,87.25999999999999,30.9,87.62,31.3,88.34,31.7,89.06,31.4,88.52,100.0
2026-08-29T00:29:53.273900+00:00,inside in water 2,2551D2CE-42AA-68FB-434E-C7BD2ABBF5E3,-52,30.9,87.62,30.7,87.25999999999999,30.9,87.62,31.3,88.34,31.7,89.06,31.4,88.52,100.0
2026-08-29T00:29:55.276338+00:00,inside in water 2,2551D2CE-42AA-68FB-434E-C7BD2ABBF5E3,-52,30.9,87.62,30.7,87.25999999999999,30.9,87.62,31.3,88.34,31.7,89.06,31.4,88.52,100.0
2026-08-29T00:29:57.282375+00:00,inside in water 2,2551D2CE-42AA-68FB-434E-C7BD2ABBF5E3,-51,30.7,87.25999999999999,30.4,86.72,30.7,87.25999999999999,31.1,87.98,31.4,88.52,31.1,87.98,100.0
2026-08-29T00:29:59.287570+00:00,inside in water 2,2551D2CE-42AA-68FB-434E-C7BD2ABBF5E3,-52,30.6,87.08000000000001,30.4,86.72,30.6,87.08000000000001,31.0,87.80000000000001,31.3,88.34,31.0,87.80000000000001,100.0
2026-08-29T00:30:01.294427+00:00,inside in water 2,2551D2CE-42AA-68FB-434E-C7BD2ABBF5E3,-56,30.6,87.08000000000001,30.4,86.72,30.6,87.08000000000001,31.0,87.80000000000001,31.3,88.34,31.0,87.80000000000001,100.0
2026-08-29T00:30:03.302447+00:00,inside in water 2,2551D2CE-42AA-68FB-434E-C7BD2ABBF5E3,-56,30.6,87.08000000000001,30.4,86.72,30.6,87.08000000000001,31.0,87.80000000000001,31.3,88.34,31.0,87.80000000000001,100.0
2026-08-29T00:30:05.305635+00:00,inside in water 2,2551D2CE-42AA-68FB-434E-C7BD2ABBF5E3,-56,30.6,87.08000000000001,30.4,86.72,30.6,87.08000000000001,31.0,87.80000000000001,31.3,88.34,31.0,87.80000000000001,100.0
2026-08-29T00:30:07.310635+00:00,inside in water 2,2551D2CE-42AA-68FB-434E-C7BD2ABBF5E3,-60,30.4,86.72,30.3,86.53999999999999,30.4,86.72,30.8,87.44,31.0,87.80000000000001,30.8,87.44,100.0
2026-08-29T00:30:09.317035+00:00,inside in water 2,2551D2CE-42AA-68FB-434E-C7BD2ABBF5E3,-58,30.4,86.72,30.3,86.53999999999999,30.4,86.72,30.7,87.25999999999999,31.0,87.80000000000001,30.7,87.25999999999999,100.0
2026-08-29T00:30:11.324028+00:00,inside in water 2,2551D2CE-42AA-68FB-434E-C7BD2ABBF5E3,-58,30.4,86.72,30.3,86.53999999999999,30.4,86.72,30.7,87.25999999999999,31.0,87.80000000000001,30.7,87.25999999999999,100.0
2026-08-29T00:30:13.331077+00:00,inside in water 2,2551D2CE-42AA-68FB-434E-C7BD2ABBF5E3,-53,30.3,86.53999999999999,30.3,86.53999999999999,30.3,86.53999999999999,30.6,87.08000000000001,30.9,87.62,30.6,87.08000000000001,100.0
2026-08-29T00:30:15.337948+00:00,inside in water 2,2551D2CE-42AA-68FB-434E-C7BD2ABBF5E3,-54,30.2,86.36,30.3,86.53999999999999,30.2,86.36,30.6,87.08000000000001,30.8,87.44,30.5,86.9,100.0
2026-08-29T00:30:17.345738+00:00,inside in water 2,2551D2CE-42AA-68FB-434E-C7BD2ABBF5E3,-54,30.2,86.36,30.3,86.53999999999999,30.2,86.36,30.6,87.08000000000001,30.8,87.44,30.5,86.9,100.0
2026-08-29T00:30:19.353925+00:00,inside in water 2,2551D2CE-42AA-68FB-434E-C7BD2ABBF5E3,-53,30.2,86.36,30.4,86.72,30.2,86.36,30.5,86.9,30.7,87.25999999999999,30.5,86.9,100.0
2026-08-29T00:30:21.366024+00:00,inside in water 2,2551D2CE-42AA-68FB-434E-C7BD2ABBF5E3,-55,30.1,86.18,30.4,86.72,30.1,86.18,30.5,86.9,30.6,87.08000000000001,30.4,86.72,100.0
2026-08-29T00:30:23.373381+00:00,inside in water 2,2551D2CE-42AA-68FB-434E-C7BD2ABBF5E3,-53,30.1,86.18,30.3,86.53999999999999,30.1,86.18,30.4,86.72,30.6,87.08000000000001,30.4,86.72,100.0
2026-08-29T00:30:25.382437+00:00,inside in water 2,2551D2CE-42AA-68FB-434E-C7BD2ABBF5E3,-56,30.1,86.18,30.3,86.53999999999999,30.1,86.18,30.4,86.72,30.6,87.08000000000001,30.4,86.72,100.0
2026-08-29T00:30:27.396103+00:00,inside in water 2,2551D2CE-42AA-68FB-434E-C7BD2ABBF5E3,-56,30.1,86.18,30.3,86.53999999999999,30.1,86.18,30.4,86.72,30.6,87.08000000000001,30.4,86.72,100.0
2026-08-29T00:30:29.403085+00:00,inside in water 2,2551D2CE-42AA-68FB-434E-C7BD2ABBF5E3,-56,30.0,86.0,30.1,86.18,30.0,86.0,30.3,86.53999999999999,30.5,86.9,30.3,86.53999999999999,100.0
2026-08-29T00:30:31.411734+00:00,inside in water 2,2551D2CE-42AA-68FB-434E-C7BD2ABBF5E3,-53,29.9,85.82,30.3,86.53999999999999,29.9,85.82,30.2,86.36,30.4,86.72,30.2,86.36,100.0
2026-08-29T00:30:33.421377+00:00,inside in water 2,2551D2CE-42AA-68FB-434E-C7BD2ABBF5E3,127,29.9,85.82,30.2,86.36,29.9,85.82,30.2,86.36,30.4,86.72,30.2,86.36,100.0
2026-08-29T00:30:35.435352+00:00,inside in water 2,2551D2CE-42AA-68FB-434E-C7BD2ABBF5E3,127,29.9,85.82,30.2,86.36,29.9,85.82,30.2,86.36,30.4,86.72,30.2,86.36,100.0
2026-08-29T00:30:37.444248+00:00,inside in water 2,2551D2CE-42AA-68FB-434E-C7BD2ABBF5E3,-60,29.8,85.64,30.1,86.18,29.8,85.64,30.1,86.18,30.3,86.53999999999999,30.1,86.18,100.0
2026-08-29T00:30:39.458723+00:00,inside in water 2,2551D2CE-42AA-68FB-434E-C7BD2ABBF5E3,-58,29.7,85.46000000000001,30.2,86.36,29.7,85.46000000000001,30.1,86.18,30.2,86.36,30.1,86.18,100.0
2026-08-29T00:30:41.469945+00:00,inside in water 2,2551D2CE-42AA-68FB-434E-C7BD2ABBF5E3,-58,29.7,85.46000000000001,30.2,86.36,29.7,85.46000000000001,30.1,86.18,30.2,86.36,30.1,86.18,100.0
2026-08-29T00:30:43.479132+00:00,inside in water 2,2551D2CE-42AA-68FB-434E-C7BD2ABBF5E3,-58,29.7,85.46000000000001,30.2,86.36,29.7,85.46000000000001,30.1,86.18,30.2,86.36,30.1,86.18,100.0
2026-08-29T00:30:45.487897+00:00,inside in water 2,2551D2CE-42AA-68FB-434E-C7BD2ABBF5E3,-56,29.7,85.46000000000001,30.1,86.18,29.7,85.46000000000001,29.9,85.82,30.1,86.18,30.0,86.0,100.0
2026-08-29T00:30:47.503022+00:00,inside in water 2,2551D2CE-42AA-68FB-434E-C7BD2ABBF5E3,-58,29.6,85.28,30.2,86.36,29.6,85.28,29.9,85.82,30.1,86.18,30.0,86.0,100.0
2026-08-29T00:30:49.512985+00:00,inside in water 2,2551D2CE-42AA-68FB-434E-C7BD2ABBF5E3,-58,29.6,85.28,30.2,86.36,29.6,85.28,29.9,85.82,30.1,86.18,30.0,86.0,100.0
2026-08-29T00:30:51.520736+00:00,inside in water 2,2551D2CE-42AA-68FB-434E-C7BD2ABBF5E3,-58,29.6,85.28,30.2,86.36,29.6,85.28,29.9,85.82,30.1,86.18,30.0,86.0,100.0
2026-08-29T00:30:53.531285+00:00,inside in water 2,2551D2CE-42AA-68FB-434E-C7BD2ABBF5E3,-58,29.6,85.28,30.2,86.36,29.6,85.28,29.9,85.82,30.1,86.18,30.0,86.0,100.0
2026-08-29T00:30:55.535981+00:00,inside in water 2,2551D2CE-42AA-68FB-434E-C7BD2ABBF5E3,-58,29.6,85.28,30.2,86.36,29.6,85.28,29.9,85.82,30.1,86.18,30.0,86.0,100.0
2026-08-29T00:30:57.563358+00:00,inside in water 2,2551D2CE-42AA-68FB-434E-C7BD2ABBF5E3,-56,29.5,85.1,30.0,86.0,29.5,85.1,29.7,85.46000000000001,29.9,85.82,29.8,85.64,100.0
2026-08-29T00:30:59.578639+00:00,inside in water 2,2551D2CE-42AA-68FB-434E-C7BD2ABBF5E3,-57,29.4,84.92,30.0,86.0,29.4,84.92,29.7,85.46000000000001,29.9,85.82,29.8,85.64,100.0
2026-08-29T00:31:01.597684+00:00,inside in water 2,2551D2CE-42AA-68FB-434E-C7BD2ABBF5E3,-57,29.4,84.92,30.0,86.0,29.4,84.92,29.7,85.46000000000001,29.9,85.82,29.8,85.64,100.0
2026-08-29T00:31:03.605618+00:00,inside in water 2,2551D2CE-42AA-68FB-434E-C7BD2ABBF5E3,-57,29.4,84.92,30.0,86.0,29.4,84.92,29.7,85.46000000000001,29.9,85.82,29.8,85.64,100.0
2026-08-29T00:31:05.616872+00:00,inside in water 2,2551D2CE-42AA-68FB-434E-C7BD2ABBF5E3,-57,29.4,84.92,29.7,85.46000000000001,29.4,84.92,29.6,85.28,29.8,85.64,29.7,85.46000000000001,100.0
2026-08-29T00:31:07.625960+00:00,inside in water 2,2551D2CE-42AA-68FB-434E-C7BD2ABBF5E3,-58,29.3,84.74000000000001,29.8,85.64,29.3,84.74000000000001,29.6,85.28,29.8,85.64,29.7,85.46000000000001,100.0
2026-08-29T00:31:09.643694+00:00,inside in water 2,2551D2CE-42AA-68FB-434E-C7BD2ABBF5E3,-65,29.3,84.74000000000001,29.8,85.64,29.3,84.74000000000001,29.6,85.28,29.8,85.64,29.7,85.46000000000001,100.0
2026-08-29T00:31:11.653814+00:00,inside in water 2,2551D2CE-42AA-68FB-434E-C7BD2ABBF5E3,-65,29.3,84.74000000000001,29.8,85.64,29.3,84.74000000000001,29.6,85.28,29.8,85.64,29.7,85.46000000000001,100.0
2026-08-29T00:31:13.664387+00:00,inside in water 2,2551D2CE-42AA-68FB-434E-C7BD2ABBF5E3,-65,29.2,84.56,29.8,85.64,29.2,84.56,29.5,85.1,29.6,85.28,29.6,85.28,100.0
2026-08-29T00:31:15.677331+00:00,inside in water 2,2551D2CE-42AA-68FB-434E-C7BD2ABBF5E3,-65,29.2,84.56,29.8,85.64,29.2,84.56,29.5,85.1,29.6,85.28,29.6,85.28,100.0
2026-08-29T00:31:17.686000+00:00,inside in water 2,2551D2CE-42AA-68FB-434E-C7BD2ABBF5E3,-65,29.2,84.56,29.8,85.64,29.2,84.56,29.5,85.1,29.6,85.28,29.6,85.28,100.0
2026-08-29T00:31:19.696364+00:00,inside in water 2,2551D2CE-42AA-68FB-434E-C7BD2ABBF5E3,-65,29.2,84.56,29.8,85.64,29.2,84.56,29.5,85.1,29.6,85.28,29.6,85.28,100.0
2026-08-29T00:31:21.711742+00:00,inside in water 2,2551D2CE-42AA-68FB-434E-C7BD2ABBF5E3,-63,29.2,84.56,29.8,85.64,29.2,84.56,29.5,85.1,29.6,85.28,29.6,85.28,100.0
2026-08-29T00:31:23.720158+00:00,inside in water 2,2551D2CE-42AA-68FB-434E-C7BD2ABBF5E3,-64,29.1,84.38,29.8,85.64,29.1,84.38,29.3,84.74000000000001,29.5,85.1,29.4,84.92,100.0
2026-08-29T00:31:25.729671+00:00,inside in water 2,2551D2CE-42AA-68FB-434E-C7BD2ABBF5E3,-64,29.1,84.38,29.8,85.64,29.1,84.38,29.3,84.74000000000001,29.5,85.1,29.4,84.92,100.0
2026-08-29T00:31:27.736626+00:00,inside in water 2,2551D2CE-42AA-68FB-434E-C7BD2ABBF5E3,-64,29.1,84.38,29.8,85.64,29.1,84.38,29.3,84.74000000000001,29.5,85.1,29.4,84.92,100.0
2026-08-29T00:31:29.746742+00:00,inside in water 2,2551D2CE-42AA-68FB-434E-C7BD2ABBF5E3,-64,29.1,84.38,29.8,85.64,29.1,84.38,29.3,84.74000000000001,29.5,85.1,29.4,84.92,100.0
2026-08-29T00:31:31.753416+00:00,inside in water 2,2551D2CE-42AA-68FB-434E-C7BD2ABBF5E3,-62,28.9,84.02,29.6,85.28,28.9,84.02,29.2,84.56,29.4,84.92,29.4,84.92,100.0
2026-08-29T00:31:33.764215+00:00,inside in water 2,2551D2CE-42AA-68FB-434E-C7BD2ABBF5E3,-61,28.9,84.02,29.6,85.28,28.9,84.02,29.2,84.56,29.4,84.92,29.4,84.92,100.0
2026-08-29T00:31:35.775275+00:00,inside in water 2,2551D2CE-42AA-68FB-434E-C7BD2ABBF5E3,-60,28.9,84.02,29.6,85.28,28.9,84.02,29.2,84.56,29.4,84.92,29.3,84.74000000000001,100.0
2026-08-29T00:31:37.784182+00:00,inside in water 2,2551D2CE-42AA-68FB-434E-C7BD2ABBF5E3,-60,28.9,84.02,29.6,85.28,28.9,84.02,29.2,84.56,29.4,84.92,29.3,84.74000000000001,100.0
2026-08-29T00:31:39.796394+00:00,inside in water 2,2551D2CE-42AA-68FB-434E-C7BD2ABBF5E3,-62,28.8,83.84,29.5,85.1,28.8,83.84,29.1,84.38,29.3,84.74000000000001,29.3,84.74000000000001,100.0
2026-08-29T00:31:41.803562+00:00,inside in water 2,2551D2CE-42AA-68FB-434E-C7BD2ABBF5E3,-61,28.8,83.84,29.5,85.1,28.8,83.84,29.1,84.38,29.3,84.74000000000001,29.3,84.74000000000001,100.0
2026-08-29T00:31:43.813717+00:00,inside in water 2,2551D2CE-42AA-68FB-434E-C7BD2ABBF5E3,-61,28.8,83.84,29.5,85.1,28.8,83.84,29.1,84.38,29.3,84.74000000000001,29.3,84.74000000000001,100.0
2026-08-29T00:31:45.822237+00:00,inside in water 2,2551D2CE-42AA-68FB-434E-C7BD2ABBF5E3,-61,28.8,83.84,29.5,85.1,28.8,83.84,29.1,84.38,29.3,84.74000000000001,29.3,84.74000000000001,100.0
2026-08-29T00:31:47.830985+00:00,inside in water 2,2551D2CE-42AA-68FB-434E-C7BD2ABBF5E3,-61,28.8,83.84,29.5,85.1,28.8,83.84,29.1,84.38,29.3,84.74000000000001,29.3,84.74000000000001,100.0
2026-08-29T00:31:49.884426+00:00,inside in water 2,2551D2CE-42AA-68FB-434E-C7BD2ABBF5E3,-61,28.7,83.66,29.4,84.92,28.7,83.66,29.0,84.2,29.2,84.56,29.2,84.56,100.0
2026-08-29T00:31:51.896281+00:00,inside in water 2,2551D2CE-42AA-68FB-434E-C7BD2ABBF5E3,-67,28.7,83.66,29.4,84.92,28.7,83.66,28.9,84.02,29.2,84.56,29.2,84.56,100.0
2026-08-29T00:31:53.902311+00:00,inside in water 2,2551D2CE-42AA-68FB-434E-C7BD2ABBF5E3,-73,28.7,83.66,29.4,84.92,28.7,83.66,28.9,84.02,29.2,84.56,29.2,84.56,100.0
2026-08-29T00:31:55.906534+00:00,inside in water 2,2551D2CE-42AA-68FB-434E-C7BD2ABBF5E3,-55,28.7,83.66,29.3,84.74000000000001,28.7,83.66,28.9,84.02,29.1,84.38,29.1,84.38,100.0
2026-08-29T00:31:57.931901+00:00,inside in water 2,2551D2CE-42AA-68FB-434E-C7BD2ABBF5E3,-70,28.7,83.66,29.3,84.74000000000001,28.7,83.66,28.9,84.02,29.1,84.38,29.1,84.38,100.0
2026-08-29T00:31:59.935286+00:00,inside in water 2,2551D2CE-42AA-68FB-434E-C7BD2ABBF5E3,-67,28.6,83.48,29.2,84.56,28.6,83.48,28.8,83.84,29.1,84.38,29.1,84.38,100.0
2026-08-29T00:32:01.946610+00:00,inside in water 2,2551D2CE-42AA-68FB-434E-C7BD2ABBF5E3,-71,28.6,83.48,29.2,84.56,28.6,83.48,28.8,83.84,29.1,84.38,29.1,84.38,100.0
2026-08-29T00:32:03.955221+00:00,inside in water 2,2551D2CE-42AA-68FB-434E-C7BD2ABBF5E3,-71,28.6,83.48,29.2,84.56,28.6,83.48,28.8,83.84,29.1,84.38,29.1,84.38,100.0
2026-08-29T00:32:05.966565+00:00,inside in water 2,2551D2CE-42AA-68FB-434E-C7BD2ABBF5E3,-62,28.6,83.48,29.2,84.56,28.6,83.48,28.8,83.84,29.1,84.38,29.1,84.38,100.0
2026-08-29T00:32:07.980521+00:00,inside in water 2,2551D2CE-42AA-68FB-434E-C7BD2ABBF5E3,-63,28.5,83.30000000000001,29.2,84.56,28.5,83.30000000000001,28.7,83.66,29.0,84.2,29.0,84.2,100.0
2026-08-29T00:32:10.007157+00:00,inside in water 2,2551D2CE-42AA-68FB-434E-C7BD2ABBF5E3,-79,28.5,83.30000000000001,29.2,84.56,28.5,83.30000000000001,28.7,83.66,29.0,84.2,29.0,84.2,100.0
2026-08-29T00:32:12.023502+00:00,inside in water 2,2551D2CE-42AA-68FB-434E-C7BD2ABBF5E3,-35,28.5,83.30000000000001,29.2,84.56,28.5,83.30000000000001,28.7,83.66,29.0,84.2,29.0,84.2,100.0
2026-08-29T00:32:14.037396+00:00,inside in water 2,2551D2CE-42AA-68FB-434E-C7BD2ABBF5E3,-35,28.5,83.30000000000001,29.2,84.56,28.5,83.30000000000001,28.7,83.66,29.0,84.2,29.0,84.2,100.0
2026-08-29T00:32:16.052311+00:00,inside in water 2,2551D2CE-42AA-68FB-434E-C7BD2ABBF5E3,-35,28.5,83.30000000000001,29.2,84.56,28.5,83.30000000000001,28.7,83.66,29.0,84.2,29.0,84.2,100.0
2026-08-29T00:32:18.067228+00:00,inside in water 2,2551D2CE-42AA-68FB-434E-C7BD2ABBF5E3,-39,28.4,83.12,29.1,84.38,28.4,83.12,28.7,83.66,28.9,84.02,28.9,84.02,100.0
2026-08-29T00:32:20.074775+00:00,inside in water 2,2551D2CE-42AA-68FB-434E-C7BD2ABBF5E3,-40,28.4,83.12,29.1,84.38,28.4,83.12,28.6,83.48,28.9,84.02,28.9,84.02,100.0
2026-08-29T00:32:22.085018+00:00,inside in water 2,2551D2CE-42AA-68FB-434E-C7BD2ABBF5E3,-39,28.4,83.12,29.2,84.56,28.4,83.12,28.6,83.48,28.8,83.84,28.9,84.02,100.0
2026-08-29T00:32:24.089514+00:00,inside in water 2,2551D2CE-42AA-68FB-434E-C7BD2ABBF5E3,-39,28.4,83.12,29.2,84.56,28.4,83.12,28.6,83.48,28.8,83.84,28.9,84.02,100.0
2026-08-29T00:32:26.095764+00:00,inside in water 2,2551D2CE-42AA-68FB-434E-C7BD2ABBF5E3,-39,28.3,82.94,29.1,84.38,28.3,82.94,28.6,83.48,28.8,83.84,28.8,83.84,100.0
2026-08-29T00:32:28.102658+00:00,inside in water 2,2551D2CE-42AA-68FB-434E-C7BD2ABBF5E3,-40,28.3,82.94,29.1,84.38,28.3,82.94,28.6,83.48,28.8,83.84,28.8,83.84,100.0
2026-08-29T00:32:30.109589+00:00,inside in water 2,2551D2CE-42AA-68FB-434E-C7BD2ABBF5E3,-40,28.3,82.94,29.1,84.38,28.3,82.94,28.5,83.30000000000001,28.8,83.84,28.8,83.84,100.0
2026-08-29T00:32:32.122602+00:00,inside in water 2,2551D2CE-42AA-68FB-434E-C7BD2ABBF5E3,-38,28.3,82.94,28.9,84.02,28.3,82.94,28.5,83.30000000000001,28.8,83.84,28.8,83.84,100.0
2026-08-29T00:32:34.135136+00:00,inside in water 2,2551D2CE-42AA-68FB-434E-C7BD2ABBF5E3,-38,28.3,82.94,28.9,84.02,28.3,82.94,28.5,83.30000000000001,28.8,83.84,28.8,83.84,100.0
2026-08-29T00:32:36.146370+00:00,inside in water 2,2551D2CE-42AA-68FB-434E-C7BD2ABBF5E3,-40,28.3,82.94,28.9,84.02,28.3,82.94,28.5,83.30000000000001,28.8,83.84,28.8,83.84,100.0
2026-08-29T00:32:38.160756+00:00,inside in water 2,2551D2CE-42AA-68FB-434E-C7BD2ABBF5E3,-40,28.3,82.94,28.9,84.02,28.3,82.94,28.5,83.30000000000001,28.8,83.84,28.8,83.84,100.0
2026-08-29T00:32:40.168924+00:00,inside in water 2,2551D2CE-42AA-68FB-434E-C7BD2ABBF5E3,-40,28.3,82.94,28.9,84.02,28.3,82.94,28.5,83.30000000000001,28.8,83.84,28.8,83.84,100.0
2026-08-29T00:32:42.179260+00:00,inside in water 2,2551D2CE-42AA-68FB-434E-C7BD2ABBF5E3,-40,28.2,82.75999999999999,28.9,84.02,28.2,82.75999999999999,28.4,83.12,28.7,83.66,28.7,83.66,100.0
2026-08-29T00:32:44.190031+00:00,inside in water 2,2551D2CE-42AA-68FB-434E-C7BD2ABBF5E3,-39,28.2,82.75999999999999,28.9,84.02,28.2,82.75999999999999,28.4,83.12,28.7,83.66,28.7,83.66,100.0
2026-08-29T00:32:46.199771+00:00,inside in water 2,2551D2CE-42AA-68FB-434E-C7BD2ABBF5E3,-40,28.2,82.75999999999999,28.9,84.02,28.2,82.75999999999999,28.4,83.12,28.7,83.66,28.7,83.66,100.0
2026-08-29T00:32:48.215613+00:00,inside in water 2,2551D2CE-42AA-68FB-434E-C7BD2ABBF5E3,-39,28.2,82.75999999999999,28.9,84.02,28.2,82.75999999999999,28.4,83.12,28.7,83.66,28.7,83.66,100.0
2026-08-29T00:32:50.225468+00:00,inside in water 2,2551D2CE-42AA-68FB-434E-C7BD2ABBF5E3,-40,28.1,82.58000000000001,28.8,83.84,28.1,82.58000000000001,28.3,82.94,28.6,83.48,28.7,83.66,100.0
2026-08-29T00:32:52.240225+00:00,inside in water 2,2551D2CE-42AA-68FB-434E-C7BD2ABBF5E3,-40,28.1,82.58000000000001,28.8,83.84,28.1,82.58000000000001,28.3,82.94,28.6,83.48,28.7,83.66,100.0
2026-08-29T00:32:54.250648+00:00,inside in water 2,2551D2CE-42AA-68FB-434E-C7BD2ABBF5E3,-40,28.1,82.58000000000001,28.8,83.84,28.1,82.58000000000001,28.3,82.94,28.6,83.48,28.7,83.66,100.0
2026-08-29T00:32:56.385053+00:00,inside in water 2,2551D2CE-42AA-68FB-434E-C7BD2ABBF5E3,-38,28.1,82.58000000000001,28.8,83.84,28.1,82.58000000000001,28.3,82.94,28.5,83.30000000000001,28.7,83.66,100.0
2026-08-29T00:32:58.408402+00:00,inside in water 2,2551D2CE-42AA-68FB-434E-C7BD2ABBF5E3,-38,28.1,82.58000000000001,28.8,83.84,28.1,82.58000000000001,28.3,82.94,28.5,83.30000000000001,28.7,83.66,100.0
2026-08-29T00:33:00.421620+00:00,inside in water 2,2551D2CE-42AA-68FB-434E-C7BD2ABBF5E3,-40,28.1,82.58000000000001,28.8,83.84,28.1,82.58000000000001,28.3,82.94,28.5,83.30000000000001,28.7,83.66,100.0
2026-08-29T00:33:02.431407+00:00,inside in water 2,2551D2CE-42AA-68FB-434E-C7BD2ABBF5E3,-40,28.0,82.4,28.7,83.66,28.0,82.4,28.2,82.75999999999999,28.5,83.30000000000001,28.6,83.48,100.0
2026-08-29T00:33:04.439700+00:00,inside in water 2,2551D2CE-42AA-68FB-434E-C7BD2ABBF5E3,-40,28.0,82.4,28.7,83.66,28.0,82.4,28.2,82.75999999999999,28.5,83.30000000000001,28.6,83.48,100.0
2026-08-29T00:33:06.452536+00:00,inside in water 2,2551D2CE-42AA-68FB-434E-C7BD2ABBF5E3,-40,28.0,82.4,28.7,83.66,28.0,82.4,28.2,82.75999999999999,28.5,83.30000000000001,28.6,83.48,100.0
2026-08-29T00:33:08.462839+00:00,inside in water 2,2551D2CE-42AA-68FB-434E-C7BD2ABBF5E3,-40,28.0,82.4,28.7,83.66,28.0,82.4,28.2,82.75999999999999,28.5,83.30000000000001,28.6,83.48,100.0
2026-08-29T00:33:10.470268+00:00,inside in water 2,2551D2CE-42AA-68FB-434E-C7BD2ABBF5E3,-40,28.0,82.4,28.7,83.66,28.0,82.4,28.2,82.75999999999999,28.5,83.30000000000001,28.6,83.48,100.0
2026-08-29T00:33:12.479726+00:00,inside in water 2,2551D2CE-42AA-68FB-434E-C7BD2ABBF5E3,-40,27.9,82.22,28.7,83.66,27.9,82.22,28.1,82.58000000000001,28.4,83.12,28.5,83.30000000000001,100.0
2026-08-29T00:33:14.487222+00:00,inside in water 2,2551D2CE-42AA-68FB-434E-C7BD2ABBF5E3,-40,27.9,82.22,28.7,83.66,27.9,82.22,28.1,82.58000000000001,28.4,83.12,28.5,83.30000000000001,100.0
2026-08-29T00:33:16.498007+00:00,inside in water 2,2551D2CE-42AA-68FB-434E-C7BD2ABBF5E3,-40,27.9,82.22,28.7,83.66,27.9,82.22,28.1,82.58000000000001,28.4,83.12,28.5,83.30000000000001,100.0
2026-08-29T00:33:18.505456+00:00,inside in water 2,2551D2CE-42AA-68FB-434E-C7BD2ABBF5E3,-39,27.9,82.22,28.6,83.48,27.9,82.22,28.1,82.58000000000001,28.4,83.12,28.5,83.30000000000001,100.0
2026-08-29T00:33:20.516777+00:00,inside in water 2,2551D2CE-42AA-68FB-434E-C7BD2ABBF5E3,-39,27.9,82.22,28.6,83.48,27.9,82.22,28.1,82.58000000000001,28.4,83.12,28.5,83.30000000000001,100.0
2026-08-29T00:33:22.525196+00:00,inside in water 2,2551D2CE-42AA-68FB-434E-C7BD2ABBF5E3,-39,27.9,82.22,28.6,83.48,27.9,82.22,28.1,82.58000000000001,28.4,83.12,28.5,83.30000000000001,100.0
2026-08-29T00:33:24.534294+00:00,inside in water 2,2551D2CE-42AA-68FB-434E-C7BD2ABBF5E3,-39,27.9,82.22,28.6,83.48,27.9,82.22,28.1,82.58000000000001,28.4,83.12,28.5,83.30000000000001,100.0
2026-08-29T00:33:26.542020+00:00,inside in water 2,2551D2CE-42AA-68FB-434E-C7BD2ABBF5E3,-39,27.9,82.22,28.5,83.30000000000001,27.9,82.22,28.1,82.58000000000001,28.3,82.94,28.4,83.12,100.0
2026-08-29T00:33:28.566170+00:00,inside in water 2,2551D2CE-42AA-68FB-434E-C7BD2ABBF5E3,-40,27.9,82.22,28.5,83.30000000000001,27.9,82.22,28.1,82.58000000000001,28.3,82.94,28.4,83.12,100.0
2026-08-29T00:33:30.585232+00:00,inside in water 2,2551D2CE-42AA-68FB-434E-C7BD2ABBF5E3,-40,27.9,82.22,28.5,83.30000000000001,27.9,82.22,28.1,82.58000000000001,28.3,82.94,28.4,83.12,100.0
2026-08-29T00:33:32.596684+00:00,inside in water 2,2551D2CE-42AA-68FB-434E-C7BD2ABBF5E3,-39,27.8,82.03999999999999,28.6,83.48,27.8,82.03999999999999,28.0,82.4,28.3,82.94,28.4,83.12,100.0
2026-08-29T00:33:34.605192+00:00,inside in water 2,2551D2CE-42AA-68FB-434E-C7BD2ABBF5E3,-39,27.8,82.03999999999999,28.6,83.48,27.8,82.03999999999999,28.0,82.4,28.3,82.94,28.4,83.12,100.0
2026-08-29T00:33:36.612723+00:00,inside in water 2,2551D2CE-42AA-68FB-434E-C7BD2ABBF5E3,-39,27.8,82.03999999999999,28.5,83.30000000000001,27.8,82.03999999999999,28.0,82.4,28.2,82.75999999999999,28.4,83.12,100.0
2026-08-29T00:33:38.619430+00:00,inside in water 2,2551D2CE-42AA-68FB-434E-C7BD2ABBF5E3,-40,27.8,82.03999999999999,28.4,83.12,27.8,82.03999999999999,28.0,82.4,28.3,82.94,28.4,83.12,100.0
2026-08-29T00:33:40.625050+00:00,inside in water 2,2551D2CE-42AA-68FB-434E-C7BD2ABBF5E3,-39,27.8,82.03999999999999,28.5,83.30000000000001,27.8,82.03999999999999,28.0,82.4,28.2,82.75999999999999,28.4,83.12,100.0
2026-08-29T00:33:42.635452+00:00,inside in water 2,2551D2CE-42AA-68FB-434E-C7BD2ABBF5E3,-40,27.8,82.03999999999999,28.4,83.12,27.8,82.03999999999999,28.0,82.4,28.2,82.75999999999999,28.3,82.94,100.0
2026-08-29T00:33:44.646284+00:00,inside in water 2,2551D2CE-42AA-68FB-434E-C7BD2ABBF5E3,-39,27.8,82.03999999999999,28.4,83.12,27.8,82.03999999999999,28.0,82.4,28.2,82.75999999999999,28.3,82.94,100.0
2026-08-29T00:33:46.653633+00:00,inside in water 2,2551D2CE-42AA-68FB-434E-C7BD2ABBF5E3,-39,27.8,82.03999999999999,28.4,83.12,27.8,82.03999999999999,28.0,82.4,28.2,82.75999999999999,28.3,82.94,100.0
2026-08-29T00:33:48.664372+00:00,inside in water 2,2551D2CE-42AA-68FB-434E-C7BD2ABBF5E3,-39,27.8,82.03999999999999,28.4,83.12,27.8,82.03999999999999,28.0,82.4,28.2,82.75999999999999,28.3,82.94,100.0
2026-08-29T00:33:50.668141+00:00,inside in water 2,2551D2CE-42AA-68FB-434E-C7BD2ABBF5E3,-40,27.7,81.86,28.4,83.12,27.7,81.86,27.9,82.22,28.2,82.75999999999999,28.3,82.94,100.0
2026-08-29T00:33:52.681435+00:00,inside in water 2,2551D2CE-42AA-68FB-434E-C7BD2ABBF5E3,-38,27.7,81.86,28.4,83.12,27.7,81.86,27.9,82.22,28.2,82.75999999999999,28.3,82.94,100.0
2026-08-29T00:33:54.688890+00:00,inside in water 2,2551D2CE-42AA-68FB-434E-C7BD2ABBF5E3,-38,27.7,81.86,28.4,83.12,27.7,81.86,27.9,82.22,28.2,82.75999999999999,28.3,82.94,100.0
2026-08-29T00:33:56.699803+00:00,inside in water 2,2551D2CE-42AA-68FB-434E-C7BD2ABBF5E3,-38,27.7,81.86,28.4,83.12,27.7,81.86,27.9,82.22,28.2,82.75999999999999,28.3,82.94,100.0
2026-08-29T00:33:58.708061+00:00,inside in water 2,2551D2CE-42AA-68FB-434E-C7BD2ABBF5E3,-40,27.7,81.86,28.3,82.94,27.7,81.86,27.9,82.22,28.1,82.58000000000001,28.2,82.75999999999999,100.0
2026-08-29T00:34:00.714010+00:00,inside in water 2,2551D2CE-42AA-68FB-434E-C7BD2ABBF5E3,-40,27.7,81.86,28.3,82.94,27.7,81.86,27.9,82.22,28.1,82.58000000000001,28.2,82.75999999999999,100.0
2026-08-29T00:34:02.721256+00:00,inside in water 2,2551D2CE-42AA-68FB-434E-C7BD2ABBF5E3,-40,27.7,81.86,28.3,82.94,27.7,81.86,27.9,82.22,28.1,82.58000000000001,28.2,82.75999999999999,100.0
2026-08-29T00:34:04.731677+00:00,inside in water 2,2551D2CE-42AA-68FB-434E-C7BD2ABBF5E3,-40,27.6,81.68,28.4,83.12,27.6,81.68,27.8,82.03999999999999,28.1,82.58000000000001,28.2,82.75999999999999,100.0
2026-08-29T00:34:06.739591+00:00,inside in water 2,2551D2CE-42AA-68FB-434E-C7BD2ABBF5E3,-40,27.6,81.68,28.2,82.75999999999999,27.6,81.68,27.8,82.03999999999999,28.1,82.58000000000001,28.2,82.75999999999999,100.0
2026-08-29T00:34:08.748988+00:00,inside in water 2,2551D2CE-42AA-68FB-434E-C7BD2ABBF5E3,-40,27.6,81.68,28.2,82.75999999999999,27.6,81.68,27.8,82.03999999999999,28.1,82.58000000000001,28.2,82.75999999999999,100.0
2026-08-29T00:34:10.756470+00:00,inside in water 2,2551D2CE-42AA-68FB-434E-C7BD2ABBF5E3,-40,27.6,81.68,28.2,82.75999999999999,27.6,81.68,27.8,82.03999999999999,28.1,82.58000000000001,28.2,82.75999999999999,100.0
2026-08-29T00:34:12.769336+00:00,inside in water 2,2551D2CE-42AA-68FB-434E-C7BD2ABBF5E3,-40,27.6,81.68,28.2,82.75999999999999,27.6,81.68,27.8,82.03999999999999,28.1,82.58000000000001,28.2,82.75999999999999,100.0
2026-08-29T00:34:14.792918+00:00,inside in water 2,2551D2CE-42AA-68FB-434E-C7BD2ABBF5E3,-40,27.6,81.68,28.2,82.75999999999999,27.6,81.68,27.8,82.03999999999999,28.1,82.58000000000001,28.2,82.75999999999999,100.0
2026-08-29T00:34:16.818912+00:00,inside in water 2,2551D2CE-42AA-68FB-434E-C7BD2ABBF5E3,-40,27.6,81.68,28.3,82.94,27.6,81.68,27.8,82.03999999999999,28.0,82.4,28.2,82.75999999999999,100.0
2026-08-29T00:34:18.830273+00:00,inside in water 2,2551D2CE-42AA-68FB-434E-C7BD2ABBF5E3,-40,27.6,81.68,28.3,82.94,27.6,81.68,27.8,82.03999999999999,28.0,82.4,28.2,82.75999999999999,100.0
2026-08-29T00:34:20.840888+00:00,inside in water 2,2551D2CE-42AA-68FB-434E-C7BD2ABBF5E3,-40,27.6,81.68,28.3,82.94,27.6,81.68,27.8,82.03999999999999,28.0,82.4,28.2,82.75999999999999,100.0
2026-08-29T00:34:22.853113+00:00,inside in water 2,2551D2CE-42AA-68FB-434E-C7BD2ABBF5E3,-40,27.6,81.68,28.3,82.94,27.6,81.68,27.7,81.86,28.0,82.4,28.1,82.58000000000001,100.0
2026-08-29T00:34:24.870513+00:00,inside in water 2,2551D2CE-42AA-68FB-434E-C7BD2ABBF5E3,-40,27.6,81.68,28.3,82.94,27.6,81.68,27.7,81.86,28.0,82.4,28.1,82.58000000000001,100.0
2026-08-29T00:34:26.884782+00:00,inside in water 2,2551D2CE-42AA-68FB-434E-C7BD2ABBF5E3,-40,27.6,81.68,28.3,82.94,27.6,81.68,27.7,81.86,28.0,82.4,28.1,82.58000000000001,100.0
2026-08-29T00:34:28.899572+00:00,inside in water 2,2551D2CE-42AA-68FB-434E-C7BD2ABBF5E3,-40,27.6,81.68,28.3,82.94,27.6,81.68,27.7,81.86,28.0,82.4,28.1,82.58000000000001,100.0
2026-08-29T00:34:30.912234+00:00,inside in water 2,2551D2CE-42AA-68FB-434E-C7BD2ABBF5E3,-40,27.5,81.5,28.3,82.94,27.5,81.5,27.7,81.86,28.0,82.4,28.1,82.58000000000001,100.0
2026-08-29T00:34:32.920557+00:00,inside in water 2,2551D2CE-42AA-68FB-434E-C7BD2ABBF5E3,-40,27.5,81.5,28.3,82.94,27.5,81.5,27.7,81.86,28.0,82.4,28.1,82.58000000000001,100.0
2026-08-29T00:34:34.931663+00:00,inside in water 2,2551D2CE-42AA-68FB-434E-C7BD2ABBF5E3,-40,27.5,81.5,28.3,82.94,27.5,81.5,27.7,81.86,28.0,82.4,28.1,82.58000000000001,100.0
2026-08-29T00:34:36.937797+00:00,inside in water 2,2551D2CE-42AA-68FB-434E-C7BD2ABBF5E3,-39,27.5,81.5,28.1,82.58000000000001,27.5,81.5,27.7,81.86,27.9,82.22,28.1,82.58000000000001,100.0
2026-08-29T00:34:38.942921+00:00,inside in water 2,2551D2CE-42AA-68FB-434E-C7BD2ABBF5E3,-40,27.5,81.5,28.1,82.58000000000001,27.5,81.5,27.7,81.86,27.9,82.22,28.1,82.58000000000001,100.0
2026-08-29T00:34:40.979188+00:00,inside in water 2,2551D2CE-42AA-68FB-434E-C7BD2ABBF5E3,-40,27.5,81.5,28.1,82.58000000000001,27.5,81.5,27.7,81.86,27.9,82.22,28.1,82.58000000000001,100.0
2026-08-29T00:34:42.988016+00:00,inside in water 2,2551D2CE-42AA-68FB-434E-C7BD2ABBF5E3,-40,27.4,81.32,28.0,82.4,27.4,81.32,27.6,81.68,27.9,82.22,28.0,82.4,100.0
2026-08-29T00:34:44.999463+00:00,inside in water 2,2551D2CE-42AA-68FB-434E-C7BD2ABBF5E3,-40,27.4,81.32,28.0,82.4,27.4,81.32,27.6,81.68,27.9,82.22,28.0,82.4,100.0
2026-08-29T00:34:47.015490+00:00,inside in water 2,2551D2CE-42AA-68FB-434E-C7BD2ABBF5E3,-40,27.4,81.32,28.1,82.58000000000001,27.4,81.32,27.6,81.68,27.9,82.22,28.0,82.4,100.0
2026-08-29T00:34:49.033430+00:00,inside in water 2,2551D2CE-42AA-68FB-434E-C7BD2ABBF5E3,-39,27.4,81.32,28.0,82.4,27.4,81.32,27.6,81.68,27.9,82.22,28.0,82.4,100.0
2026-08-29T00:34:51.042731+00:00,inside in water 2,2551D2CE-42AA-68FB-434E-C7BD2ABBF5E3,-39,27.4,81.32,28.0,82.4,27.4,81.32,27.6,81.68,27.9,82.22,28.0,82.4,100.0
2026-08-29T00:34:53.052754+00:00,inside in water 2,2551D2CE-42AA-68FB-434E-C7BD2ABBF5E3,-39,27.4,81.32,28.0,82.4,27.4,81.32,27.6,81.68,27.9,82.22,28.0,82.4,100.0
2026-08-29T00:34:55.066133+00:00,inside in water 2,2551D2CE-42AA-68FB-434E-C7BD2ABBF5E3,-39,27.4,81.32,28.1,82.58000000000001,27.4,81.32,27.6,81.68,27.8,82.03999999999999,28.0,82.4,100.0
2026-08-29T00:34:57.074045+00:00,inside in water 2,2551D2CE-42AA-68FB-434E-C7BD2ABBF5E3,-39,27.4,81.32,28.0,82.4,27.4,81.32,27.6,81.68,27.8,82.03999999999999,28.0,82.4,100.0
2026-08-29T00:34:59.084489+00:00,inside in water 2,2551D2CE-42AA-68FB-434E-C7BD2ABBF5E3,-39,27.4,81.32,28.0,82.4,27.4,81.32,27.6,81.68,27.8,82.03999999999999,28.0,82.4,100.0
2026-08-29T00:35:01.095733+00:00,inside in water 2,2551D2CE-42AA-68FB-434E-C7BD2ABBF5E3,-39,27.4,81.32,28.0,82.4,27.4,81.32,27.6,81.68,27.8,82.03999999999999,28.0,82.4,100.0
2026-08-29T00:35:03.104009+00:00,inside in water 2,2551D2CE-42AA-68FB-434E-C7BD2ABBF5E3,-40,27.4,81.32,28.0,82.4,27.4,81.32,27.6,81.68,27.8,82.03999999999999,28.0,82.4,100.0
2026-08-29T00:35:05.115097+00:00,inside in water 2,2551D2CE-42AA-68FB-434E-C7BD2ABBF5E3,-40,27.4,81.32,27.8,82.03999999999999,27.4,81.32,27.5,81.5,27.8,82.03999999999999,27.9,82.22,100.0
2026-08-29T00:35:07.122975+00:00,inside in water 2,2551D2CE-42AA-68FB-434E-C7BD2ABBF5E3,-39,27.4,81.32,28.0,82.4,27.4,81.32,27.5,81.5,27.8,82.03999999999999,27.9,82.22,100.0
2026-08-29T00:35:09.129387+00:00,inside in water 2,2551D2CE-42AA-68FB-434E-C7BD2ABBF5E3,-40,27.4,81.32,28.0,82.4,27.4,81.32,27.5,81.5,27.8,82.03999999999999,27.9,82.22,100.0
2026-08-29T00:35:11.138475+00:00,inside in water 2,2551D2CE-42AA-68FB-434E-C7BD2ABBF5E3,-40,27.4,81.32,28.0,82.4,27.4,81.32,27.5,81.5,27.8,82.03999999999999,27.9,82.22,100.0
2026-08-29T00:35:13.148479+00:00,inside in water 2,2551D2CE-42AA-68FB-434E-C7BD2ABBF5E3,-40,27.3,81.14,28.0,82.4,27.3,81.14,27.5,81.5,27.8,82.03999999999999,27.9,82.22,100.0
2026-08-29T00:35:15.167415+00:00,inside in water 2,2551D2CE-42AA-68FB-434E-C7BD2ABBF5E3,127,27.3,81.14,28.0,82.4,27.3,81.14,27.5,81.5,27.8,82.03999999999999,27.9,82.22,100.0
2026-08-29T00:35:17.188290+00:00,inside in water 2,2551D2CE-42AA-68FB-434E-C7BD2ABBF5E3,127,27.3,81.14,28.0,82.4,27.3,81.14,27.5,81.5,27.8,82.03999999999999,27.9,82.22,100.0
2026-08-29T00:35:19.197590+00:00,inside in water 2,2551D2CE-42AA-68FB-434E-C7BD2ABBF5E3,-40,27.3,81.14,28.0,82.4,27.3,81.14,27.5,81.5,27.8,82.03999999999999,27.9,82.22,100.0
2026-08-29T00:35:21.205733+00:00,inside in water 2,2551D2CE-42AA-68FB-434E-C7BD2ABBF5E3,-40,27.3,81.14,27.8,82.03999999999999,27.3,81.14,27.5,81.5,27.7,81.86,27.8,82.03999999999999,100.0
2026-08-29T00:35:23.219989+00:00,inside in water 2,2551D2CE-42AA-68FB-434E-C7BD2ABBF5E3,-39,27.3,81.14,27.9,82.22,27.3,81.14,27.5,81.5,27.7,81.86,27.8,82.03999999999999,100.0
2026-08-29T00:35:25.227895+00:00,inside in water 2,2551D2CE-42AA-68FB-434E-C7BD2ABBF5E3,-40,27.3,81.14,27.7,81.86,27.3,81.14,27.5,81.5,27.7,81.86,27.8,82.03999999999999,100.0
2026-08-29T00:35:27.240536+00:00,inside in water 2,2551D2CE-42AA-68FB-434E-C7BD2ABBF5E3,-40,27.3,81.14,27.7,81.86,27.3,81.14,27.5,81.5,27.7,81.86,27.8,82.03999999999999,100.0
2026-08-29T00:35:29.251927+00:00,inside in water 2,2551D2CE-42AA-68FB-434E-C7BD2ABBF5E3,-40,27.2,80.96000000000001,27.8,82.03999999999999,27.2,80.96000000000001,27.4,81.32,27.7,81.86,27.8,82.03999999999999,100.0
2026-08-29T00:35:31.262314+00:00,inside in water 2,2551D2CE-42AA-68FB-434E-C7BD2ABBF5E3,-40,27.2,80.96000000000001,27.9,82.22,27.2,80.96000000000001,27.4,81.32,27.7,81.86,27.8,82.03999999999999,100.0
2026-08-29T00:35:33.270611+00:00,inside in water 2,2551D2CE-42AA-68FB-434E-C7BD2ABBF5E3,-40,27.2,80.96000000000001,28.0,82.4,27.2,80.96000000000001,27.4,81.32,27.7,81.86,27.8,82.03999999999999,100.0
2026-08-29T00:35:35.279819+00:00,inside in water 2,2551D2CE-42AA-68FB-434E-C7BD2ABBF5E3,-40,27.2,80.96000000000001,28.0,82.4,27.2,80.96000000000001,27.4,81.32,27.7,81.86,27.8,82.03999999999999,100.0
2026-08-29T00:35:37.288415+00:00,inside in water 2,2551D2CE-42AA-68FB-434E-C7BD2ABBF5E3,-39,27.2,80.96000000000001,27.8,82.03999999999999,27.2,80.96000000000001,27.4,81.32,27.7,81.86,27.8,82.03999999999999,100.0
2026-08-29T00:35:39.297475+00:00,inside in water 2,2551D2CE-42AA-68FB-434E-C7BD2ABBF5E3,-40,27.2,80.96000000000001,27.8,82.03999999999999,27.2,80.96000000000001,27.4,81.32,27.7,81.86,27.8,82.03999999999999,100.0
2026-08-29T00:35:41.301693+00:00,inside in water 2,2551D2CE-42AA-68FB-434E-C7BD2ABBF5E3,-40,27.2,80.96000000000001,27.7,81.86,27.2,80.96000000000001,27.4,81.32,27.7,81.86,27.8,82.03999999999999,100.0
2026-08-29T00:35:43.311368+00:00,inside in water 2,2551D2CE-42AA-68FB-434E-C7BD2ABBF5E3,-40,27.2,80.96000000000001,27.7,81.86,27.2,80.96000000000001,27.4,81.32,27.7,81.86,27.8,82.03999999999999,100.0
2026-08-29T00:35:45.322505+00:00,inside in water 2,2551D2CE-42AA-68FB-434E-C7BD2ABBF5E3,-40,27.2,80.96000000000001,27.7,81.86,27.2,80.96000000000001,27.4,81.32,27.7,81.86,27.8,82.03999999999999,100.0
2026-08-29T00:35:47.331908+00:00,inside in water 2,2551D2CE-42AA-68FB-434E-C7BD2ABBF5E3,-40,27.2,80.96000000000001,27.7,81.86,27.2,80.96000000000001,27.4,81.32,27.7,81.86,27.8,82.03999999999999,100.0
2026-08-29T00:35:49.342581+00:00,inside in water 2,2551D2CE-42AA-68FB-434E-C7BD2ABBF5E3,-39,27.2,80.96000000000001,27.7,81.86,27.2,80.96000000000001,27.4,81.32,27.6,81.68,27.7,81.86,100.0
2026-08-29T00:35:51.349468+00:00,inside in water 2,2551D2CE-42AA-68FB-434E-C7BD2ABBF5E3,-38,27.2,80.96000000000001,27.7,81.86,27.2,80.96000000000001,27.3,81.14,27.6,81.68,27.7,81.86,100.0
2026-08-29T00:35:53.356480+00:00,inside in water 2,2551D2CE-42AA-68FB-434E-C7BD2ABBF5E3,-39,27.2,80.96000000000001,27.7,81.86,27.2,80.96000000000001,27.4,81.32,27.6,81.68,27.7,81.86,100.0
2026-08-29T00:35:55.369371+00:00,inside in water 2,2551D2CE-42AA-68FB-434E-C7BD2ABBF5E3,-39,27.2,80.96000000000001,27.7,81.86,27.2,80.96000000000001,27.4,81.32,27.6,81.68,27.7,81.86,100.0
2026-08-29T00:35:57.377936+00:00,inside in water 2,2551D2CE-42AA-68FB-434E-C7BD2ABBF5E3,-40,27.1,80.78,27.7,81.86,27.1,80.78,27.3,81.14,27.6,81.68,27.7,81.86,100.0
2026-08-29T00:35:59.385521+00:00,inside in water 2,2551D2CE-42AA-68FB-434E-C7BD2ABBF5E3,-40,27.1,80.78,27.7,81.86,27.1,80.78,27.3,81.14,27.6,81.68,27.7,81.86,100.0
2026-08-29T00:36:01.393993+00:00,inside in water 2,2551D2CE-42AA-68FB-434E-C7BD2ABBF5E3,-40,27.1,80.78,27.7,81.86,27.1,80.78,27.3,81.14,27.6,81.68,27.7,81.86,100.0
2026-08-29T00:36:03.406010+00:00,inside in water 2,2551D2CE-42AA-68FB-434E-C7BD2ABBF5E3,-40,27.1,80.78,27.6,81.68,27.1,80.78,27.3,81.14,27.6,81.68,27.7,81.86,100.0
2026-08-29T00:36:05.415528+00:00,inside in water 2,2551D2CE-42AA-68FB-434E-C7BD2ABBF5E3,-39,27.1,80.78,27.7,81.86,27.1,80.78,27.3,81.14,27.5,81.5,27.7,81.86,100.0
2026-08-29T00:36:07.424078+00:00,inside in water 2,2551D2CE-42AA-68FB-434E-C7BD2ABBF5E3,-40,27.1,80.78,27.8,82.03999999999999,27.1,80.78,27.3,81.14,27.5,81.5,27.7,81.86,100.0
2026-08-29T00:36:09.432924+00:00,inside in water 2,2551D2CE-42AA-68FB-434E-C7BD2ABBF5E3,-39,27.1,80.78,27.4,81.32,27.1,80.78,27.3,81.14,27.5,81.5,27.6,81.68,100.0
2026-08-29T00:36:11.440184+00:00,inside in water 2,2551D2CE-42AA-68FB-434E-C7BD2ABBF5E3,-39,27.1,80.78,27.7,81.86,27.1,80.78,27.2,80.96000000000001,27.5,81.5,27.6,81.68,100.0
2026-08-29T00:36:13.449422+00:00,inside in water 2,2551D2CE-42AA-68FB-434E-C7BD2ABBF5E3,-39,27.1,80.78,27.7,81.86,27.1,80.78,27.2,80.96000000000001,27.5,81.5,27.6,81.68,100.0
2026-08-29T00:36:15.455822+00:00,inside in water 2,2551D2CE-42AA-68FB-434E-C7BD2ABBF5E3,-39,27.1,80.78,27.7,81.86,27.1,80.78,27.2,80.96000000000001,27.5,81.5,27.6,81.68,100.0
2026-08-29T00:36:17.464198+00:00,inside in water 2,2551D2CE-42AA-68FB-434E-C7BD2ABBF5E3,-40,27.1,80.78,27.7,81.86,27.1,80.78,27.2,80.96000000000001,27.5,81.5,27.6,81.68,100.0
2026-08-29T00:36:19.480684+00:00,inside in water 2,2551D2CE-42AA-68FB-434E-C7BD2ABBF5E3,-40,27.1,80.78,27.6,81.68,27.1,80.78,27.2,80.96000000000001,27.5,81.5,27.6,81.68,100.0
2026-08-29T00:36:21.491305+00:00,inside in water 2,2551D2CE-42AA-68FB-434E-C7BD2ABBF5E3,-40,27.1,80.78,27.6,81.68,27.1,80.78,27.2,80.96000000000001,27.5,81.5,27.6,81.68,100.0
2026-08-29T00:36:23.501178+00:00,inside in water 2,2551D2CE-42AA-68FB-434E-C7BD2ABBF5E3,-40,27.1,80.78,27.6,81.68,27.1,80.78,27.2,80.96000000000001,27.5,81.5,27.6,81.68,100.0
2026-08-29T00:36:25.516615+00:00,inside in water 2,2551D2CE-42AA-68FB-434E-C7BD2ABBF5E3,-38,27.0,80.6,27.6,81.68,27.0,80.6,27.2,80.96000000000001,27.4,81.32,27.5,81.5,100.0
2026-08-29T00:36:27.528551+00:00,inside in water 2,2551D2CE-42AA-68FB-434E-C7BD2ABBF5E3,-40,27.0,80.6,27.7,81.86,27.0,80.6,27.2,80.96000000000001,27.4,81.32,27.6,81.68,100.0
2026-08-29T00:36:29.540485+00:00,inside in water 2,2551D2CE-42AA-68FB-434E-C7BD2ABBF5E3,-40,27.0,80.6,27.5,81.5,27.0,80.6,27.2,80.96000000000001,27.4,81.32,27.5,81.5,100.0
2026-08-29T00:36:31.547350+00:00,inside in water 2,2551D2CE-42AA-68FB-434E-C7BD2ABBF5E3,-40,27.0,80.6,27.5,81.5,27.0,80.6,27.2,80.96000000000001,27.4,81.32,27.5,81.5,100.0
2026-08-29T00:36:33.565150+00:00,inside in water 2,2551D2CE-42AA-68FB-434E-C7BD2ABBF5E3,-40,27.0,80.6,27.5,81.5,27.0,80.6,27.2,80.96000000000001,27.4,81.32,27.5,81.5,100.0
2026-08-29T00:36:35.571833+00:00,inside in water 2,2551D2CE-42AA-68FB-434E-C7BD2ABBF5E3,-39,27.0,80.6,27.5,81.5,27.0,80.6,27.2,80.96000000000001,27.4,81.32,27.5,81.5,100.0
2026-08-29T00:36:37.578892+00:00,inside in water 2,2551D2CE-42AA-68FB-434E-C7BD2ABBF5E3,-39,27.0,80.6,27.5,81.5,27.0,80.6,27.2,80.96000000000001,27.4,81.32,27.5,81.5,100.0
2026-08-29T00:36:39.593161+00:00,inside in water 2,2551D2CE-42AA-68FB-434E-C7BD2ABBF5E3,-39,27.0,80.6,27.5,81.5,27.0,80.6,27.2,80.96000000000001,27.4,81.32,27.5,81.5,100.0
2026-08-29T00:36:41.605273+00:00,inside in water 2,2551D2CE-42AA-68FB-434E-C7BD2ABBF5E3,-40,27.0,80.6,27.5,81.5,27.0,80.6,27.1,80.78,27.4,81.32,27.5,81.5,100.0
2026-08-29T00:36:43.615420+00:00,inside in water 2,2551D2CE-42AA-68FB-434E-C7BD2ABBF5E3,-39,27.0,80.6,27.6,81.68,27.0,80.6,27.1,80.78,27.4,81.32,27.5,81.5,100.0
2026-08-29T00:36:45.698624+00:00,inside in water 2,2551D2CE-42AA-68FB-434E-C7BD2ABBF5E3,-40,27.0,80.6,27.5,81.5,27.0,80.6,27.1,80.78,27.4,81.32,27.5,81.5,100.0
2026-08-29T00:36:47.708367+00:00,inside in water 2,2551D2CE-42AA-68FB-434E-C7BD2ABBF5E3,-40,27.0,80.6,27.6,81.68,27.0,80.6,27.1,80.78,27.4,81.32,27.5,81.5,100.0
2026-08-29T00:36:49.718414+00:00,inside in water 2,2551D2CE-42AA-68FB-434E-C7BD2ABBF5E3,-39,27.0,80.6,27.5,81.5,27.0,80.6,27.1,80.78,27.4,81.32,27.5,81.5,100.0
2026-08-29T00:36:51.738793+00:00,inside in water 2,2551D2CE-42AA-68FB-434E-C7BD2ABBF5E3,-39,27.0,80.6,27.5,81.5,27.0,80.6,27.1,80.78,27.4,81.32,27.5,81.5,100.0
2026-08-29T00:36:53.757409+00:00,inside in water 2,2551D2CE-42AA-68FB-434E-C7BD2ABBF5E3,-39,26.9,80.42,27.5,81.5,26.9,80.42,27.1,80.78,27.4,81.32,27.5,81.5,100.0
2026-08-29T00:36:55.769644+00:00,inside in water 2,2551D2CE-42AA-68FB-434E-C7BD2ABBF5E3,-40,27.0,80.6,27.6,81.68,27.0,80.6,27.1,80.78,27.4,81.32,27.5,81.5,100.0
2026-08-29T00:36:57.780030+00:00,inside in water 2,2551D2CE-42AA-68FB-434E-C7BD2ABBF5E3,-40,27.0,80.6,27.6,81.68,27.0,80.6,27.1,80.78,27.4,81.32,27.5,81.5,100.0
2026-08-29T00:36:59.787122+00:00,inside in water 2,2551D2CE-42AA-68FB-434E-C7BD2ABBF5E3,-40,26.9,80.42,27.5,81.5,26.9,80.42,27.1,80.78,27.3,81.14,27.4,81.32,100.0
2026-08-29T00:37:01.799084+00:00,inside in water 2,2551D2CE-42AA-68FB-434E-C7BD2ABBF5E3,-39,26.9,80.42,27.4,81.32,26.9,80.42,27.1,80.78,27.3,81.14,27.4,81.32,100.0
2026-08-29T00:37:03.808350+00:00,inside in water 2,2551D2CE-42AA-68FB-434E-C7BD2ABBF5E3,-40,26.9,80.42,27.4,81.32,26.9,80.42,27.1,80.78,27.3,81.14,27.4,81.32,100.0
2026-08-29T00:37:05.818768+00:00,inside in water 2,2551D2CE-42AA-68FB-434E-C7BD2ABBF5E3,-38,26.9,80.42,27.4,81.32,26.9,80.42,27.1,80.78,27.3,81.14,27.4,81.32,100.0
2026-08-29T00:37:07.830688+00:00,inside in water 2,2551D2CE-42AA-68FB-434E-C7BD2ABBF5E3,-40,26.9,80.42,27.3,81.14,26.9,80.42,27.1,80.78,27.3,81.14,27.4,81.32,100.0
2026-08-29T00:37:09.839175+00:00,inside in water 2,2551D2CE-42AA-68FB-434E-C7BD2ABBF5E3,-39,26.9,80.42,27.3,81.14,26.9,80.42,27.1,80.78,27.3,81.14,27.4,81.32,100.0
2026-08-29T00:37:11.846031+00:00,inside in water 2,2551D2CE-42AA-68FB-434E-C7BD2ABBF5E3,-39,26.9,80.42,27.3,81.14,26.9,80.42,27.1,80.78,27.3,81.14,27.4,81.32,100.0
2026-08-29T00:37:13.853502+00:00,inside in water 2,2551D2CE-42AA-68FB-434E-C7BD2ABBF5E3,-39,26.9,80.42,27.3,81.14,26.9,80.42,27.1,80.78,27.3,81.14,27.4,81.32,100.0
2026-08-29T00:37:15.864944+00:00,inside in water 2,2551D2CE-42AA-68FB-434E-C7BD2ABBF5E3,-40,26.9,80.42,27.3,81.14,26.9,80.42,27.1,80.78,27.3,81.14,27.4,81.32,100.0
2026-08-29T00:37:17.871893+00:00,inside in water 2,2551D2CE-42AA-68FB-434E-C7BD2ABBF5E3,-40,26.9,80.42,27.3,81.14,26.9,80.42,27.1,80.78,27.3,81.14,27.4,81.32,100.0
2026-08-29T00:37:19.884001+00:00,inside in water 2,2551D2CE-42AA-68FB-434E-C7BD2ABBF5E3,-39,26.9,80.42,27.3,81.14,26.9,80.42,27.1,80.78,27.3,81.14,27.4,81.32,100.0
2026-08-29T00:37:21.891367+00:00,inside in water 2,2551D2CE-42AA-68FB-434E-C7BD2ABBF5E3,-39,26.9,80.42,27.6,81.68,26.9,80.42,27.0,80.6,27.3,81.14,27.4,81.32,100.0
2026-08-29T00:37:23.906482+00:00,inside in water 2,2551D2CE-42AA-68FB-434E-C7BD2ABBF5E3,-39,26.9,80.42,27.6,81.68,26.9,80.42,27.0,80.6,27.3,81.14,27.4,81.32,100.0
2026-08-29T00:37:25.913617+00:00,inside in water 2,2551D2CE-42AA-68FB-434E-C7BD2ABBF5E3,-39,26.9,80.42,27.6,81.68,26.9,80.42,27.0,80.6,27.3,81.14,27.4,81.32,100.0
2026-08-29T00:37:27.929240+00:00,inside in water 2,2551D2CE-42AA-68FB-434E-C7BD2ABBF5E3,-39,26.9,80.42,27.6,81.68,26.9,80.42,27.0,80.6,27.3,81.14,27.4,81.32,100.0
2026-08-29T00:37:29.957062+00:00,inside in water 2,2551D2CE-42AA-68FB-434E-C7BD2ABBF5E3,-39,26.9,80.42,27.6,81.68,26.9,80.42,27.0,80.6,27.3,81.14,27.4,81.32,100.0
2026-08-29T00:37:31.968537+00:00,inside in water 2,2551D2CE-42AA-68FB-434E-C7BD2ABBF5E3,-40,26.9,80.42,27.6,81.68,26.9,80.42,27.0,80.6,27.3,81.14,27.4,81.32,100.0
2026-08-29T00:37:33.975722+00:00,inside in water 2,2551D2CE-42AA-68FB-434E-C7BD2ABBF5E3,-40,26.9,80.42,27.4,81.32,26.9,80.42,27.0,80.6,27.2,80.96000000000001,27.3,81.14,100.0
2026-08-29T00:37:35.985161+00:00,inside in water 2,2551D2CE-42AA-68FB-434E-C7BD2ABBF5E3,-37,26.9,80.42,27.3,81.14,26.9,80.42,27.0,80.6,27.2,80.96000000000001,27.3,81.14,100.0
2026-08-29T00:37:38.000024+00:00,inside in water 2,2551D2CE-42AA-68FB-434E-C7BD2ABBF5E3,-37,26.9,80.42,27.3,81.14,26.9,80.42,27.0,80.6,27.2,80.96000000000001,27.3,81.14,100.0
2026-08-29T00:37:40.014990+00:00,inside in water 2,2551D2CE-42AA-68FB-434E-C7BD2ABBF5E3,-40,26.9,80.42,27.3,81.14,26.9,80.42,27.0,80.6,27.2,80.96000000000001,27.3,81.14,100.0
2026-08-29T00:37:42.025163+00:00,inside in water 2,2551D2CE-42AA-68FB-434E-C7BD2ABBF5E3,-40,26.8,80.24000000000001,27.4,81.32,26.8,80.24000000000001,27.0,80.6,27.2,80.96000000000001,27.3,81.14,100.0
2026-08-29T00:37:44.038926+00:00,inside in water 2,2551D2CE-42AA-68FB-434E-C7BD2ABBF5E3,-40,26.9,80.42,27.3,81.14,26.9,80.42,27.0,80.6,27.2,80.96000000000001,27.3,81.14,100.0
2026-08-29T00:37:46.049060+00:00,inside in water 2,2551D2CE-42AA-68FB-434E-C7BD2ABBF5E3,-40,26.9,80.42,27.3,81.14,26.9,80.42,27.0,80.6,27.2,80.96000000000001,27.3,81.14,100.0
2026-08-29T00:37:48.057603+00:00,inside in water 2,2551D2CE-42AA-68FB-434E-C7BD2ABBF5E3,-40,26.9,80.42,27.3,81.14,26.9,80.42,27.0,80.6,27.2,80.96000000000001,27.3,81.14,100.0
2026-08-29T00:37:50.068072+00:00,inside in water 2,2551D2CE-42AA-68FB-434E-C7BD2ABBF5E3,-40,26.9,80.42,27.3,81.14,26.9,80.42,27.0,80.6,27.2,80.96000000000001,27.3,81.14,100.0
2026-08-29T00:37:52.079242+00:00,inside in water 2,2551D2CE-42AA-68FB-434E-C7BD2ABBF5E3,-40,26.9,80.42,27.3,81.14,26.9,80.42,27.0,80.6,27.2,80.96000000000001,27.3,81.14,100.0
2026-08-29T00:37:54.088546+00:00,inside in water 2,2551D2CE-42AA-68FB-434E-C7BD2ABBF5E3,-40,26.9,80.42,27.3,81.14,26.9,80.42,27.0,80.6,27.2,80.96000000000001,27.3,81.14,100.0
2026-08-29T00:37:56.095464+00:00,inside in water 2,2551D2CE-42AA-68FB-434E-C7BD2ABBF5E3,-39,26.9,80.42,27.3,81.14,26.9,80.42,27.0,80.6,27.2,80.96000000000001,27.3,81.14,100.0
2026-08-29T00:37:58.109764+00:00,inside in water 2,2551D2CE-42AA-68FB-434E-C7BD2ABBF5E3,-39,26.9,80.42,27.3,81.14,26.9,80.42,27.0,80.6,27.2,80.96000000000001,27.3,81.14,100.0
2026-08-29T00:38:00.123896+00:00,inside in water 2,2551D2CE-42AA-68FB-434E-C7BD2ABBF5E3,-40,26.8,80.24000000000001,27.4,81.32,26.8,80.24000000000001,26.9,80.42,27.2,80.96000000000001,27.3,81.14,100.0
2026-08-29T00:38:02.142583+00:00,inside in water 2,2551D2CE-42AA-68FB-434E-C7BD2ABBF5E3,-40,26.8,80.24000000000001,27.3,81.14,26.8,80.24000000000001,26.9,80.42,27.2,80.96000000000001,27.2,80.96000000000001,100.0
2026-08-29T00:38:04.152050+00:00,inside in water 2,2551D2CE-42AA-68FB-434E-C7BD2ABBF5E3,-40,26.8,80.24000000000001,27.3,81.14,26.8,80.24000000000001,26.9,80.42,27.2,80.96000000000001,27.2,80.96000000000001,100.0
2026-08-29T00:38:06.168506+00:00,inside in water 2,2551D2CE-42AA-68FB-434E-C7BD2ABBF5E3,-38,26.8,80.24000000000001,27.4,81.32,26.8,80.24000000000001,26.9,80.42,27.2,80.96000000000001,27.2,80.96000000000001,100.0
2026-08-29T00:38:08.179469+00:00,inside in water 2,2551D2CE-42AA-68FB-434E-C7BD2ABBF5E3,-38,26.8,80.24000000000001,27.4,81.32,26.8,80.24000000000001,26.9,80.42,27.2,80.96000000000001,27.2,80.96000000000001,100.0
2026-08-29T00:38:10.189354+00:00,inside in water 2,2551D2CE-42AA-68FB-434E-C7BD2ABBF5E3,-39,26.8,80.24000000000001,27.3,81.14,26.8,80.24000000000001,26.9,80.42,27.1,80.78,27.2,80.96000000000001,100.0
2026-08-29T00:38:12.203013+00:00,inside in water 2,2551D2CE-42AA-68FB-434E-C7BD2ABBF5E3,-39,26.8,80.24000000000001,27.3,81.14,26.8,80.24000000000001,26.9,80.42,27.1,80.78,27.2,80.96000000000001,100.0
2026-08-29T00:38:14.209258+00:00,inside in water 2,2551D2CE-42AA-68FB-434E-C7BD2ABBF5E3,-39,26.8,80.24000000000001,27.3,81.14,26.8,80.24000000000001,26.9,80.42,27.1,80.78,27.2,80.96000000000001,100.0
2026-08-29T00:38:16.219395+00:00,inside in water 2,2551D2CE-42AA-68FB-434E-C7BD2ABBF5E3,-39,26.8,80.24000000000001,27.3,81.14,26.8,80.24000000000001,26.9,80.42,27.1,80.78,27.2,80.96000000000001,100.0
2026-08-29T00:38:18.231685+00:00,inside in water 2,2551D2CE-42AA-68FB-434E-C7BD2ABBF5E3,-39,26.8,80.24000000000001,27.3,81.14,26.8,80.24000000000001,26.9,80.42,27.1,80.78,27.2,80.96000000000001,100.0
2026-08-29T00:38:20.246551+00:00,inside in water 2,2551D2CE-42AA-68FB-434E-C7BD2ABBF5E3,-40,26.8,80.24000000000001,27.3,81.14,26.8,80.24000000000001,26.9,80.42,27.1,80.78,27.2,80.96000000000001,100.0
2026-08-29T00:38:22.256442+00:00,inside in water 2,2551D2CE-42AA-68FB-434E-C7BD2ABBF5E3,-37,26.8,80.24000000000001,27.3,81.14,26.8,80.24000000000001,26.9,80.42,27.1,80.78,27.2,80.96000000000001,100.0
2026-08-29T00:38:24.266627+00:00,inside in water 2,2551D2CE-42AA-68FB-434E-C7BD2ABBF5E3,-37,26.8,80.24000000000001,27.3,81.14,26.8,80.24000000000001,26.9,80.42,27.1,80.78,27.2,80.96000000000001,100.0
2026-08-29T00:38:26.275194+00:00,inside in water 2,2551D2CE-42AA-68FB-434E-C7BD2ABBF5E3,-40,26.8,80.24000000000001,27.3,81.14,26.8,80.24000000000001,26.9,80.42,27.1,80.78,27.2,80.96000000000001,100.0
2026-08-29T00:38:28.285736+00:00,inside in water 2,2551D2CE-42AA-68FB-434E-C7BD2ABBF5E3,-40,26.8,80.24000000000001,27.3,81.14,26.8,80.24000000000001,26.9,80.42,27.1,80.78,27.2,80.96000000000001,100.0
2026-08-29T00:38:30.296636+00:00,inside in water 2,2551D2CE-42AA-68FB-434E-C7BD2ABBF5E3,-40,26.8,80.24000000000001,27.3,81.14,26.8,80.24000000000001,26.9,80.42,27.1,80.78,27.2,80.96000000000001,100.0
2026-08-29T00:38:32.307084+00:00,inside in water 2,2551D2CE-42AA-68FB-434E-C7BD2ABBF5E3,-40,26.8,80.24000000000001,27.3,81.14,26.8,80.24000000000001,26.9,80.42,27.1,80.78,27.2,80.96000000000001,100.0
2026-08-29T00:38:34.321008+00:00,inside in water 2,2551D2CE-42AA-68FB-434E-C7BD2ABBF5E3,-40,26.8,80.24000000000001,27.3,81.14,26.8,80.24000000000001,26.9,80.42,27.1,80.78,27.2,80.96000000000001,100.0
2026-08-29T00:38:36.334655+00:00,inside in water 2,2551D2CE-42AA-68FB-434E-C7BD2ABBF5E3,-40,26.7,80.06,27.3,81.14,26.7,80.06,26.8,80.24000000000001,27.1,80.78,27.1,80.78,100.0
2026-08-29T00:38:38.343706+00:00,inside in water 2,2551D2CE-42AA-68FB-434E-C7BD2ABBF5E3,-40,26.7,80.06,27.3,81.14,26.7,80.06,26.8,80.24000000000001,27.1,80.78,27.1,80.78,100.0
2026-08-29T00:38:40.352758+00:00,inside in water 2,2551D2CE-42AA-68FB-434E-C7BD2ABBF5E3,-39,26.7,80.06,27.2,80.96000000000001,26.7,80.06,26.9,80.42,27.1,80.78,27.1,80.78,100.0
2026-08-29T00:38:42.360110+00:00,inside in water 2,2551D2CE-42AA-68FB-434E-C7BD2ABBF5E3,-39,26.7,80.06,27.3,81.14,26.7,80.06,26.8,80.24000000000001,27.0,80.6,27.1,80.78,100.0
2026-08-29T00:38:44.368536+00:00,inside in water 2,2551D2CE-42AA-68FB-434E-C7BD2ABBF5E3,-40,26.7,80.06,27.3,81.14,26.7,80.06,26.8,80.24000000000001,27.0,80.6,27.1,80.78,100.0
2026-08-29T00:38:46.376741+00:00,inside in water 2,2551D2CE-42AA-68FB-434E-C7BD2ABBF5E3,-39,26.7,80.06,27.3,81.14,26.7,80.06,26.8,80.24000000000001,27.0,80.6,27.1,80.78,100.0
2026-08-29T00:38:48.390969+00:00,inside in water 2,2551D2CE-42AA-68FB-434E-C7BD2ABBF5E3,-40,26.7,80.06,27.3,81.14,26.7,80.06,26.8,80.24000000000001,27.0,80.6,27.1,80.78,100.0
2026-08-29T00:38:50.402384+00:00,inside in water 2,2551D2CE-42AA-68FB-434E-C7BD2ABBF5E3,-39,26.7,80.06,27.1,80.78,26.7,80.06,26.8,80.24000000000001,27.0,80.6,27.1,80.78,100.0
2026-08-29T00:38:52.409858+00:00,inside in water 2,2551D2CE-42AA-68FB-434E-C7BD2ABBF5E3,-39,26.7,80.06,27.1,80.78,26.7,80.06,26.8,80.24000000000001,27.0,80.6,27.1,80.78,100.0
2026-08-29T00:38:54.418847+00:00,inside in water 2,2551D2CE-42AA-68FB-434E-C7BD2ABBF5E3,-39,26.7,80.06,27.3,81.14,26.7,80.06,26.8,80.24000000000001,27.0,80.6,27.1,80.78,100.0
2026-08-29T00:38:56.436413+00:00,inside in water 2,2551D2CE-42AA-68FB-434E-C7BD2ABBF5E3,-40,26.7,80.06,27.3,81.14,26.7,80.06,26.8,80.24000000000001,27.0,80.6,27.1,80.78,100.0
2026-08-29T00:38:58.444112+00:00,inside in water 2,2551D2CE-42AA-68FB-434E-C7BD2ABBF5E3,-39,26.7,80.06,27.1,80.78,26.7,80.06,26.8,80.24000000000001,27.0,80.6,27.1,80.78,100.0
2026-08-29T00:39:00.465433+00:00,inside in water 2,2551D2CE-42AA-68FB-434E-C7BD2ABBF5E3,-39,26.7,80.06,27.1,80.78,26.7,80.06,26.8,80.24000000000001,27.0,80.6,27.1,80.78,100.0
2026-08-29T00:39:02.473526+00:00,inside in water 2,2551D2CE-42AA-68FB-434E-C7BD2ABBF5E3,-40,26.7,80.06,27.1,80.78,26.7,80.06,26.8,80.24000000000001,27.0,80.6,27.1,80.78,100.0
2026-08-29T00:39:04.480419+00:00,inside in water 2,2551D2CE-42AA-68FB-434E-C7BD2ABBF5E3,-39,26.7,80.06,27.1,80.78,26.7,80.06,26.8,80.24000000000001,27.0,80.6,27.1,80.78,100.0
2026-08-29T00:39:06.490119+00:00,inside in water 2,2551D2CE-42AA-68FB-434E-C7BD2ABBF5E3,-39,26.7,80.06,27.1,80.78,26.7,80.06,26.8,80.24000000000001,27.0,80.6,27.1,80.78,100.0
2026-08-29T00:39:08.497138+00:00,inside in water 2,2551D2CE-42AA-68FB-434E-C7BD2ABBF5E3,-39,26.7,80.06,27.1,80.78,26.7,80.06,26.8,80.24000000000001,27.0,80.6,27.1,80.78,100.0
2026-08-29T00:39:10.505643+00:00,inside in water 2,2551D2CE-42AA-68FB-434E-C7BD2ABBF5E3,-40,26.7,80.06,27.1,80.78,26.7,80.06,26.8,80.24000000000001,27.0,80.6,27.1,80.78,100.0
2026-08-29T00:39:12.522922+00:00,inside in water 2,2551D2CE-42AA-68FB-434E-C7BD2ABBF5E3,-39,26.7,80.06,27.1,80.78,26.7,80.06,26.8,80.24000000000001,27.0,80.6,27.1,80.78,100.0
2026-08-29T00:39:14.533570+00:00,inside in water 2,2551D2CE-42AA-68FB-434E-C7BD2ABBF5E3,-40,26.7,80.06,27.0,80.6,26.7,80.06,26.8,80.24000000000001,27.0,80.6,27.1,80.78,100.0
2026-08-29T00:39:16.541495+00:00,inside in water 2,2551D2CE-42AA-68FB-434E-C7BD2ABBF5E3,-40,26.7,80.06,27.2,80.96000000000001,26.7,80.06,26.8,80.24000000000001,27.0,80.6,27.0,80.6,100.0
2026-08-29T00:39:18.552133+00:00,inside in water 2,2551D2CE-42AA-68FB-434E-C7BD2ABBF5E3,-40,26.7,80.06,27.2,80.96000000000001,26.7,80.06,26.8,80.24000000000001,27.0,80.6,27.0,80.6,100.0
2026-08-29T00:39:20.563984+00:00,inside in water 2,2551D2CE-42AA-68FB-434E-C7BD2ABBF5E3,-40,26.7,80.06,27.2,80.96000000000001,26.7,80.06,26.8,80.24000000000001,27.0,80.6,27.0,80.6,100.0
2026-08-29T00:39:22.571719+00:00,inside in water 2,2551D2CE-42AA-68FB-434E-C7BD2ABBF5E3,-40,26.7,80.06,27.2,80.96000000000001,26.7,80.06,26.8,80.24000000000001,27.0,80.6,27.0,80.6,100.0
2026-08-29T00:39:24.582209+00:00,inside in water 2,2551D2CE-42AA-68FB-434E-C7BD2ABBF5E3,-40,26.6,79.88,27.2,80.96000000000001,26.6,79.88,26.8,80.24000000000001,26.9,80.42,27.0,80.6,100.0
2026-08-29T00:39:26.592939+00:00,inside in water 2,2551D2CE-42AA-68FB-434E-C7BD2ABBF5E3,-40,26.6,79.88,27.2,80.96000000000001,26.6,79.88,26.8,80.24000000000001,26.9,80.42,27.0,80.6,100.0
2026-08-29T00:39:28.602658+00:00,inside in water 2,2551D2CE-42AA-68FB-434E-C7BD2ABBF5E3,-39,26.6,79.88,27.1,80.78,26.6,79.88,26.7,80.06,26.9,80.42,27.0,80.6,100.0
2026-08-29T00:39:30.621847+00:00,inside in water 2,2551D2CE-42AA-68FB-434E-C7BD2ABBF5E3,-40,26.6,79.88,27.1,80.78,26.6,79.88,26.7,80.06,26.9,80.42,27.0,80.6,100.0
2026-08-29T00:39:32.632717+00:00,inside in water 2,2551D2CE-42AA-68FB-434E-C7BD2ABBF5E3,-40,26.6,79.88,27.2,80.96000000000001,26.6,79.88,26.7,80.06,26.9,80.42,27.0,80.6,100.0
2026-08-29T00:39:34.640852+00:00,inside in water 2,2551D2CE-42AA-68FB-434E-C7BD2ABBF5E3,-40,26.6,79.88,27.2,80.96000000000001,26.6,79.88,26.7,80.06,26.9,80.42,27.0,80.6,100.0
2026-08-29T00:39:36.654048+00:00,inside in water 2,2551D2CE-42AA-68FB-434E-C7BD2ABBF5E3,-40,26.6,79.88,27.0,80.6,26.6,79.88,26.7,80.06,26.9,80.42,27.0,80.6,100.0
2026-08-29T00:39:38.667359+00:00,inside in water 2,2551D2CE-42AA-68FB-434E-C7BD2ABBF5E3,-40,26.6,79.88,27.0,80.6,26.6,79.88,26.7,80.06,26.9,80.42,27.0,80.6,100.0
2026-08-29T00:39:40.680228+00:00,inside in water 2,2551D2CE-42AA-68FB-434E-C7BD2ABBF5E3,-40,26.6,79.88,27.0,80.6,26.6,79.88,26.7,80.06,26.9,80.42,27.0,80.6,100.0
2026-08-29T00:39:42.690595+00:00,inside in water 2,2551D2CE-42AA-68FB-434E-C7BD2ABBF5E3,-40,26.6,79.88,27.0,80.6,26.6,79.88,26.7,80.06,26.9,80.42,27.0,80.6,100.0
2026-08-29T00:39:44.707067+00:00,inside in water 2,2551D2CE-42AA-68FB-434E-C7BD2ABBF5E3,-38,26.6,79.88,27.1,80.78,26.6,79.88,26.7,80.06,26.9,80.42,27.0,80.6,100.0
2026-08-29T00:39:46.726975+00:00,inside in water 2,2551D2CE-42AA-68FB-434E-C7BD2ABBF5E3,-40,26.6,79.88,27.1,80.78,26.6,79.88,26.7,80.06,26.9,80.42,27.0,80.6,100.0
2026-08-29T00:39:48.734544+00:00,inside in water 2,2551D2CE-42AA-68FB-434E-C7BD2ABBF5E3,-40,26.6,79.88,27.1,80.78,26.6,79.88,26.7,80.06,26.9,80.42,27.0,80.6,100.0
2026-08-29T00:39:50.743484+00:00,inside in water 2,2551D2CE-42AA-68FB-434E-C7BD2ABBF5E3,-40,26.6,79.88,27.1,80.78,26.6,79.88,26.7,80.06,26.9,80.42,27.0,80.6,100.0
2026-08-29T00:39:52.750024+00:00,inside in water 2,2551D2CE-42AA-68FB-434E-C7BD2ABBF5E3,-37,26.6,79.88,27.1,80.78,26.6,79.88,26.7,80.06,26.9,80.42,27.0,80.6,100.0
2026-08-29T00:39:54.757635+00:00,inside in water 2,2551D2CE-42AA-68FB-434E-C7BD2ABBF5E3,-37,26.6,79.88,27.1,80.78,26.6,79.88,26.7,80.06,26.9,80.42,27.0,80.6,100.0
2026-08-29T00:39:56.783231+00:00,inside in water 2,2551D2CE-42AA-68FB-434E-C7BD2ABBF5E3,-40,26.6,79.88,27.1,80.78,26.6,79.88,26.7,80.06,26.9,80.42,27.0,80.6,100.0
2026-08-29T00:39:58.785689+00:00,inside in water 2,2551D2CE-42AA-68FB-434E-C7BD2ABBF5E3,-40,26.6,79.88,27.1,80.78,26.6,79.88,26.7,80.06,26.9,80.42,27.0,80.6,100.0
2026-08-29T00:40:00.802971+00:00,inside in water 2,2551D2CE-42AA-68FB-434E-C7BD2ABBF5E3,-39,26.6,79.88,27.1,80.78,26.6,79.88,26.7,80.06,26.9,80.42,26.9,80.42,100.0
2026-08-29T00:40:02.808631+00:00,inside in water 2,2551D2CE-42AA-68FB-434E-C7BD2ABBF5E3,-39,26.6,79.88,27.1,80.78,26.6,79.88,26.7,80.06,26.9,80.42,26.9,80.42,100.0
2026-08-29T00:40:04.831676+00:00,inside in water 2,2551D2CE-42AA-68FB-434E-C7BD2ABBF5E3,-40,26.6,79.88,27.1,80.78,26.6,79.88,26.7,80.06,26.9,80.42,26.9,80.42,100.0
2026-08-29T00:40:06.840696+00:00,inside in water 2,2551D2CE-42AA-68FB-434E-C7BD2ABBF5E3,-39,26.6,79.88,27.2,80.96000000000001,26.6,79.88,26.7,80.06,26.9,80.42,26.9,80.42,100.0
2026-08-29T00:40:08.857522+00:00,inside in water 2,2551D2CE-42AA-68FB-434E-C7BD2ABBF5E3,-40,26.5,79.7,26.9,80.42,26.5,79.7,26.7,80.06,26.9,80.42,26.9,80.42,100.0
2026-08-29T00:40:10.867944+00:00,inside in water 2,2551D2CE-42AA-68FB-434E-C7BD2ABBF5E3,-40,26.5,79.7,26.9,80.42,26.5,79.7,26.7,80.06,26.9,80.42,26.9,80.42,100.0
2026-08-29T00:40:12.874320+00:00,inside in water 2,2551D2CE-42AA-68FB-434E-C7BD2ABBF5E3,-40,26.5,79.7,26.9,80.42,26.5,79.7,26.7,80.06,26.9,80.42,26.9,80.42,100.0
2026-08-29T00:40:14.883597+00:00,inside in water 2,2551D2CE-42AA-68FB-434E-C7BD2ABBF5E3,-40,26.5,79.7,27.0,80.6,26.5,79.7,26.7,80.06,26.8,80.24000000000001,26.9,80.42,100.0
2026-08-29T00:40:16.887546+00:00,inside in water 2,2551D2CE-42AA-68FB-434E-C7BD2ABBF5E3,-40,26.5,79.7,26.9,80.42,26.5,79.7,26.7,80.06,26.8,80.24000000000001,26.9,80.42,100.0
2026-08-29T00:40:18.898887+00:00,inside in water 2,2551D2CE-42AA-68FB-434E-C7BD2ABBF5E3,-40,26.5,79.7,26.9,80.42,26.5,79.7,26.7,80.06,26.8,80.24000000000001,26.9,80.42,100.0
2026-08-29T00:40:20.902092+00:00,inside in water 2,2551D2CE-42AA-68FB-434E-C7BD2ABBF5E3,-40,26.5,79.7,26.9,80.42,26.5,79.7,26.7,80.06,26.8,80.24000000000001,26.9,80.42,100.0
2026-08-29T00:40:22.911195+00:00,inside in water 2,2551D2CE-42AA-68FB-434E-C7BD2ABBF5E3,-40,26.5,79.7,27.0,80.6,26.5,79.7,26.7,80.06,26.8,80.24000000000001,26.9,80.42,100.0
2026-08-29T00:40:24.915933+00:00,inside in water 2,2551D2CE-42AA-68FB-434E-C7BD2ABBF5E3,-40,26.5,79.7,27.0,80.6,26.5,79.7,26.7,80.06,26.8,80.24000000000001,26.9,80.42,100.0
2026-08-29T00:40:26.921404+00:00,inside in water 2,2551D2CE-42AA-68FB-434E-C7BD2ABBF5E3,-40,26.5,79.7,27.1,80.78,26.5,79.7,26.6,79.88,26.8,80.24000000000001,26.9,80.42,100.0
2026-08-29T00:40:28.931233+00:00,inside in water 2,2551D2CE-42AA-68FB-434E-C7BD2ABBF5E3,-40,26.5,79.7,27.1,80.78,26.5,79.7,26.6,79.88,26.8,80.24000000000001,26.9,80.42,100.0
2026-08-29T00:40:30.941142+00:00,inside in water 2,2551D2CE-42AA-68FB-434E-C7BD2ABBF5E3,-40,26.5,79.7,27.1,80.78,26.5,79.7,26.6,79.88,26.8,80.24000000000001,26.9,80.42,100.0
2026-08-29T00:40:32.944408+00:00,inside in water 2,2551D2CE-42AA-68FB-434E-C7BD2ABBF5E3,-40,26.5,79.7,27.1,80.78,26.5,79.7,26.6,79.88,26.8,80.24000000000001,26.9,80.42,100.0
2026-08-29T00:40:34.952246+00:00,inside in water 2,2551D2CE-42AA-68FB-434E-C7BD2ABBF5E3,-39,26.5,79.7,26.9,80.42,26.5,79.7,26.6,79.88,26.8,80.24000000000001,26.8,80.24000000000001,100.0
2026-08-29T00:40:36.956452+00:00,inside in water 2,2551D2CE-42AA-68FB-434E-C7BD2ABBF5E3,-40,26.5,79.7,26.8,80.24000000000001,26.5,79.7,26.6,79.88,26.8,80.24000000000001,26.8,80.24000000000001,100.0
2026-08-29T00:40:38.969967+00:00,inside in water 2,2551D2CE-42AA-68FB-434E-C7BD2ABBF5E3,-40,26.5,79.7,26.8,80.24000000000001,26.5,79.7,26.6,79.88,26.8,80.24000000000001,26.8,80.24000000000001,100.0
2026-08-29T00:40:40.975631+00:00,inside in water 2,2551D2CE-42AA-68FB-434E-C7BD2ABBF5E3,-40,26.5,79.7,27.0,80.6,26.5,79.7,26.6,79.88,26.8,80.24000000000001,26.8,80.24000000000001,100.0
2026-08-29T00:40:42.983928+00:00,inside in water 2,2551D2CE-42AA-68FB-434E-C7BD2ABBF5E3,-40,26.5,79.7,27.0,80.6,26.5,79.7,26.6,79.88,26.8,80.24000000000001,26.8,80.24000000000001,100.0
2026-08-29T00:40:44.991390+00:00,inside in water 2,2551D2CE-42AA-68FB-434E-C7BD2ABBF5E3,-40,26.5,79.7,27.0,80.6,26.5,79.7,26.6,79.88,26.8,80.24000000000001,26.8,80.24000000000001,100.0
2026-08-29T00:40:47.004418+00:00,inside in water 2,2551D2CE-42AA-68FB-434E-C7BD2ABBF5E3,-40,26.5,79.7,27.0,80.6,26.5,79.7,26.6,79.88,26.8,80.24000000000001,26.8,80.24000000000001,100.0
2026-08-29T00:40:49.018256+00:00,inside in water 2,2551D2CE-42AA-68FB-434E-C7BD2ABBF5E3,-40,26.5,79.7,26.9,80.42,26.5,79.7,26.6,79.88,26.8,80.24000000000001,26.8,80.24000000000001,100.0
2026-08-29T00:40:51.023914+00:00,inside in water 2,2551D2CE-42AA-68FB-434E-C7BD2ABBF5E3,-40,26.5,79.7,26.8,80.24000000000001,26.5,79.7,26.6,79.88,26.8,80.24000000000001,26.8,80.24000000000001,100.0
2026-08-29T00:40:53.030732+00:00,inside in water 2,2551D2CE-42AA-68FB-434E-C7BD2ABBF5E3,-40,26.5,79.7,26.8,80.24000000000001,26.5,79.7,26.6,79.88,26.8,80.24000000000001,26.8,80.24000000000001,100.0
2026-08-29T00:40:55.037643+00:00,inside in water 2,2551D2CE-42AA-68FB-434E-C7BD2ABBF5E3,-40,26.5,79.7,26.8,80.24000000000001,26.5,79.7,26.6,79.88,26.8,80.24000000000001,26.8,80.24000000000001,100.0
2026-08-29T00:40:57.043338+00:00,inside in water 2,2551D2CE-42AA-68FB-434E-C7BD2ABBF5E3,-40,26.5,79.7,26.8,80.24000000000001,26.5,79.7,26.6,79.88,26.8,80.24000000000001,26.8,80.24000000000001,100.0
2026-08-29T00:40:59.049812+00:00,inside in water 2,2551D2CE-42AA-68FB-434E-C7BD2ABBF5E3,-40,26.5,79.7,26.8,80.24000000000001,26.5,79.7,26.6,79.88,26.8,80.24000000000001,26.8,80.24000000000001,100.0
2026-08-29T00:41:01.069183+00:00,inside in water 2,2551D2CE-42AA-68FB-434E-C7BD2ABBF5E3,-37,26.5,79.7,26.8,80.24000000000001,26.5,79.7,26.6,79.88,26.8,80.24000000000001,26.8,80.24000000000001,100.0
2026-08-29T00:41:03.073220+00:00,inside in water 2,2551D2CE-42AA-68FB-434E-C7BD2ABBF5E3,-37,26.5,79.7,26.8,80.24000000000001,26.5,79.7,26.6,79.88,26.8,80.24000000000001,26.8,80.24000000000001,100.0
2026-08-29T00:41:05.088312+00:00,inside in water 2,2551D2CE-42AA-68FB-434E-C7BD2ABBF5E3,-40,26.5,79.7,26.9,80.42,26.5,79.7,26.6,79.88,26.8,80.24000000000001,26.8,80.24000000000001,100.0
2026-08-29T00:41:07.098621+00:00,inside in water 2,2551D2CE-42AA-68FB-434E-C7BD2ABBF5E3,-40,26.5,79.7,26.8,80.24000000000001,26.5,79.7,26.6,79.88,26.8,80.24000000000001,26.8,80.24000000000001,100.0
2026-08-29T00:41:09.106848+00:00,inside in water 2,2551D2CE-42AA-68FB-434E-C7BD2ABBF5E3,-40,26.5,79.7,26.8,80.24000000000001,26.5,79.7,26.6,79.88,26.7,80.06,26.8,80.24000000000001,100.0
2026-08-29T00:41:11.112023+00:00,inside in water 2,2551D2CE-42AA-68FB-434E-C7BD2ABBF5E3,-40,26.5,79.7,26.8,80.24000000000001,26.5,79.7,26.6,79.88,26.7,80.06,26.8,80.24000000000001,100.0
2026-08-29T00:41:13.139147+00:00,inside in water 2,2551D2CE-42AA-68FB-434E-C7BD2ABBF5E3,-40,26.5,79.7,26.8,80.24000000000001,26.5,79.7,26.6,79.88,26.7,80.06,26.8,80.24000000000001,100.0
2026-08-29T00:41:15.150386+00:00,inside in water 2,2551D2CE-42AA-68FB-434E-C7BD2ABBF5E3,-58,26.5,79.7,26.7,80.06,26.5,79.7,26.6,79.88,26.7,80.06,26.8,80.24000000000001,100.0
2026-08-29T00:41:17.155638+00:00,inside in water 2,2551D2CE-42AA-68FB-434E-C7BD2ABBF5E3,-59,26.5,79.7,26.9,80.42,26.5,79.7,26.6,79.88,26.7,80.06,26.8,80.24000000000001,100.0
2026-08-29T00:41:19.165071+00:00,inside in water 2,2551D2CE-42AA-68FB-434E-C7BD2ABBF5E3,-60,26.5,79.7,26.8,80.24000000000001,26.5,79.7,26.6,79.88,26.7,80.06,26.8,80.24000000000001,100.0
2026-08-29T00:41:21.172655+00:00,inside in water 2,2551D2CE-42AA-68FB-434E-C7BD2ABBF5E3,-58,26.5,79.7,26.8,80.24000000000001,26.5,79.7,26.6,79.88,26.7,80.06,26.8,80.24000000000001,100.0
2026-08-29T00:41:23.178254+00:00,inside in water 2,2551D2CE-42AA-68FB-434E-C7BD2ABBF5E3,-57,26.4,79.52,26.8,80.24000000000001,26.4,79.52,26.6,79.88,26.7,80.06,26.8,80.24000000000001,100.0
2026-08-29T00:41:25.187408+00:00,inside in water 2,2551D2CE-42AA-68FB-434E-C7BD2ABBF5E3,-54,26.4,79.52,26.8,80.24000000000001,26.4,79.52,26.5,79.7,26.7,80.06,26.8,80.24000000000001,100.0
2026-08-29T00:41:27.194227+00:00,inside in water 2,2551D2CE-42AA-68FB-434E-C7BD2ABBF5E3,-55,26.4,79.52,26.8,80.24000000000001,26.4,79.52,26.5,79.7,26.7,80.06,26.8,80.24000000000001,100.0
2026-08-29T00:41:29.201436+00:00,inside in water 2,2551D2CE-42AA-68FB-434E-C7BD2ABBF5E3,-57,26.4,79.52,26.8,80.24000000000001,26.4,79.52,26.5,79.7,26.7,80.06,26.8,80.24000000000001,100.0
2026-08-29T00:41:31.209501+00:00,inside in water 2,2551D2CE-42AA-68FB-434E-C7BD2ABBF5E3,-55,26.4,79.52,26.8,80.24000000000001,26.4,79.52,26.5,79.7,26.7,80.06,26.7,80.06,100.0
2026-08-29T00:41:33.212196+00:00,inside in water 2,2551D2CE-42AA-68FB-434E-C7BD2ABBF5E3,-65,26.4,79.52,26.7,80.06,26.4,79.52,26.5,79.7,26.7,80.06,26.7,80.06,100.0
2026-08-29T00:41:35.219469+00:00,inside in water 2,2551D2CE-42AA-68FB-434E-C7BD2ABBF5E3,-65,26.4,79.52,26.7,80.06,26.4,79.52,26.5,79.7,26.7,80.06,26.7,80.06,100.0
2026-08-29T00:41:37.227230+00:00,inside in water 2,2551D2CE-42AA-68FB-434E-C7BD2ABBF5E3,-65,26.4,79.52,26.7,80.06,26.4,79.52,26.5,79.7,26.7,80.06,26.7,80.06,100.0
2026-08-29T00:41:39.234528+00:00,inside in water 2,2551D2CE-42AA-68FB-434E-C7BD2ABBF5E3,-65,26.4,79.52,26.7,80.06,26.4,79.52,26.5,79.7,26.7,80.06,26.7,80.06,100.0
2026-08-29T00:41:41.241430+00:00,inside in water 2,2551D2CE-42AA-68FB-434E-C7BD2ABBF5E3,-66,26.4,79.52,26.8,80.24000000000001,26.4,79.52,26.5,79.7,26.7,80.06,26.7,80.06,100.0
2026-08-29T00:41:43.248340+00:00,inside in water 2,2551D2CE-42AA-68FB-434E-C7BD2ABBF5E3,-55,26.4,79.52,26.7,80.06,26.4,79.52,26.5,79.7,26.7,80.06,26.7,80.06,100.0
2026-08-29T00:41:45.252831+00:00,inside in water 2,2551D2CE-42AA-68FB-434E-C7BD2ABBF5E3,-54,26.4,79.52,26.7,80.06,26.4,79.52,26.5,79.7,26.7,80.06,26.7,80.06,100.0
2026-08-29T00:41:47.260711+00:00,inside in water 2,2551D2CE-42AA-68FB-434E-C7BD2ABBF5E3,-54,26.4,79.52,26.7,80.06,26.4,79.52,26.5,79.7,26.7,80.06,26.7,80.06,100.0
2026-08-29T00:41:49.263314+00:00,inside in water 2,2551D2CE-42AA-68FB-434E-C7BD2ABBF5E3,-45,26.4,79.52,26.7,80.06,26.4,79.52,26.5,79.7,26.7,80.06,26.7,80.06,100.0
2026-08-29T00:41:51.268445+00:00,inside in water 2,2551D2CE-42AA-68FB-434E-C7BD2ABBF5E3,-45,26.4,79.52,26.7,80.06,26.4,79.52,26.5,79.7,26.7,80.06,26.7,80.06,100.0
2026-08-29T00:41:53.277634+00:00,inside in water 2,2551D2CE-42AA-68FB-434E-C7BD2ABBF5E3,-50,26.4,79.52,26.7,80.06,26.4,79.52,26.5,79.7,26.7,80.06,26.7,80.06,100.0
2026-08-29T00:41:55.285332+00:00,inside in water 2,2551D2CE-42AA-68FB-434E-C7BD2ABBF5E3,-50,26.4,79.52,26.7,80.06,26.4,79.52,26.5,79.7,26.7,80.06,26.7,80.06,100.0
2026-08-29T00:41:57.291979+00:00,inside in water 2,2551D2CE-42AA-68FB-434E-C7BD2ABBF5E3,-49,26.4,79.52,26.7,80.06,26.4,79.52,26.5,79.7,26.7,80.06,26.7,80.06,100.0
2026-08-29T00:41:59.298486+00:00,inside in water 2,2551D2CE-42AA-68FB-434E-C7BD2ABBF5E3,-48,26.4,79.52,26.6,79.88,26.4,79.52,26.5,79.7,26.7,80.06,26.7,80.06,100.0
2026-08-29T00:42:01.305569+00:00,inside in water 2,2551D2CE-42AA-68FB-434E-C7BD2ABBF5E3,-48,26.4,79.52,26.6,79.88,26.4,79.52,26.5,79.7,26.7,80.06,26.7,80.06,100.0
2026-08-29T00:42:03.312074+00:00,inside in water 2,2551D2CE-42AA-68FB-434E-C7BD2ABBF5E3,-44,26.4,79.52,26.7,80.06,26.4,79.52,26.5,79.7,26.7,80.06,26.7,80.06,100.0
2026-08-29T00:42:05.320539+00:00,inside in water 2,2551D2CE-42AA-68FB-434E-C7BD2ABBF5E3,-43,26.4,79.52,26.8,80.24000000000001,26.4,79.52,26.5,79.7,26.7,80.06,26.7,80.06,100.0
2026-08-29T00:42:07.327957+00:00,inside in water 2,2551D2CE-42AA-68FB-434E-C7BD2ABBF5E3,-43,26.4,79.52,26.8,80.24000000000001,26.4,79.52,26.5,79.7,26.7,80.06,26.7,80.06,100.0
2026-08-29T00:42:09.336420+00:00,inside in water 2,2551D2CE-42AA-68FB-434E-C7BD2ABBF5E3,-43,26.4,79.52,26.8,80.24000000000001,26.4,79.52,26.5,79.7,26.7,80.06,26.7,80.06,100.0
2026-08-29T00:42:11.345784+00:00,inside in water 2,2551D2CE-42AA-68FB-434E-C7BD2ABBF5E3,-42,26.4,79.52,26.8,80.24000000000001,26.4,79.52,26.5,79.7,26.7,80.06,26.7,80.06,100.0
2026-08-29T00:42:13.353763+00:00,inside in water 2,2551D2CE-42AA-68FB-434E-C7BD2ABBF5E3,-43,26.4,79.52,26.7,80.06,26.4,79.52,26.5,79.7,26.7,80.06,26.7,80.06,100.0
2026-08-29T00:42:15.361138+00:00,inside in water 2,2551D2CE-42AA-68FB-434E-C7BD2ABBF5E3,-43,26.4,79.52,26.7,80.06,26.4,79.52,26.5,79.7,26.7,80.06,26.7,80.06,100.0
2026-08-29T00:42:17.368319+00:00,inside in water 2,2551D2CE-42AA-68FB-434E-C7BD2ABBF5E3,-43,26.4,79.52,26.7,80.06,26.4,79.52,26.5,79.7,26.7,80.06,26.7,80.06,100.0
2026-08-29T00:42:19.375555+00:00,inside in water 2,2551D2CE-42AA-68FB-434E-C7BD2ABBF5E3,-43,26.4,79.52,26.7,80.06,26.4,79.52,26.5,79.7,26.7,80.06,26.7,80.06,100.0
2026-08-29T00:42:21.379805+00:00,inside in water 2,2551D2CE-42AA-68FB-434E-C7BD2ABBF5E3,-43,26.4,79.52,26.7,80.06,26.4,79.52,26.5,79.7,26.7,80.06,26.7,80.06,100.0
2026-08-29T00:42:23.386915+00:00,inside in water 2,2551D2CE-42AA-68FB-434E-C7BD2ABBF5E3,-43,26.4,79.52,26.6,79.88,26.4,79.52,26.5,79.7,26.7,80.06,26.7,80.06,100.0
2026-08-29T00:42:25.395974+00:00,inside in water 2,2551D2CE-42AA-68FB-434E-C7BD2ABBF5E3,-42,26.4,79.52,26.7,80.06,26.4,79.52,26.5,79.7,26.7,80.06,26.7,80.06,100.0
2026-08-29T00:42:27.407377+00:00,inside in water 2,2551D2CE-42AA-68FB-434E-C7BD2ABBF5E3,-42,26.4,79.52,26.7,80.06,26.4,79.52,26.5,79.7,26.7,80.06,26.7,80.06,100.0
2026-08-29T00:42:29.416532+00:00,inside in water 2,2551D2CE-42AA-68FB-434E-C7BD2ABBF5E3,-42,26.4,79.52,26.7,80.06,26.4,79.52,26.5,79.7,26.7,80.06,26.7,80.06,100.0
2026-08-29T00:42:31.424570+00:00,inside in water 2,2551D2CE-42AA-68FB-434E-C7BD2ABBF5E3,-43,26.4,79.52,26.7,80.06,26.4,79.52,26.5,79.7,26.7,80.06,26.7,80.06,100.0
2026-08-29T00:42:33.433731+00:00,inside in water 2,2551D2CE-42AA-68FB-434E-C7BD2ABBF5E3,-46,26.4,79.52,26.7,80.06,26.4,79.52,26.5,79.7,26.7,80.06,26.7,80.06,100.0
2026-08-29T00:42:35.442491+00:00,inside in water 2,2551D2CE-42AA-68FB-434E-C7BD2ABBF5E3,-46,26.4,79.52,26.7,80.06,26.4,79.52,26.5,79.7,26.7,80.06,26.7,80.06,100.0
2026-08-29T00:42:37.451532+00:00,inside in water 2,2551D2CE-42AA-68FB-434E-C7BD2ABBF5E3,-42,26.4,79.52,26.7,80.06,26.4,79.52,26.5,79.7,26.6,79.88,26.6,79.88,100.0
2026-08-29T00:42:39.459501+00:00,inside in water 2,2551D2CE-42AA-68FB-434E-C7BD2ABBF5E3,-44,26.4,79.52,26.5,79.7,26.4,79.52,26.5,79.7,26.6,79.88,26.6,79.88,100.0
2026-08-29T00:42:41.467826+00:00,inside in water 2,2551D2CE-42AA-68FB-434E-C7BD2ABBF5E3,-42,26.4,79.52,26.6,79.88,26.4,79.52,26.5,79.7,26.6,79.88,26.6,79.88,100.0
2026-08-29T00:42:43.477326+00:00,inside in water 2,2551D2CE-42AA-68FB-434E-C7BD2ABBF5E3,-47,26.4,79.52,26.5,79.7,26.4,79.52,26.5,79.7,26.6,79.88,26.6,79.88,100.0
2026-08-29T00:42:45.488156+00:00,inside in water 2,2551D2CE-42AA-68FB-434E-C7BD2ABBF5E3,-47,26.4,79.52,26.5,79.7,26.4,79.52,26.5,79.7,26.6,79.88,26.6,79.88,100.0
2026-08-29T00:42:47.498357+00:00,inside in water 2,2551D2CE-42AA-68FB-434E-C7BD2ABBF5E3,-42,26.4,79.52,26.7,80.06,26.4,79.52,26.5,79.7,26.6,79.88,26.6,79.88,100.0
2026-08-29T00:42:49.504462+00:00,inside in water 2,2551D2CE-42AA-68FB-434E-C7BD2ABBF5E3,-42,26.4,79.52,26.7,80.06,26.4,79.52,26.5,79.7,26.6,79.88,26.6,79.88,100.0
2026-08-29T00:42:51.513202+00:00,inside in water 2,2551D2CE-42AA-68FB-434E-C7BD2ABBF5E3,-44,26.4,79.52,26.5,79.7,26.4,79.52,26.5,79.7,26.6,79.88,26.6,79.88,100.0
2026-08-29T00:42:53.523575+00:00,inside in water 2,2551D2CE-42AA-68FB-434E-C7BD2ABBF5E3,-44,26.4,79.52,26.5,79.7,26.4,79.52,26.5,79.7,26.6,79.88,26.6,79.88,100.0
2026-08-29T00:42:55.535360+00:00,inside in water 2,2551D2CE-42AA-68FB-434E-C7BD2ABBF5E3,-44,26.4,79.52,26.5,79.7,26.4,79.52,26.5,79.7,26.6,79.88,26.6,79.88,100.0
2026-08-29T00:42:57.544447+00:00,inside in water 2,2551D2CE-42AA-68FB-434E-C7BD2ABBF5E3,-42,26.4,79.52,26.5,79.7,26.4,79.52,26.5,79.7,26.6,79.88,26.6,79.88,100.0
2026-08-29T00:42:59.553126+00:00,inside in water 2,2551D2CE-42AA-68FB-434E-C7BD2ABBF5E3,-43,26.4,79.52,26.4,79.52,26.4,79.52,26.5,79.7,26.6,79.88,26.6,79.88,100.0
2026-08-29T00:43:01.562761+00:00,inside in water 2,2551D2CE-42AA-68FB-434E-C7BD2ABBF5E3,-42,26.4,79.52,26.5,79.7,26.4,79.52,26.5,79.7,26.6,79.88,26.6,79.88,100.0
2026-08-29T00:43:03.578437+00:00,inside in water 2,2551D2CE-42AA-68FB-434E-C7BD2ABBF5E3,-43,26.4,79.52,26.6,79.88,26.4,79.52,26.5,79.7,26.6,79.88,26.6,79.88,100.0
2026-08-29T00:43:05.596106+00:00,inside in water 2,2551D2CE-42AA-68FB-434E-C7BD2ABBF5E3,-43,26.4,79.52,26.6,79.88,26.4,79.52,26.5,79.7,26.6,79.88,26.6,79.88,100.0
2026-08-29T00:43:07.608304+00:00,inside in water 2,2551D2CE-42AA-68FB-434E-C7BD2ABBF5E3,-43,26.4,79.52,26.6,79.88,26.4,79.52,26.5,79.7,26.6,79.88,26.6,79.88,100.0
2026-08-29T00:43:09.617283+00:00,inside in water 2,2551D2CE-42AA-68FB-434E-C7BD2ABBF5E3,-42,26.3,79.34,26.5,79.7,26.3,79.34,26.5,79.7,26.6,79.88,26.6,79.88,100.0
2026-08-29T00:43:11.627121+00:00,inside in water 2,2551D2CE-42AA-68FB-434E-C7BD2ABBF5E3,-42,26.4,79.52,26.6,79.88,26.4,79.52,26.5,79.7,26.6,79.88,26.6,79.88,100.0
2026-08-29T00:43:13.636376+00:00,inside in water 2,2551D2CE-42AA-68FB-434E-C7BD2ABBF5E3,-42,26.4,79.52,26.6,79.88,26.4,79.52,26.5,79.7,26.6,79.88,26.6,79.88,100.0
2026-08-29T00:43:15.645388+00:00,inside in water 2,2551D2CE-42AA-68FB-434E-C7BD2ABBF5E3,-42,26.4,79.52,26.6,79.88,26.4,79.52,26.5,79.7,26.6,79.88,26.6,79.88,100.0
2026-08-29T00:43:17.661286+00:00,inside in water 2,2551D2CE-42AA-68FB-434E-C7BD2ABBF5E3,-43,26.3,79.34,26.4,79.52,26.3,79.34,26.4,79.52,26.6,79.88,26.6,79.88,100.0
2026-08-29T00:43:19.669385+00:00,inside in water 2,2551D2CE-42AA-68FB-434E-C7BD2ABBF5E3,-43,26.4,79.52,26.4,79.52,26.4,79.52,26.4,79.52,26.6,79.88,26.6,79.88,100.0
2026-08-29T00:43:21.674542+00:00,inside in water 2,2551D2CE-42AA-68FB-434E-C7BD2ABBF5E3,-43,26.4,79.52,26.4,79.52,26.4,79.52,26.4,79.52,26.6,79.88,26.6,79.88,100.0
2026-08-29T00:43:23.688439+00:00,inside in water 2,2551D2CE-42AA-68FB-434E-C7BD2ABBF5E3,-43,26.4,79.52,26.4,79.52,26.4,79.52,26.4,79.52,26.6,79.88,26.6,79.88,100.0
2026-08-29T00:43:25.697253+00:00,inside in water 2,2551D2CE-42AA-68FB-434E-C7BD2ABBF5E3,-43,26.3,79.34,26.5,79.7,26.3,79.34,26.4,79.52,26.6,79.88,26.6,79.88,100.0
2026-08-29T00:43:27.706271+00:00,inside in water 2,2551D2CE-42AA-68FB-434E-C7BD2ABBF5E3,-43,26.3,79.34,26.3,79.34,26.3,79.34,26.4,79.52,26.6,79.88,26.6,79.88,100.0
2026-08-29T00:43:29.715066+00:00,inside in water 2,2551D2CE-42AA-68FB-434E-C7BD2ABBF5E3,-46,26.3,79.34,26.3,79.34,26.3,79.34,26.4,79.52,26.6,79.88,26.6,79.88,100.0
2026-08-29T00:43:31.724455+00:00,inside in water 2,2551D2CE-42AA-68FB-434E-C7BD2ABBF5E3,-46,26.3,79.34,26.3,79.34,26.3,79.34,26.4,79.52,26.6,79.88,26.6,79.88,100.0
2026-08-29T00:43:33.733180+00:00,inside in water 2,2551D2CE-42AA-68FB-434E-C7BD2ABBF5E3,-42,26.3,79.34,26.3,79.34,26.3,79.34,26.4,79.52,26.6,79.88,26.6,79.88,100.0
2026-08-29T00:43:35.741502+00:00,inside in water 2,2551D2CE-42AA-68FB-434E-C7BD2ABBF5E3,-43,26.3,79.34,26.6,79.88,26.3,79.34,26.4,79.52,26.6,79.88,26.6,79.88,100.0
2026-08-29T00:43:37.750086+00:00,inside in water 2,2551D2CE-42AA-68FB-434E-C7BD2ABBF5E3,-42,26.3,79.34,26.5,79.7,26.3,79.34,26.4,79.52,26.6,79.88,26.6,79.88,100.0
2026-08-29T00:43:39.754924+00:00,inside in water 2,2551D2CE-42AA-68FB-434E-C7BD2ABBF5E3,-42,26.3,79.34,26.5,79.7,26.3,79.34,26.4,79.52,26.6,79.88,26.6,79.88,100.0
2026-08-29T00:43:41.770054+00:00,inside in water 2,2551D2CE-42AA-68FB-434E-C7BD2ABBF5E3,-42,26.3,79.34,26.5,79.7,26.3,79.34,26.4,79.52,26.6,79.88,26.6,79.88,100.0
2026-08-29T00:43:43.779964+00:00,inside in water 2,2551D2CE-42AA-68FB-434E-C7BD2ABBF5E3,-43,26.3,79.34,26.5,79.7,26.3,79.34,26.4,79.52,26.6,79.88,26.6,79.88,100.0
2026-08-29T00:43:45.791961+00:00,inside in water 2,2551D2CE-42AA-68FB-434E-C7BD2ABBF5E3,-43,26.3,79.34,26.4,79.52,26.3,79.34,26.4,79.52,26.6,79.88,26.6,79.88,100.0
2026-08-29T00:43:47.801198+00:00,inside in water 2,2551D2CE-42AA-68FB-434E-C7BD2ABBF5E3,-42,26.3,79.34,26.4,79.52,26.3,79.34,26.4,79.52,26.6,79.88,26.6,79.88,100.0
2026-08-29T00:43:49.810410+00:00,inside in water 2,2551D2CE-42AA-68FB-434E-C7BD2ABBF5E3,-42,26.3,79.34,26.4,79.52,26.3,79.34,26.4,79.52,26.6,79.88,26.6,79.88,100.0
2026-08-29T00:43:51.818664+00:00,inside in water 2,2551D2CE-42AA-68FB-434E-C7BD2ABBF5E3,-42,26.3,79.34,26.5,79.7,26.3,79.34,26.4,79.52,26.6,79.88,26.5,79.7,100.0
2026-08-29T00:43:53.827547+00:00,inside in water 2,2551D2CE-42AA-68FB-434E-C7BD2ABBF5E3,-43,26.3,79.34,26.3,79.34,26.3,79.34,26.4,79.52,26.6,79.88,26.5,79.7,100.0
2026-08-29T00:43:55.837076+00:00,inside in water 2,2551D2CE-42AA-68FB-434E-C7BD2ABBF5E3,-43,26.3,79.34,26.3,79.34,26.3,79.34,26.4,79.52,26.6,79.88,26.5,79.7,100.0
2026-08-29T00:43:57.847021+00:00,inside in water 2,2551D2CE-42AA-68FB-434E-C7BD2ABBF5E3,-43,26.3,79.34,26.3,79.34,26.3,79.34,26.4,79.52,26.6,79.88,26.5,79.7,100.0
2026-08-29T00:43:59.855321+00:00,inside in water 2,2551D2CE-42AA-68FB-434E-C7BD2ABBF5E3,-43,26.3,79.34,26.3,79.34,26.3,79.34,26.4,79.52,26.6,79.88,26.5,79.7,100.0
2026-08-29T00:44:01.864806+00:00,inside in water 2,2551D2CE-42AA-68FB-434E-C7BD2ABBF5E3,-43,26.3,79.34,26.3,79.34,26.3,79.34,26.4,79.52,26.6,79.88,26.5,79.7,100.0
2026-08-29T00:44:03.874166+00:00,inside in water 2,2551D2CE-42AA-68FB-434E-C7BD2ABBF5E3,-43,26.3,79.34,26.3,79.34,26.3,79.34,26.4,79.52,26.6,79.88,26.5,79.7,100.0
2026-08-29T00:44:05.884110+00:00,inside in water 2,2551D2CE-42AA-68FB-434E-C7BD2ABBF5E3,-45,26.3,79.34,26.3,79.34,26.3,79.34,26.4,79.52,26.6,79.88,26.5,79.7,100.0
2026-08-29T00:44:07.894574+00:00,inside in water 2,2551D2CE-42AA-68FB-434E-C7BD2ABBF5E3,-45,26.3,79.34,26.3,79.34,26.3,79.34,26.4,79.52,26.6,79.88,26.5,79.7,100.0
2026-08-29T00:44:09.903622+00:00,inside in water 2,2551D2CE-42AA-68FB-434E-C7BD2ABBF5E3,-42,26.3,79.34,26.4,79.52,26.3,79.34,26.4,79.52,26.5,79.7,26.5,79.7,100.0
2026-08-29T00:44:11.912611+00:00,inside in water 2,2551D2CE-42AA-68FB-434E-C7BD2ABBF5E3,-42,26.3,79.34,26.4,79.52,26.3,79.34,26.4,79.52,26.5,79.7,26.5,79.7,100.0
2026-08-29T00:44:13.921426+00:00,inside in water 2,2551D2CE-42AA-68FB-434E-C7BD2ABBF5E3,-42,26.3,79.34,26.4,79.52,26.3,79.34,26.4,79.52,26.5,79.7,26.5,79.7,100.0
2026-08-29T00:44:15.929784+00:00,inside in water 2,2551D2CE-42AA-68FB-434E-C7BD2ABBF5E3,-42,26.3,79.34,26.4,79.52,26.3,79.34,26.4,79.52,26.5,79.7,26.5,79.7,100.0
2026-08-29T00:44:17.935508+00:00,inside in water 2,2551D2CE-42AA-68FB-434E-C7BD2ABBF5E3,-42,26.3,79.34,26.4,79.52,26.3,79.34,26.4,79.52,26.5,79.7,26.5,79.7,100.0
2026-08-29T00:44:19.944225+00:00,inside in water 2,2551D2CE-42AA-68FB-434E-C7BD2ABBF5E3,-42,26.3,79.34,26.4,79.52,26.3,79.34,26.4,79.52,26.5,79.7,26.5,79.7,100.0
2026-08-29T00:44:21.952297+00:00,inside in water 2,2551D2CE-42AA-68FB-434E-C7BD2ABBF5E3,-43,26.3,79.34,26.4,79.52,26.3,79.34,26.4,79.52,26.6,79.88,26.5,79.7,100.0
2026-08-29T00:44:23.960215+00:00,inside in water 2,2551D2CE-42AA-68FB-434E-C7BD2ABBF5E3,-42,26.3,79.34,26.2,79.16,26.3,79.34,26.4,79.52,26.6,79.88,26.5,79.7,100.0
2026-08-29T00:44:25.974391+00:00,inside in water 2,2551D2CE-42AA-68FB-434E-C7BD2ABBF5E3,-42,26.3,79.34,26.2,79.16,26.3,79.34,26.4,79.52,26.6,79.88,26.5,79.7,100.0
2026-08-29T00:44:27.983444+00:00,inside in water 2,2551D2CE-42AA-68FB-434E-C7BD2ABBF5E3,-43,26.3,79.34,26.2,79.16,26.3,79.34,26.4,79.52,26.6,79.88,26.5,79.7,100.0
2026-08-29T00:44:29.989419+00:00,inside in water 2,2551D2CE-42AA-68FB-434E-C7BD2ABBF5E3,-43,26.3,79.34,26.4,79.52,26.3,79.34,26.4,79.52,26.5,79.7,26.5,79.7,100.0
2026-08-29T00:44:31.997556+00:00,inside in water 2,2551D2CE-42AA-68FB-434E-C7BD2ABBF5E3,-43,26.3,79.34,26.4,79.52,26.3,79.34,26.4,79.52,26.5,79.7,26.5,79.7,100.0
2026-08-29T00:44:34.007885+00:00,inside in water 2,2551D2CE-42AA-68FB-434E-C7BD2ABBF5E3,-42,26.3,79.34,26.3,79.34,26.3,79.34,26.4,79.52,26.5,79.7,26.5,79.7,100.0
2026-08-29T00:44:36.017463+00:00,inside in water 2,2551D2CE-42AA-68FB-434E-C7BD2ABBF5E3,-43,26.3,79.34,26.3,79.34,26.3,79.34,26.4,79.52,26.5,79.7,26.5,79.7,100.0
2026-08-29T00:44:38.028309+00:00,inside in water 2,2551D2CE-42AA-68FB-434E-C7BD2ABBF5E3,-43,26.3,79.34,26.2,79.16,26.3,79.34,26.4,79.52,26.5,79.7,26.5,79.7,100.0
2026-08-29T00:44:40.037839+00:00,inside in water 2,2551D2CE-42AA-68FB-434E-C7BD2ABBF5E3,-46,26.3,79.34,26.2,79.16,26.3,79.34,26.4,79.52,26.5,79.7,26.5,79.7,100.0
2026-08-29T00:44:42.046504+00:00,inside in water 2,2551D2CE-42AA-68FB-434E-C7BD2ABBF5E3,-42,26.3,79.34,26.2,79.16,26.3,79.34,26.4,79.52,26.5,79.7,26.5,79.7,100.0
2026-08-29T00:44:44.055956+00:00,inside in water 2,2551D2CE-42AA-68FB-434E-C7BD2ABBF5E3,-42,26.3,79.34,26.2,79.16,26.3,79.34,26.4,79.52,26.5,79.7,26.5,79.7,100.0
2026-08-29T00:44:46.069792+00:00,inside in water 2,2551D2CE-42AA-68FB-434E-C7BD2ABBF5E3,-42,26.3,79.34,26.2,79.16,26.3,79.34,26.4,79.52,26.5,79.7,26.5,79.7,100.0
2026-08-29T00:44:48.079649+00:00,inside in water 2,2551D2CE-42AA-68FB-434E-C7BD2ABBF5E3,-42,26.3,79.34,26.2,79.16,26.3,79.34,26.4,79.52,26.5,79.7,26.5,79.7,100.0
2026-08-29T00:44:50.084315+00:00,inside in water 2,2551D2CE-42AA-68FB-434E-C7BD2ABBF5E3,-43,26.3,79.34,26.3,79.34,26.3,79.34,26.4,79.52,26.5,79.7,26.5,79.7,100.0
2026-08-29T00:44:52.093776+00:00,inside in water 2,2551D2CE-42AA-68FB-434E-C7BD2ABBF5E3,-42,26.3,79.34,26.3,79.34,26.3,79.34,26.4,79.52,26.5,79.7,26.5,79.7,100.0
2026-08-29T00:44:54.106266+00:00,inside in water 2,2551D2CE-42AA-68FB-434E-C7BD2ABBF5E3,-43,26.3,79.34,26.3,79.34,26.3,79.34,26.4,79.52,26.5,79.7,26.5,79.7,100.0
2026-08-29T00:44:56.116229+00:00,inside in water 2,2551D2CE-42AA-68FB-434E-C7BD2ABBF5E3,-43,26.3,79.34,26.3,79.34,26.3,79.34,26.4,79.52,26.5,79.7,26.5,79.7,100.0
2026-08-29T00:44:58.125468+00:00,inside in water 2,2551D2CE-42AA-68FB-434E-C7BD2ABBF5E3,-43,26.3,79.34,26.3,79.34,26.3,79.34,26.4,79.52,26.5,79.7,26.5,79.7,100.0
2026-08-29T00:45:00.132719+00:00,inside in water 2,2551D2CE-42AA-68FB-434E-C7BD2ABBF5E3,-43,26.3,79.34,26.3,79.34,26.3,79.34,26.4,79.52,26.5,79.7,26.5,79.7,100.0
2026-08-29T00:45:02.154906+00:00,inside in water 2,2551D2CE-42AA-68FB-434E-C7BD2ABBF5E3,-43,26.3,79.34,26.3,79.34,26.3,79.34,26.4,79.52,26.5,79.7,26.5,79.7,100.0
2026-08-29T00:45:04.165814+00:00,inside in water 2,2551D2CE-42AA-68FB-434E-C7BD2ABBF5E3,-42,26.3,79.34,26.2,79.16,26.3,79.34,26.4,79.52,26.5,79.7,26.5,79.7,100.0
2026-08-29T00:45:06.174214+00:00,inside in water 2,2551D2CE-42AA-68FB-434E-C7BD2ABBF5E3,-43,26.3,79.34,26.2,79.16,26.3,79.34,26.4,79.52,26.5,79.7,26.5,79.7,100.0
2026-08-29T00:45:08.194178+00:00,inside in water 2,2551D2CE-42AA-68FB-434E-C7BD2ABBF5E3,-45,26.3,79.34,26.2,79.16,26.3,79.34,26.4,79.52,26.5,79.7,26.5,79.7,100.0
2026-08-29T00:45:10.209172+00:00,inside in water 2,2551D2CE-42AA-68FB-434E-C7BD2ABBF5E3,-45,26.3,79.34,26.2,79.16,26.3,79.34,26.4,79.52,26.5,79.7,26.5,79.7,100.0
2026-08-29T00:45:12.218265+00:00,inside in water 2,2551D2CE-42AA-68FB-434E-C7BD2ABBF5E3,-42,26.3,79.34,26.2,79.16,26.3,79.34,26.4,79.52,26.5,79.7,26.5,79.7,100.0
2026-08-29T00:45:14.225856+00:00,inside in water 2,2551D2CE-42AA-68FB-434E-C7BD2ABBF5E3,-42,26.3,79.34,26.2,79.16,26.3,79.34,26.4,79.52,26.5,79.7,26.4,79.52,100.0
2026-08-29T00:45:16.231046+00:00,inside in water 2,2551D2CE-42AA-68FB-434E-C7BD2ABBF5E3,-42,26.3,79.34,26.2,79.16,26.3,79.34,26.3,79.34,26.5,79.7,26.4,79.52,100.0
2026-08-29T00:45:18.246173+00:00,inside in water 2,2551D2CE-42AA-68FB-434E-C7BD2ABBF5E3,-42,26.3,79.34,26.2,79.16,26.3,79.34,26.3,79.34,26.5,79.7,26.4,79.52,100.0
2026-08-29T00:45:20.257014+00:00,inside in water 2,2551D2CE-42AA-68FB-434E-C7BD2ABBF5E3,-42,26.3,79.34,26.2,79.16,26.3,79.34,26.4,79.52,26.5,79.7,26.4,79.52,100.0
2026-08-29T00:45:22.268689+00:00,inside in water 2,2551D2CE-42AA-68FB-434E-C7BD2ABBF5E3,-42,26.3,79.34,26.2,79.16,26.3,79.34,26.4,79.52,26.5,79.7,26.4,79.52,100.0
2026-08-29T00:45:24.281160+00:00,inside in water 2,2551D2CE-42AA-68FB-434E-C7BD2ABBF5E3,-42,26.3,79.34,26.2,79.16,26.3,79.34,26.4,79.52,26.5,79.7,26.4,79.52,100.0
2026-08-29T00:45:26.290402+00:00,inside in water 2,2551D2CE-42AA-68FB-434E-C7BD2ABBF5E3,-43,26.3,79.34,26.2,79.16,26.3,79.34,26.4,79.52,26.5,79.7,26.4,79.52,100.0
2026-08-29T00:45:28.300486+00:00,inside in water 2,2551D2CE-42AA-68FB-434E-C7BD2ABBF5E3,-43,26.3,79.34,26.2,79.16,26.3,79.34,26.4,79.52,26.5,79.7,26.4,79.52,100.0
2026-08-29T00:45:30.304900+00:00,inside in water 2,2551D2CE-42AA-68FB-434E-C7BD2ABBF5E3,-43,26.3,79.34,26.2,79.16,26.3,79.34,26.4,79.52,26.5,79.7,26.4,79.52,100.0
2026-08-29T00:45:32.320862+00:00,inside in water 2,2551D2CE-42AA-68FB-434E-C7BD2ABBF5E3,-42,26.3,79.34,26.2,79.16,26.3,79.34,26.4,79.52,26.5,79.7,26.4,79.52,100.0
2026-08-29T00:45:34.329695+00:00,inside in water 2,2551D2CE-42AA-68FB-434E-C7BD2ABBF5E3,-43,26.3,79.34,26.2,79.16,26.3,79.34,26.3,79.34,26.5,79.7,26.4,79.52,100.0
2026-08-29T00:45:36.338963+00:00,inside in water 2,2551D2CE-42AA-68FB-434E-C7BD2ABBF5E3,-44,26.3,79.34,26.2,79.16,26.3,79.34,26.3,79.34,26.5,79.7,26.4,79.52,100.0
2026-08-29T00:45:38.347876+00:00,inside in water 2,2551D2CE-42AA-68FB-434E-C7BD2ABBF5E3,-43,26.3,79.34,26.0,78.80000000000001,26.3,79.34,26.3,79.34,26.5,79.7,26.4,79.52,100.0
2026-08-29T00:45:40.356474+00:00,inside in water 2,2551D2CE-42AA-68FB-434E-C7BD2ABBF5E3,-42,26.3,79.34,26.2,79.16,26.3,79.34,26.3,79.34,26.4,79.52,26.4,79.52,100.0
2026-08-29T00:45:42.360412+00:00,inside in water 2,2551D2CE-42AA-68FB-434E-C7BD2ABBF5E3,-42,26.3,79.34,26.2,79.16,26.3,79.34,26.3,79.34,26.4,79.52,26.4,79.52,100.0
2026-08-29T00:45:44.375459+00:00,inside in water 2,2551D2CE-42AA-68FB-434E-C7BD2ABBF5E3,-42,26.3,79.34,26.2,79.16,26.3,79.34,26.3,79.34,26.4,79.52,26.4,79.52,100.0
2026-08-29T00:45:46.384607+00:00,inside in water 2,2551D2CE-42AA-68FB-434E-C7BD2ABBF5E3,-42,26.3,79.34,26.2,79.16,26.3,79.34,26.3,79.34,26.4,79.52,26.4,79.52,100.0
2026-08-29T00:45:48.395319+00:00,inside in water 2,2551D2CE-42AA-68FB-434E-C7BD2ABBF5E3,-42,26.2,79.16,26.1,78.98,26.2,79.16,26.3,79.34,26.4,79.52,26.4,79.52,100.0
2026-08-29T00:45:50.405031+00:00,inside in water 2,2551D2CE-42AA-68FB-434E-C7BD2ABBF5E3,-46,26.2,79.16,26.1,78.98,26.2,79.16,26.3,79.34,26.5,79.7,26.4,79.52,100.0
2026-08-29T00:45:52.414618+00:00,inside in water 2,2551D2CE-42AA-68FB-434E-C7BD2ABBF5E3,-46,26.2,79.16,26.1,78.98,26.2,79.16,26.3,79.34,26.5,79.7,26.4,79.52,100.0
2026-08-29T00:45:54.425997+00:00,inside in water 2,2551D2CE-42AA-68FB-434E-C7BD2ABBF5E3,-46,26.2,79.16,26.1,78.98,26.2,79.16,26.3,79.34,26.5,79.7,26.4,79.52,100.0
2026-08-29T00:45:56.435303+00:00,inside in water 2,2551D2CE-42AA-68FB-434E-C7BD2ABBF5E3,-42,26.2,79.16,26.1,78.98,26.2,79.16,26.3,79.34,26.4,79.52,26.4,79.52,100.0
2026-08-29T00:45:58.444413+00:00,inside in water 2,2551D2CE-42AA-68FB-434E-C7BD2ABBF5E3,-43,26.2,79.16,26.3,79.34,26.2,79.16,26.3,79.34,26.4,79.52,26.4,79.52,100.0
2026-08-29T00:46:00.453780+00:00,inside in water 2,2551D2CE-42AA-68FB-434E-C7BD2ABBF5E3,-42,26.2,79.16,26.2,79.16,26.2,79.16,26.3,79.34,26.4,79.52,26.4,79.52,100.0
2026-08-29T00:46:02.462164+00:00,inside in water 2,2551D2CE-42AA-68FB-434E-C7BD2ABBF5E3,-42,26.2,79.16,26.0,78.80000000000001,26.2,79.16,26.3,79.34,26.4,79.52,26.4,79.52,100.0
2026-08-29T00:46:04.468082+00:00,inside in water 2,2551D2CE-42AA-68FB-434E-C7BD2ABBF5E3,-42,26.2,79.16,26.0,78.80000000000001,26.2,79.16,26.3,79.34,26.4,79.52,26.4,79.52,100.0
2026-08-29T00:46:06.477651+00:00,inside in water 2,2551D2CE-42AA-68FB-434E-C7BD2ABBF5E3,-42,26.2,79.16,26.0,78.80000000000001,26.2,79.16,26.3,79.34,26.4,79.52,26.4,79.52,100.0
2026-08-29T00:46:08.486771+00:00,inside in water 2,2551D2CE-42AA-68FB-434E-C7BD2ABBF5E3,-42,26.2,79.16,26.0,78.80000000000001,26.2,79.16,26.3,79.34,26.4,79.52,26.4,79.52,100.0
2026-08-29T00:46:10.495960+00:00,inside in water 2,2551D2CE-42AA-68FB-434E-C7BD2ABBF5E3,-42,26.2,79.16,26.1,78.98,26.2,79.16,26.3,79.34,26.4,79.52,26.4,79.52,100.0
2026-08-29T00:46:12.504138+00:00,inside in water 2,2551D2CE-42AA-68FB-434E-C7BD2ABBF5E3,-44,26.2,79.16,26.1,78.98,26.2,79.16,26.3,79.34,26.4,79.52,26.4,79.52,100.0
2026-08-29T00:46:14.512899+00:00,inside in water 2,2551D2CE-42AA-68FB-434E-C7BD2ABBF5E3,-44,26.2,79.16,26.1,78.98,26.2,79.16,26.3,79.34,26.4,79.52,26.4,79.52,100.0
2026-08-29T00:46:16.522332+00:00,inside in water 2,2551D2CE-42AA-68FB-434E-C7BD2ABBF5E3,-42,26.2,79.16,26.1,78.98,26.2,79.16,26.3,79.34,26.4,79.52,26.4,79.52,100.0
2026-08-29T00:46:18.531115+00:00,inside in water 2,2551D2CE-42AA-68FB-434E-C7BD2ABBF5E3,-42,26.2,79.16,26.0,78.80000000000001,26.2,79.16,26.3,79.34,26.4,79.52,26.4,79.52,100.0
2026-08-29T00:46:20.540510+00:00,inside in water 2,2551D2CE-42AA-68FB-434E-C7BD2ABBF5E3,-46,26.2,79.16,26.1,78.98,26.2,79.16,26.3,79.34,26.4,79.52,26.4,79.52,100.0
2026-08-29T00:46:22.549677+00:00,inside in water 2,2551D2CE-42AA-68FB-434E-C7BD2ABBF5E3,-46,26.2,79.16,26.1,78.98,26.2,79.16,26.3,79.34,26.4,79.52,26.4,79.52,100.0
2026-08-29T00:46:24.558947+00:00,inside in water 2,2551D2CE-42AA-68FB-434E-C7BD2ABBF5E3,-42,26.2,79.16,26.1,78.98,26.2,79.16,26.3,79.34,26.4,79.52,26.4,79.52,100.0
2026-08-29T00:46:26.567521+00:00,inside in water 2,2551D2CE-42AA-68FB-434E-C7BD2ABBF5E3,-42,26.2,79.16,26.1,78.98,26.2,79.16,26.3,79.34,26.4,79.52,26.4,79.52,100.0
2026-08-29T00:46:28.577884+00:00,inside in water 2,2551D2CE-42AA-68FB-434E-C7BD2ABBF5E3,-42,26.2,79.16,26.0,78.80000000000001,26.2,79.16,26.3,79.34,26.4,79.52,26.3,79.34,100.0
2026-08-29T00:46:30.588898+00:00,inside in water 2,2551D2CE-42AA-68FB-434E-C7BD2ABBF5E3,-42,26.2,79.16,26.0,78.80000000000001,26.2,79.16,26.3,79.34,26.4,79.52,26.3,79.34,100.0
2026-08-29T00:46:32.599951+00:00,inside in water 2,2551D2CE-42AA-68FB-434E-C7BD2ABBF5E3,-42,26.2,79.16,26.0,78.80000000000001,26.2,79.16,26.3,79.34,26.4,79.52,26.3,79.34,100.0
2026-08-29T00:46:34.610145+00:00,inside in water 2,2551D2CE-42AA-68FB-434E-C7BD2ABBF5E3,-43,26.2,79.16,26.1,78.98,26.2,79.16,26.3,79.34,26.4,79.52,26.3,79.34,100.0
2026-08-29T00:46:36.619433+00:00,inside in water 2,2551D2CE-42AA-68FB-434E-C7BD2ABBF5E3,-42,26.2,79.16,26.1,78.98,26.2,79.16,26.3,79.34,26.4,79.52,26.3,79.34,100.0
2026-08-29T00:46:38.629788+00:00,inside in water 2,2551D2CE-42AA-68FB-434E-C7BD2ABBF5E3,-45,26.2,79.16,26.1,78.98,26.2,79.16,26.3,79.34,26.4,79.52,26.3,79.34,100.0
2026-08-29T00:46:40.640819+00:00,inside in water 2,2551D2CE-42AA-68FB-434E-C7BD2ABBF5E3,-47,26.2,79.16,26.1,78.98,26.2,79.16,26.3,79.34,26.4,79.52,26.3,79.34,100.0
2026-08-29T00:46:42.651717+00:00,inside in water 2,2551D2CE-42AA-68FB-434E-C7BD2ABBF5E3,-47,26.2,79.16,26.1,78.98,26.2,79.16,26.3,79.34,26.4,79.52,26.3,79.34,100.0
2026-08-29T00:46:44.662392+00:00,inside in water 2,2551D2CE-42AA-68FB-434E-C7BD2ABBF5E3,-47,26.2,79.16,26.1,78.98,26.2,79.16,26.3,79.34,26.4,79.52,26.3,79.34,100.0
2026-08-29T00:46:46.674361+00:00,inside in water 2,2551D2CE-42AA-68FB-434E-C7BD2ABBF5E3,-42,26.2,79.16,26.1,78.98,26.2,79.16,26.3,79.34,26.4,79.52,26.3,79.34,100.0
2026-08-29T00:46:48.684811+00:00,inside in water 2,2551D2CE-42AA-68FB-434E-C7BD2ABBF5E3,-46,26.2,79.16,26.1,78.98,26.2,79.16,26.3,79.34,26.4,79.52,26.3,79.34,100.0
2026-08-29T00:46:50.693930+00:00,inside in water 2,2551D2CE-42AA-68FB-434E-C7BD2ABBF5E3,-46,26.2,79.16,26.1,78.98,26.2,79.16,26.3,79.34,26.4,79.52,26.3,79.34,100.0
2026-08-29T00:46:52.706249+00:00,inside in water 2,2551D2CE-42AA-68FB-434E-C7BD2ABBF5E3,-46,26.2,79.16,26.1,78.98,26.2,79.16,26.3,79.34,26.4,79.52,26.3,79.34,100.0
2026-08-29T00:46:54.716105+00:00,inside in water 2,2551D2CE-42AA-68FB-434E-C7BD2ABBF5E3,-46,26.2,79.16,26.1,78.98,26.2,79.16,26.3,79.34,26.4,79.52,26.3,79.34,100.0
2026-08-29T00:46:56.726020+00:00,inside in water 2,2551D2CE-42AA-68FB-434E-C7BD2ABBF5E3,-42,26.2,79.16,26.1,78.98,26.2,79.16,26.3,79.34,26.4,79.52,26.3,79.34,100.0
2026-08-29T00:46:58.735578+00:00,inside in water 2,2551D2CE-42AA-68FB-434E-C7BD2ABBF5E3,-42,26.2,79.16,26.1,78.98,26.2,79.16,26.3,79.34,26.4,79.52,26.3,79.34,100.0
2026-08-29T00:47:00.741860+00:00,inside in water 2,2551D2CE-42AA-68FB-434E-C7BD2ABBF5E3,-42,26.2,79.16,26.1,78.98,26.2,79.16,26.3,79.34,26.4,79.52,26.3,79.34,100.0
2026-08-29T00:47:02.759982+00:00,inside in water 2,2551D2CE-42AA-68FB-434E-C7BD2ABBF5E3,-42,26.2,79.16,26.1,78.98,26.2,79.16,26.3,79.34,26.4,79.52,26.3,79.34,100.0
2026-08-29T00:47:04.770653+00:00,inside in water 2,2551D2CE-42AA-68FB-434E-C7BD2ABBF5E3,-42,26.2,79.16,26.1,78.98,26.2,79.16,26.2,79.16,26.4,79.52,26.3,79.34,100.0
2026-08-29T00:47:06.781142+00:00,inside in water 2,2551D2CE-42AA-68FB-434E-C7BD2ABBF5E3,-43,26.2,79.16,25.9,78.62,26.2,79.16,26.3,79.34,26.4,79.52,26.3,79.34,100.0
2026-08-29T00:47:08.797076+00:00,inside in water 2,2551D2CE-42AA-68FB-434E-C7BD2ABBF5E3,-42,26.2,79.16,26.0,78.80000000000001,26.2,79.16,26.3,79.34,26.4,79.52,26.3,79.34,100.0
2026-08-29T00:47:10.805320+00:00,inside in water 2,2551D2CE-42AA-68FB-434E-C7BD2ABBF5E3,-42,26.2,79.16,26.0,78.80000000000001,26.2,79.16,26.3,79.34,26.4,79.52,26.3,79.34,100.0
2026-08-29T00:47:12.813968+00:00,inside in water 2,2551D2CE-42AA-68FB-434E-C7BD2ABBF5E3,-46,26.2,79.16,26.0,78.80000000000001,26.2,79.16,26.2,79.16,26.3,79.34,26.3,79.34,100.0
2026-08-29T00:47:14.824285+00:00,inside in water 2,2551D2CE-42AA-68FB-434E-C7BD2ABBF5E3,-46,26.2,79.16,26.0,78.80000000000001,26.2,79.16,26.2,79.16,26.3,79.34,26.3,79.34,100.0
2026-08-29T00:47:16.833047+00:00,inside in water 2,2551D2CE-42AA-68FB-434E-C7BD2ABBF5E3,-46,26.2,79.16,26.0,78.80000000000001,26.2,79.16,26.2,79.16,26.3,79.34,26.3,79.34,100.0
2026-08-29T00:47:18.843752+00:00,inside in water 2,2551D2CE-42AA-68FB-434E-C7BD2ABBF5E3,-42,26.2,79.16,26.1,78.98,26.2,79.16,26.2,79.16,26.4,79.52,26.3,79.34,100.0
2026-08-29T00:47:20.859419+00:00,inside in water 2,2551D2CE-42AA-68FB-434E-C7BD2ABBF5E3,-46,26.1,78.98,26.1,78.98,26.1,78.98,26.2,79.16,26.3,79.34,26.3,79.34,100.0
2026-08-29T00:47:22.871222+00:00,inside in water 2,2551D2CE-42AA-68FB-434E-C7BD2ABBF5E3,-43,26.1,78.98,26.1,78.98,26.1,78.98,26.2,79.16,26.3,79.34,26.3,79.34,100.0
2026-08-29T00:47:24.886511+00:00,inside in water 2,2551D2CE-42AA-68FB-434E-C7BD2ABBF5E3,-43,26.1,78.98,26.1,78.98,26.1,78.98,26.2,79.16,26.3,79.34,26.3,79.34,100.0
2026-08-29T00:47:26.901567+00:00,inside in water 2,2551D2CE-42AA-68FB-434E-C7BD2ABBF5E3,-42,26.1,78.98,26.1,78.98,26.1,78.98,26.2,79.16,26.3,79.34,26.3,79.34,100.0
2026-08-29T00:47:28.912037+00:00,inside in water 2,2551D2CE-42AA-68FB-434E-C7BD2ABBF5E3,-42,26.2,79.16,26.0,78.80000000000001,26.2,79.16,26.2,79.16,26.3,79.34,26.3,79.34,100.0
2026-08-29T00:47:30.925954+00:00,inside in water 2,2551D2CE-42AA-68FB-434E-C7BD2ABBF5E3,-42,26.2,79.16,25.9,78.62,26.2,79.16,26.2,79.16,26.3,79.34,26.3,79.34,100.0
2026-08-29T00:47:33.175511+00:00,inside in water 2,2551D2CE-42AA-68FB-434E-C7BD2ABBF5E3,-42,26.2,79.16,25.9,78.62,26.2,79.16,26.2,79.16,26.3,79.34,26.3,79.34,100.0
2026-08-29T00:47:35.195557+00:00,inside in water 2,2551D2CE-42AA-68FB-434E-C7BD2ABBF5E3,-42,26.2,79.16,25.9,78.62,26.2,79.16,26.2,79.16,26.3,79.34,26.3,79.34,100.0
2026-08-29T00:47:37.205250+00:00,inside in water 2,2551D2CE-42AA-68FB-434E-C7BD2ABBF5E3,-42,26.2,79.16,26.0,78.80000000000001,26.2,79.16,26.2,79.16,26.3,79.34,26.3,79.34,100.0
2026-08-29T00:47:39.213820+00:00,inside in water 2,2551D2CE-42AA-68FB-434E-C7BD2ABBF5E3,-42,26.1,78.98,26.0,78.80000000000001,26.1,78.98,26.2,79.16,26.3,79.34,26.3,79.34,100.0
2026-08-29T00:47:41.223470+00:00,inside in water 2,2551D2CE-42AA-68FB-434E-C7BD2ABBF5E3,-47,26.2,79.16,26.0,78.80000000000001,26.2,79.16,26.2,79.16,26.3,79.34,26.3,79.34,100.0
2026-08-29T00:47:43.232692+00:00,inside in water 2,2551D2CE-42AA-68FB-434E-C7BD2ABBF5E3,-43,26.2,79.16,26.0,78.80000000000001,26.2,79.16,26.2,79.16,26.3,79.34,26.3,79.34,100.0
2026-08-29T00:47:45.242434+00:00,inside in water 2,2551D2CE-42AA-68FB-434E-C7BD2ABBF5E3,-43,26.1,78.98,26.0,78.80000000000001,26.1,78.98,26.2,79.16,26.3,79.34,26.3,79.34,100.0
2026-08-29T00:47:47.256528+00:00,inside in water 2,2551D2CE-42AA-68FB-434E-C7BD2ABBF5E3,-43,26.1,78.98,26.0,78.80000000000001,26.1,78.98,26.2,79.16,26.3,79.34,26.3,79.34,100.0
2026-08-29T00:47:49.264734+00:00,inside in water 2,2551D2CE-42AA-68FB-434E-C7BD2ABBF5E3,-43,26.1,78.98,26.0,78.80000000000001,26.1,78.98,26.2,79.16,26.3,79.34,26.3,79.34,100.0
2026-08-29T00:47:51.275129+00:00,inside in water 2,2551D2CE-42AA-68FB-434E-C7BD2ABBF5E3,-43,26.1,78.98,26.0,78.80000000000001,26.1,78.98,26.2,79.16,26.3,79.34,26.3,79.34,100.0
2026-08-29T00:47:53.285503+00:00,inside in water 2,2551D2CE-42AA-68FB-434E-C7BD2ABBF5E3,-43,26.1,78.98,26.0,78.80000000000001,26.1,78.98,26.2,79.16,26.3,79.34,26.3,79.34,100.0
2026-08-29T00:47:55.304014+00:00,inside in water 2,2551D2CE-42AA-68FB-434E-C7BD2ABBF5E3,-43,26.1,78.98,26.0,78.80000000000001,26.1,78.98,26.2,79.16,26.3,79.34,26.3,79.34,100.0
2026-08-29T00:47:57.317749+00:00,inside in water 2,2551D2CE-42AA-68FB-434E-C7BD2ABBF5E3,-43,26.1,78.98,26.0,78.80000000000001,26.1,78.98,26.2,79.16,26.3,79.34,26.3,79.34,100.0
2026-08-29T00:47:59.326605+00:00,inside in water 2,2551D2CE-42AA-68FB-434E-C7BD2ABBF5E3,-43,26.1,78.98,26.0,78.80000000000001,26.1,78.98,26.2,79.16,26.3,79.34,26.3,79.34,100.0
2026-08-29T00:48:01.332077+00:00,inside in water 2,2551D2CE-42AA-68FB-434E-C7BD2ABBF5E3,-42,26.1,78.98,25.9,78.62,26.1,78.98,26.2,79.16,26.3,79.34,26.3,79.34,100.0
2026-08-29T00:48:03.338294+00:00,inside in water 2,2551D2CE-42AA-68FB-434E-C7BD2ABBF5E3,-42,26.1,78.98,25.9,78.62,26.1,78.98,26.2,79.16,26.3,79.34,26.3,79.34,100.0
2026-08-29T00:48:05.343311+00:00,inside in water 2,2551D2CE-42AA-68FB-434E-C7BD2ABBF5E3,-42,26.1,78.98,25.9,78.62,26.1,78.98,26.2,79.16,26.3,79.34,26.3,79.34,100.0
2026-08-29T00:48:07.357921+00:00,inside in water 2,2551D2CE-42AA-68FB-434E-C7BD2ABBF5E3,-42,26.1,78.98,25.9,78.62,26.1,78.98,26.2,79.16,26.3,79.34,26.3,79.34,100.0
2026-08-29T00:48:09.375562+00:00,inside in water 2,2551D2CE-42AA-68FB-434E-C7BD2ABBF5E3,-43,26.1,78.98,25.9,78.62,26.1,78.98,26.2,79.16,26.3,79.34,26.2,79.16,100.0
2026-08-29T00:48:11.385667+00:00,inside in water 2,2551D2CE-42AA-68FB-434E-C7BD2ABBF5E3,-42,26.1,78.98,26.0,78.80000000000001,26.1,78.98,26.2,79.16,26.3,79.34,26.2,79.16,100.0
2026-08-29T00:48:13.393150+00:00,inside in water 2,2551D2CE-42AA-68FB-434E-C7BD2ABBF5E3,-42,26.1,78.98,26.0,78.80000000000001,26.1,78.98,26.2,79.16,26.3,79.34,26.2,79.16,100.0
2026-08-29T00:48:15.402688+00:00,inside in water 2,2551D2CE-42AA-68FB-434E-C7BD2ABBF5E3,-42,26.1,78.98,26.0,78.80000000000001,26.1,78.98,26.2,79.16,26.3,79.34,26.2,79.16,100.0
2026-08-29T00:48:17.411384+00:00,inside in water 2,2551D2CE-42AA-68FB-434E-C7BD2ABBF5E3,-43,26.1,78.98,26.0,78.80000000000001,26.1,78.98,26.2,79.16,26.3,79.34,26.2,79.16,100.0
2026-08-29T00:48:19.428383+00:00,inside in water 2,2551D2CE-42AA-68FB-434E-C7BD2ABBF5E3,-42,26.1,78.98,25.9,78.62,26.1,78.98,26.2,79.16,26.3,79.34,26.2,79.16,100.0
2026-08-29T00:48:21.436960+00:00,inside in water 2,2551D2CE-42AA-68FB-434E-C7BD2ABBF5E3,-44,26.1,78.98,26.0,78.80000000000001,26.1,78.98,26.2,79.16,26.3,79.34,26.2,79.16,100.0
2026-08-29T00:48:23.450608+00:00,inside in water 2,2551D2CE-42AA-68FB-434E-C7BD2ABBF5E3,-43,26.1,78.98,26.0,78.80000000000001,26.1,78.98,26.2,79.16,26.3,79.34,26.2,79.16,100.0
2026-08-29T00:48:25.468252+00:00,inside in water 2,2551D2CE-42AA-68FB-434E-C7BD2ABBF5E3,-43,26.1,78.98,26.0,78.80000000000001,26.1,78.98,26.2,79.16,26.3,79.34,26.2,79.16,100.0
2026-08-29T00:48:27.474856+00:00,inside in water 2,2551D2CE-42AA-68FB-434E-C7BD2ABBF5E3,-43,26.1,78.98,26.0,78.80000000000001,26.1,78.98,26.2,79.16,26.3,79.34,26.2,79.16,100.0
2026-08-29T00:48:29.481592+00:00,inside in water 2,2551D2CE-42AA-68FB-434E-C7BD2ABBF5E3,-42,26.1,78.98,25.9,78.62,26.1,78.98,26.2,79.16,26.3,79.34,26.2,79.16,100.0
2026-08-29T00:48:31.489356+00:00,inside in water 2,2551D2CE-42AA-68FB-434E-C7BD2ABBF5E3,-42,26.1,78.98,25.9,78.62,26.1,78.98,26.2,79.16,26.3,79.34,26.2,79.16,100.0
2026-08-29T00:48:33.504311+00:00,inside in water 2,2551D2CE-42AA-68FB-434E-C7BD2ABBF5E3,-42,26.1,78.98,25.9,78.62,26.1,78.98,26.2,79.16,26.3,79.34,26.2,79.16,100.0
2026-08-29T00:48:35.519327+00:00,inside in water 2,2551D2CE-42AA-68FB-434E-C7BD2ABBF5E3,-42,26.1,78.98,25.9,78.62,26.1,78.98,26.2,79.16,26.3,79.34,26.2,79.16,100.0
2026-08-29T00:48:37.531971+00:00,inside in water 2,2551D2CE-42AA-68FB-434E-C7BD2ABBF5E3,-42,26.1,78.98,25.9,78.62,26.1,78.98,26.2,79.16,26.3,79.34,26.2,79.16,100.0
2026-08-29T00:48:39.539199+00:00,inside in water 2,2551D2CE-42AA-68FB-434E-C7BD2ABBF5E3,-43,26.1,78.98,25.9,78.62,26.1,78.98,26.2,79.16,26.3,79.34,26.2,79.16,100.0
2026-08-29T00:48:41.546720+00:00,inside in water 2,2551D2CE-42AA-68FB-434E-C7BD2ABBF5E3,-44,26.1,78.98,25.9,78.62,26.1,78.98,26.2,79.16,26.3,79.34,26.2,79.16,100.0
2026-08-29T00:48:43.557110+00:00,inside in water 2,2551D2CE-42AA-68FB-434E-C7BD2ABBF5E3,-44,26.1,78.98,25.9,78.62,26.1,78.98,26.2,79.16,26.3,79.34,26.2,79.16,100.0
2026-08-29T00:48:45.565680+00:00,inside in water 2,2551D2CE-42AA-68FB-434E-C7BD2ABBF5E3,-44,26.1,78.98,25.9,78.62,26.1,78.98,26.2,79.16,26.3,79.34,26.2,79.16,100.0
2026-08-29T00:48:47.574352+00:00,inside in water 2,2551D2CE-42AA-68FB-434E-C7BD2ABBF5E3,-42,26.1,78.98,25.9,78.62,26.1,78.98,26.2,79.16,26.3,79.34,26.2,79.16,100.0
2026-08-29T00:48:49.596261+00:00,inside in water 2,2551D2CE-42AA-68FB-434E-C7BD2ABBF5E3,-42,26.1,78.98,25.9,78.62,26.1,78.98,26.2,79.16,26.3,79.34,26.2,79.16,100.0
2026-08-29T00:48:51.626609+00:00,inside in water 2,2551D2CE-42AA-68FB-434E-C7BD2ABBF5E3,-43,26.1,78.98,25.9,78.62,26.1,78.98,26.2,79.16,26.3,79.34,26.2,79.16,100.0
2026-08-29T00:48:53.636314+00:00,inside in water 2,2551D2CE-42AA-68FB-434E-C7BD2ABBF5E3,-43,26.1,78.98,25.9,78.62,26.1,78.98,26.2,79.16,26.3,79.34,26.2,79.16,100.0
2026-08-29T00:48:55.646533+00:00,inside in water 2,2551D2CE-42AA-68FB-434E-C7BD2ABBF5E3,-43,26.1,78.98,25.9,78.62,26.1,78.98,26.2,79.16,26.3,79.34,26.2,79.16,100.0
2026-08-29T00:48:57.653592+00:00,inside in water 2,2551D2CE-42AA-68FB-434E-C7BD2ABBF5E3,-42,26.1,78.98,25.9,78.62,26.1,78.98,26.2,79.16,26.3,79.34,26.2,79.16,99.0
2026-08-29T00:48:59.664618+00:00,inside in water 2,2551D2CE-42AA-68FB-434E-C7BD2ABBF5E3,-42,26.1,78.98,25.9,78.62,26.1,78.98,26.2,79.16,26.3,79.34,26.2,79.16,99.0
2026-08-29T00:49:01.673237+00:00,inside in water 2,2551D2CE-42AA-68FB-434E-C7BD2ABBF5E3,-43,26.1,78.98,25.9,78.62,26.1,78.98,26.2,79.16,26.3,79.34,26.2,79.16,99.0
2026-08-29T00:49:03.684671+00:00,inside in water 2,2551D2CE-42AA-68FB-434E-C7BD2ABBF5E3,-43,26.1,78.98,25.9,78.62,26.1,78.98,26.2,79.16,26.3,79.34,26.2,79.16,99.0
2026-08-29T00:49:05.693266+00:00,inside in water 2,2551D2CE-42AA-68FB-434E-C7BD2ABBF5E3,-43,26.1,78.98,25.9,78.62,26.1,78.98,26.2,79.16,26.3,79.34,26.2,79.16,99.0
2026-08-29T00:49:07.702504+00:00,inside in water 2,2551D2CE-42AA-68FB-434E-C7BD2ABBF5E3,-42,26.1,78.98,25.9,78.62,26.1,78.98,26.2,79.16,26.3,79.34,26.2,79.16,99.0
2026-08-29T00:49:09.708796+00:00,inside in water 2,2551D2CE-42AA-68FB-434E-C7BD2ABBF5E3,-42,26.1,78.98,25.9,78.62,26.1,78.98,26.2,79.16,26.3,79.34,26.2,79.16,99.0
2026-08-29T00:49:11.716933+00:00,inside in water 2,2551D2CE-42AA-68FB-434E-C7BD2ABBF5E3,-45,26.1,78.98,25.9,78.62,26.1,78.98,26.2,79.16,26.3,79.34,26.2,79.16,99.0
2026-08-29T00:49:13.724982+00:00,inside in water 2,2551D2CE-42AA-68FB-434E-C7BD2ABBF5E3,-45,26.1,78.98,25.9,78.62,26.1,78.98,26.2,79.16,26.3,79.34,26.2,79.16,99.0
2026-08-29T00:49:15.733962+00:00,inside in water 2,2551D2CE-42AA-68FB-434E-C7BD2ABBF5E3,-42,26.1,78.98,25.9,78.62,26.1,78.98,26.1,78.98,26.3,79.34,26.2,79.16,99.0
2026-08-29T00:49:17.745461+00:00,inside in water 2,2551D2CE-42AA-68FB-434E-C7BD2ABBF5E3,-42,26.1,78.98,25.9,78.62,26.1,78.98,26.1,78.98,26.3,79.34,26.2,79.16,99.0
2026-08-29T00:49:19.760071+00:00,inside in water 2,2551D2CE-42AA-68FB-434E-C7BD2ABBF5E3,-42,26.1,78.98,25.9,78.62,26.1,78.98,26.1,78.98,26.3,79.34,26.2,79.16,99.0
2026-08-29T00:49:21.765572+00:00,inside in water 2,2551D2CE-42AA-68FB-434E-C7BD2ABBF5E3,-43,26.1,78.98,25.9,78.62,26.1,78.98,26.1,78.98,26.2,79.16,26.2,79.16,99.0
2026-08-29T00:49:23.779547+00:00,inside in water 2,2551D2CE-42AA-68FB-434E-C7BD2ABBF5E3,-43,26.1,78.98,25.9,78.62,26.1,78.98,26.1,78.98,26.2,79.16,26.2,79.16,99.0
2026-08-29T00:49:25.800286+00:00,inside in water 2,2551D2CE-42AA-68FB-434E-C7BD2ABBF5E3,-43,26.1,78.98,25.9,78.62,26.1,78.98,26.1,78.98,26.2,79.16,26.2,79.16,99.0
2026-08-29T00:49:27.811380+00:00,inside in water 2,2551D2CE-42AA-68FB-434E-C7BD2ABBF5E3,-43,26.1,78.98,25.9,78.62,26.1,78.98,26.1,78.98,26.2,79.16,26.2,79.16,99.0
2026-08-29T00:49:29.816922+00:00,inside in water 2,2551D2CE-42AA-68FB-434E-C7BD2ABBF5E3,-43,26.1,78.98,25.9,78.62,26.1,78.98,26.1,78.98,26.2,79.16,26.2,79.16,99.0
2026-08-29T00:49:31.823809+00:00,inside in water 2,2551D2CE-42AA-68FB-434E-C7BD2ABBF5E3,-43,26.1,78.98,25.9,78.62,26.1,78.98,26.1,78.98,26.2,79.16,26.2,79.16,99.0
2026-08-29T00:49:33.833809+00:00,inside in water 2,2551D2CE-42AA-68FB-434E-C7BD2ABBF5E3,-42,26.1,78.98,25.9,78.62,26.1,78.98,26.1,78.98,26.2,79.16,26.2,79.16,99.0
2026-08-29T00:49:35.842734+00:00,inside in water 2,2551D2CE-42AA-68FB-434E-C7BD2ABBF5E3,-42,26.1,78.98,25.9,78.62,26.1,78.98,26.1,78.98,26.2,79.16,26.2,79.16,99.0
2026-08-29T00:49:37.847989+00:00,inside in water 2,2551D2CE-42AA-68FB-434E-C7BD2ABBF5E3,-42,26.1,78.98,25.9,78.62,26.1,78.98,26.1,78.98,26.2,79.16,26.2,79.16,99.0
2026-08-29T00:49:39.854792+00:00,inside in water 2,2551D2CE-42AA-68FB-434E-C7BD2ABBF5E3,-42,26.1,78.98,25.9,78.62,26.1,78.98,26.1,78.98,26.2,79.16,26.2,79.16,99.0
2026-08-29T00:49:41.859920+00:00,inside in water 2,2551D2CE-42AA-68FB-434E-C7BD2ABBF5E3,-42,26.1,78.98,25.9,78.62,26.1,78.98,26.1,78.98,26.2,79.16,26.2,79.16,99.0
2026-08-29T00:49:43.873604+00:00,inside in water 2,2551D2CE-42AA-68FB-434E-C7BD2ABBF5E3,-44,26.1,78.98,25.9,78.62,26.1,78.98,26.1,78.98,26.2,79.16,26.2,79.16,99.0
2026-08-29T00:49:45.882998+00:00,inside in water 2,2551D2CE-42AA-68FB-434E-C7BD2ABBF5E3,-44,26.1,78.98,25.9,78.62,26.1,78.98,26.1,78.98,26.2,79.16,26.2,79.16,99.0
2026-08-29T00:49:47.891674+00:00,inside in water 2,2551D2CE-42AA-68FB-434E-C7BD2ABBF5E3,-43,26.1,78.98,25.9,78.62,26.1,78.98,26.1,78.98,26.2,79.16,26.2,79.16,99.0
2026-08-29T00:49:49.905499+00:00,inside in water 2,2551D2CE-42AA-68FB-434E-C7BD2ABBF5E3,-42,26.1,78.98,25.8,78.44,26.1,78.98,26.1,78.98,26.2,79.16,26.2,79.16,99.0
2026-08-29T00:49:51.911714+00:00,inside in water 2,2551D2CE-42AA-68FB-434E-C7BD2ABBF5E3,-44,26.1,78.98,25.8,78.44,26.1,78.98,26.1,78.98,26.2,79.16,26.2,79.16,99.0
2026-08-29T00:49:53.942637+00:00,inside in water 2,2551D2CE-42AA-68FB-434E-C7BD2ABBF5E3,-44,26.1,78.98,25.8,78.44,26.1,78.98,26.1,78.98,26.2,79.16,26.2,79.16,99.0
2026-08-29T00:49:55.972710+00:00,inside in water 2,2551D2CE-42AA-68FB-434E-C7BD2ABBF5E3,-43,26.1,78.98,25.8,78.44,26.1,78.98,26.1,78.98,26.2,79.16,26.1,78.98,99.0
2026-08-29T00:49:57.978743+00:00,inside in water 2,2551D2CE-42AA-68FB-434E-C7BD2ABBF5E3,-43,26.1,78.98,25.8,78.44,26.1,78.98,26.1,78.98,26.2,79.16,26.2,79.16,99.0
2026-08-29T00:49:59.988142+00:00,inside in water 2,2551D2CE-42AA-68FB-434E-C7BD2ABBF5E3,-45,26.1,78.98,25.9,78.62,26.1,78.98,26.1,78.98,26.2,79.16,26.2,79.16,99.0
2026-08-29T00:50:01.995876+00:00,inside in water 2,2551D2CE-42AA-68FB-434E-C7BD2ABBF5E3,-45,26.1,78.98,25.9,78.62,26.1,78.98,26.1,78.98,26.2,79.16,26.2,79.16,99.0
2026-08-29T00:50:04.007001+00:00,inside in water 2,2551D2CE-42AA-68FB-434E-C7BD2ABBF5E3,-45,26.1,78.98,25.9,78.62,26.1,78.98,26.1,78.98,26.2,79.16,26.2,79.16,99.0
2026-08-29T00:50:06.017966+00:00,inside in water 2,2551D2CE-42AA-68FB-434E-C7BD2ABBF5E3,-42,26.1,78.98,25.9,78.62,26.1,78.98,26.1,78.98,26.2,79.16,26.1,78.98,99.0
2026-08-29T00:50:08.026776+00:00,inside in water 2,2551D2CE-42AA-68FB-434E-C7BD2ABBF5E3,-45,26.1,78.98,25.9,78.62,26.1,78.98,26.1,78.98,26.2,79.16,26.1,78.98,99.0
2026-08-29T00:50:10.036619+00:00,inside in water 2,2551D2CE-42AA-68FB-434E-C7BD2ABBF5E3,-45,26.1,78.98,25.9,78.62,26.1,78.98,26.1,78.98,26.2,79.16,26.1,78.98,99.0
2026-08-29T00:50:12.051746+00:00,inside in water 2,2551D2CE-42AA-68FB-434E-C7BD2ABBF5E3,-45,26.1,78.98,25.9,78.62,26.1,78.98,26.1,78.98,26.2,79.16,26.1,78.98,99.0
2026-08-29T00:50:14.063785+00:00,inside in water 2,2551D2CE-42AA-68FB-434E-C7BD2ABBF5E3,-43,26.1,78.98,25.8,78.44,26.1,78.98,26.1,78.98,26.2,79.16,26.1,78.98,99.0
2026-08-29T00:50:16.082351+00:00,inside in water 2,2551D2CE-42AA-68FB-434E-C7BD2ABBF5E3,-43,26.1,78.98,25.8,78.44,26.1,78.98,26.1,78.98,26.2,79.16,26.1,78.98,99.0
2026-08-29T00:50:18.092886+00:00,inside in water 2,2551D2CE-42AA-68FB-434E-C7BD2ABBF5E3,-45,26.1,78.98,25.9,78.62,26.1,78.98,26.1,78.98,26.2,79.16,26.1,78.98,99.0
2026-08-29T00:50:20.097632+00:00,inside in water 2,2551D2CE-42AA-68FB-434E-C7BD2ABBF5E3,-45,26.1,78.98,25.9,78.62,26.1,78.98,26.1,78.98,26.2,79.16,26.1,78.98,99.0
2026-08-29T00:50:22.104710+00:00,inside in water 2,2551D2CE-42AA-68FB-434E-C7BD2ABBF5E3,-42,26.1,78.98,25.9,78.62,26.1,78.98,26.1,78.98,26.2,79.16,26.1,78.98,99.0
2026-08-29T00:50:24.116392+00:00,inside in water 2,2551D2CE-42AA-68FB-434E-C7BD2ABBF5E3,-43,26.1,78.98,25.9,78.62,26.1,78.98,26.1,78.98,26.2,79.16,26.1,78.98,99.0
2026-08-29T00:50:26.126479+00:00,inside in water 2,2551D2CE-42AA-68FB-434E-C7BD2ABBF5E3,-42,26.1,78.98,25.8,78.44,26.1,78.98,26.1,78.98,26.2,79.16,26.1,78.98,99.0
2026-08-29T00:50:28.135386+00:00,inside in water 2,2551D2CE-42AA-68FB-434E-C7BD2ABBF5E3,-46,26.1,78.98,25.8,78.44,26.1,78.98,26.1,78.98,26.2,79.16,26.1,78.98,99.0
2026-08-29T00:50:30.142057+00:00,inside in water 2,2551D2CE-42AA-68FB-434E-C7BD2ABBF5E3,-42,26.1,78.98,25.9,78.62,26.1,78.98,26.1,78.98,26.2,79.16,26.1,78.98,99.0
2026-08-29T00:50:32.150218+00:00,inside in water 2,2551D2CE-42AA-68FB-434E-C7BD2ABBF5E3,-42,26.1,78.98,25.9,78.62,26.1,78.98,26.1,78.98,26.2,79.16,26.1,78.98,99.0
2026-08-29T00:50:34.176405+00:00,inside in water 2,2551D2CE-42AA-68FB-434E-C7BD2ABBF5E3,-42,26.1,78.98,25.9,78.62,26.1,78.98,26.1,78.98,26.2,79.16,26.1,78.98,99.0
2026-08-29T00:50:36.188393+00:00,inside in water 2,2551D2CE-42AA-68FB-434E-C7BD2ABBF5E3,-45,26.1,78.98,25.9,78.62,26.1,78.98,26.1,78.98,26.2,79.16,26.1,78.98,99.0
2026-08-29T00:50:38.197574+00:00,inside in water 2,2551D2CE-42AA-68FB-434E-C7BD2ABBF5E3,-43,26.1,78.98,25.9,78.62,26.1,78.98,26.1,78.98,26.2,79.16,26.1,78.98,99.0
2026-08-29T00:50:40.205020+00:00,inside in water 2,2551D2CE-42AA-68FB-434E-C7BD2ABBF5E3,-42,26.1,78.98,25.8,78.44,26.1,78.98,26.1,78.98,26.2,79.16,26.1,78.98,99.0
2026-08-29T00:50:42.217241+00:00,inside in water 2,2551D2CE-42AA-68FB-434E-C7BD2ABBF5E3,-42,26.1,78.98,25.8,78.44,26.1,78.98,26.1,78.98,26.2,79.16,26.1,78.98,99.0
2026-08-29T00:50:44.234461+00:00,inside in water 2,2551D2CE-42AA-68FB-434E-C7BD2ABBF5E3,-58,26.1,78.98,25.9,78.62,26.1,78.98,26.1,78.98,26.2,79.16,26.1,78.98,99.0
2026-08-29T00:50:46.244983+00:00,inside in water 2,2551D2CE-42AA-68FB-434E-C7BD2ABBF5E3,-56,26.1,78.98,25.8,78.44,26.1,78.98,26.1,78.98,26.2,79.16,26.1,78.98,99.0
2026-08-29T00:50:48.256107+00:00,inside in water 2,2551D2CE-42AA-68FB-434E-C7BD2ABBF5E3,-53,26.1,78.98,25.9,78.62,26.1,78.98,26.1,78.98,26.2,79.16,26.1,78.98,99.0
2026-08-29T00:50:50.270003+00:00,inside in water 2,2551D2CE-42AA-68FB-434E-C7BD2ABBF5E3,-58,26.1,78.98,25.8,78.44,26.1,78.98,26.1,78.98,26.2,79.16,26.1,78.98,99.0
2026-08-29T00:50:52.284072+00:00,inside in water 2,2551D2CE-42AA-68FB-434E-C7BD2ABBF5E3,-54,26.1,78.98,25.9,78.62,26.1,78.98,26.1,78.98,26.2,79.16,26.1,78.98,99.0
2026-08-29T00:50:54.291262+00:00,inside in water 2,2551D2CE-42AA-68FB-434E-C7BD2ABBF5E3,-53,26.1,78.98,25.7,78.25999999999999,26.1,78.98,26.1,78.98,26.2,79.16,26.1,78.98,99.0
2026-08-29T00:50:56.293585+00:00,inside in water 2,2551D2CE-42AA-68FB-434E-C7BD2ABBF5E3,-55,26.0,78.80000000000001,25.8,78.44,26.0,78.80000000000001,26.1,78.98,26.2,79.16,26.1,78.98,99.0
2026-08-29T00:50:58.298439+00:00,inside in water 2,2551D2CE-42AA-68FB-434E-C7BD2ABBF5E3,-58,26.1,78.98,25.8,78.44,26.1,78.98,26.1,78.98,26.2,79.16,26.1,78.98,99.0
2026-08-29T00:51:00.305291+00:00,inside in water 2,2551D2CE-42AA-68FB-434E-C7BD2ABBF5E3,-55,26.1,78.98,25.8,78.44,26.1,78.98,26.1,78.98,26.2,79.16,26.1,78.98,99.0
2026-08-29T00:51:02.311130+00:00,inside in water 2,2551D2CE-42AA-68FB-434E-C7BD2ABBF5E3,-55,26.1,78.98,25.8,78.44,26.1,78.98,26.1,78.98,26.2,79.16,26.1,78.98,99.0
2026-08-29T00:51:04.316337+00:00,inside in water 2,2551D2CE-42AA-68FB-434E-C7BD2ABBF5E3,-56,26.0,78.80000000000001,25.8,78.44,26.0,78.80000000000001,26.1,78.98,26.2,79.16,26.1,78.98,99.0
2026-08-29T00:51:06.322888+00:00,inside in water 2,2551D2CE-42AA-68FB-434E-C7BD2ABBF5E3,-56,26.0,78.80000000000001,25.8,78.44,26.0,78.80000000000001,26.1,78.98,26.2,79.16,26.1,78.98,99.0
2026-08-29T00:51:08.329564+00:00,inside in water 2,2551D2CE-42AA-68FB-434E-C7BD2ABBF5E3,-56,26.0,78.80000000000001,25.8,78.44,26.0,78.80000000000001,26.1,78.98,26.2,79.16,26.1,78.98,99.0
2026-08-29T00:51:10.332821+00:00,inside in water 2,2551D2CE-42AA-68FB-434E-C7BD2ABBF5E3,-56,26.0,78.80000000000001,25.8,78.44,26.0,78.80000000000001,26.1,78.98,26.2,79.16,26.1,78.98,99.0
2026-08-29T00:51:12.338124+00:00,inside in water 2,2551D2CE-42AA-68FB-434E-C7BD2ABBF5E3,-56,26.1,78.98,25.8,78.44,26.1,78.98,26.1,78.98,26.2,79.16,26.1,78.98,99.0
2026-08-29T00:51:14.342913+00:00,inside in water 2,2551D2CE-42AA-68FB-434E-C7BD2ABBF5E3,-56,26.1,78.98,25.8,78.44,26.1,78.98,26.1,78.98,26.2,79.16,26.1,78.98,99.0
2026-08-29T00:51:16.346636+00:00,inside in water 2,2551D2CE-42AA-68FB-434E-C7BD2ABBF5E3,-56,26.1,78.98,25.8,78.44,26.1,78.98,26.1,78.98,26.2,79.16,26.1,78.98,99.0
2026-08-29T00:51:18.352610+00:00,inside in water 2,2551D2CE-42AA-68FB-434E-C7BD2ABBF5E3,-52,26.1,78.98,25.7,78.25999999999999,26.1,78.98,26.1,78.98,26.2,79.16,26.1,78.98,99.0
2026-08-29T00:51:20.357698+00:00,inside in water 2,2551D2CE-42AA-68FB-434E-C7BD2ABBF5E3,-54,26.1,78.98,25.7,78.25999999999999,26.1,78.98,26.1,78.98,26.2,79.16,26.1,78.98,99.0
2026-08-29T00:51:22.360168+00:00,inside in water 2,2551D2CE-42AA-68FB-434E-C7BD2ABBF5E3,-52,26.1,78.98,25.8,78.44,26.1,78.98,26.1,78.98,26.2,79.16,26.1,78.98,99.0
2026-08-29T00:51:24.362195+00:00,inside in water 2,2551D2CE-42AA-68FB-434E-C7BD2ABBF5E3,-54,26.1,78.98,25.7,78.25999999999999,26.1,78.98,26.1,78.98,26.2,79.16,26.1,78.98,99.0
2026-08-29T00:51:26.363711+00:00,inside in water 2,2551D2CE-42AA-68FB-434E-C7BD2ABBF5E3,-54,26.1,78.98,25.7,78.25999999999999,26.1,78.98,26.1,78.98,26.2,79.16,26.1,78.98,99.0
2026-08-29T00:51:28.366490+00:00,inside in water 2,2551D2CE-42AA-68FB-434E-C7BD2ABBF5E3,-54,26.1,78.98,25.7,78.25999999999999,26.1,78.98,26.1,78.98,26.2,79.16,26.1,78.98,99.0
2026-08-29T00:51:30.373148+00:00,inside in water 2,2551D2CE-42AA-68FB-434E-C7BD2ABBF5E3,-50,26.1,78.98,25.8,78.44,26.1,78.98,26.1,78.98,26.2,79.16,26.1,78.98,99.0
2026-08-29T00:51:32.375923+00:00,inside in water 2,2551D2CE-42AA-68FB-434E-C7BD2ABBF5E3,-53,26.0,78.80000000000001,25.7,78.25999999999999,26.0,78.80000000000001,26.1,78.98,26.2,79.16,26.1,78.98,99.0
2026-08-29T00:51:34.380966+00:00,inside in water 2,2551D2CE-42AA-68FB-434E-C7BD2ABBF5E3,-51,26.0,78.80000000000001,25.7,78.25999999999999,26.0,78.80000000000001,26.1,78.98,26.2,79.16,26.1,78.98,99.0
2026-08-29T00:51:36.385903+00:00,inside in water 2,2551D2CE-42AA-68FB-434E-C7BD2ABBF5E3,-63,26.0,78.80000000000001,25.7,78.25999999999999,26.0,78.80000000000001,26.1,78.98,26.2,79.16,26.1,78.98,99.0
2026-08-29T00:51:38.391175+00:00,inside in water 2,2551D2CE-42AA-68FB-434E-C7BD2ABBF5E3,-63,26.0,78.80000000000001,25.7,78.25999999999999,26.0,78.80000000000001,26.1,78.98,26.2,79.16,26.1,78.98,99.0
2026-08-29T00:51:40.396304+00:00,inside in water 2,2551D2CE-42AA-68FB-434E-C7BD2ABBF5E3,-63,26.0,78.80000000000001,25.7,78.25999999999999,26.0,78.80000000000001,26.1,78.98,26.2,79.16,26.1,78.98,99.0
2026-08-29T00:51:42.402127+00:00,inside in water 2,2551D2CE-42AA-68FB-434E-C7BD2ABBF5E3,-63,26.0,78.80000000000001,25.7,78.25999999999999,26.0,78.80000000000001,26.1,78.98,26.2,79.16,26.1,78.98,99.0
2026-08-29T00:51:44.404656+00:00,inside in water 2,2551D2CE-42AA-68FB-434E-C7BD2ABBF5E3,-52,26.0,78.80000000000001,25.7,78.25999999999999,26.0,78.80000000000001,26.1,78.98,26.2,79.16,26.1,78.98,99.0
2026-08-29T00:51:46.409350+00:00,inside in water 2,2551D2CE-42AA-68FB-434E-C7BD2ABBF5E3,-52,26.0,78.80000000000001,25.7,78.25999999999999,26.0,78.80000000000001,26.1,78.98,26.2,79.16,26.1,78.98,99.0
2026-08-29T00:51:48.414909+00:00,inside in water 2,2551D2CE-42AA-68FB-434E-C7BD2ABBF5E3,-52,26.0,78.80000000000001,25.7,78.25999999999999,26.0,78.80000000000001,26.1,78.98,26.2,79.16,26.1,78.98,99.0
2026-08-29T00:51:50.417760+00:00,inside in water 2,2551D2CE-42AA-68FB-434E-C7BD2ABBF5E3,-52,26.0,78.80000000000001,25.7,78.25999999999999,26.0,78.80000000000001,26.1,78.98,26.2,79.16,26.1,78.98,99.0
2026-08-29T00:51:52.421644+00:00,inside in water 2,2551D2CE-42AA-68FB-434E-C7BD2ABBF5E3,-52,26.0,78.80000000000001,25.7,78.25999999999999,26.0,78.80000000000001,26.1,78.98,26.2,79.16,26.1,78.98,99.0
2026-08-29T00:51:54.426554+00:00,inside in water 2,2551D2CE-42AA-68FB-434E-C7BD2ABBF5E3,-52,26.0,78.80000000000001,25.7,78.25999999999999,26.0,78.80000000000001,26.1,78.98,26.2,79.16,26.1,78.98,99.0
2026-08-29T00:51:56.432309+00:00,inside in water 2,2551D2CE-42AA-68FB-434E-C7BD2ABBF5E3,-53,26.0,78.80000000000001,25.7,78.25999999999999,26.0,78.80000000000001,26.1,78.98,26.2,79.16,26.1,78.98,99.0
2026-08-29T00:51:58.438111+00:00,inside in water 2,2551D2CE-42AA-68FB-434E-C7BD2ABBF5E3,-51,26.0,78.80000000000001,25.8,78.44,26.0,78.80000000000001,26.1,78.98,26.2,79.16,26.1,78.98,99.0
2026-08-29T00:52:00.443892+00:00,inside in water 2,2551D2CE-42AA-68FB-434E-C7BD2ABBF5E3,-51,26.0,78.80000000000001,25.8,78.44,26.0,78.80000000000001,26.1,78.98,26.2,79.16,26.1,78.98,99.0
2026-08-29T00:52:02.449865+00:00,inside in water 2,2551D2CE-42AA-68FB-434E-C7BD2ABBF5E3,-53,26.0,78.80000000000001,25.6,78.08000000000001,26.0,78.80000000000001,26.1,78.98,26.2,79.16,26.1,78.98,99.0
2026-08-29T00:52:04.455324+00:00,inside in water 2,2551D2CE-42AA-68FB-434E-C7BD2ABBF5E3,-53,26.1,78.98,25.7,78.25999999999999,26.1,78.98,26.1,78.98,26.2,79.16,26.1,78.98,99.0
2026-08-29T00:52:06.466430+00:00,inside in water 2,2551D2CE-42AA-68FB-434E-C7BD2ABBF5E3,-58,26.1,78.98,25.7,78.25999999999999,26.1,78.98,26.1,78.98,26.2,79.16,26.1,78.98,99.0
2026-08-29T00:52:08.472120+00:00,inside in water 2,2551D2CE-42AA-68FB-434E-C7BD2ABBF5E3,-53,26.0,78.80000000000001,25.8,78.44,26.0,78.80000000000001,26.1,78.98,26.2,79.16,26.1,78.98,99.0
2026-08-29T00:52:10.478174+00:00,inside in water 2,2551D2CE-42AA-68FB-434E-C7BD2ABBF5E3,-53,26.1,78.98,25.8,78.44,26.1,78.98,26.1,78.98,26.2,79.16,26.1,78.98,99.0
2026-08-29T00:52:12.485734+00:00,inside in water 2,2551D2CE-42AA-68FB-434E-C7BD2ABBF5E3,-53,26.1,78.98,25.8,78.44,26.1,78.98,26.1,78.98,26.2,79.16,26.1,78.98,99.0
2026-08-29T00:52:14.492718+00:00,inside in water 2,2551D2CE-42AA-68FB-434E-C7BD2ABBF5E3,-53,26.0,78.80000000000001,25.8,78.44,26.0,78.80000000000001,26.1,78.98,26.2,79.16,26.1,78.98,99.0
2026-08-29T00:52:16.498784+00:00,inside in water 2,2551D2CE-42AA-68FB-434E-C7BD2ABBF5E3,-53,26.0,78.80000000000001,25.8,78.44,26.0,78.80000000000001,26.1,78.98,26.2,79.16,26.1,78.98,99.0
2026-08-29T00:52:18.504406+00:00,inside in water 2,2551D2CE-42AA-68FB-434E-C7BD2ABBF5E3,-55,26.0,78.80000000000001,25.8,78.44,26.0,78.80000000000001,26.1,78.98,26.2,79.16,26.1,78.98,99.0
2026-08-29T00:52:20.511198+00:00,inside in water 2,2551D2CE-42AA-68FB-434E-C7BD2ABBF5E3,-52,26.0,78.80000000000001,25.8,78.44,26.0,78.80000000000001,26.1,78.98,26.2,79.16,26.1,78.98,99.0
2026-08-29T00:52:22.517838+00:00,inside in water 2,2551D2CE-42AA-68FB-434E-C7BD2ABBF5E3,-53,26.0,78.80000000000001,25.7,78.25999999999999,26.0,78.80000000000001,26.1,78.98,26.2,79.16,26.1,78.98,99.0
2026-08-29T00:52:24.523714+00:00,inside in water 2,2551D2CE-42AA-68FB-434E-C7BD2ABBF5E3,-53,26.0,78.80000000000001,25.7,78.25999999999999,26.0,78.80000000000001,26.1,78.98,26.2,79.16,26.1,78.98,99.0
2026-08-29T00:52:26.531753+00:00,inside in water 2,2551D2CE-42AA-68FB-434E-C7BD2ABBF5E3,-53,26.0,78.80000000000001,25.7,78.25999999999999,26.0,78.80000000000001,26.1,78.98,26.2,79.16,26.1,78.98,99.0
2026-08-29T00:52:28.543517+00:00,inside in water 2,2551D2CE-42AA-68FB-434E-C7BD2ABBF5E3,-54,26.1,78.98,25.6,78.08000000000001,26.1,78.98,26.1,78.98,26.2,79.16,26.1,78.98,99.0
2026-08-29T00:52:30.548283+00:00,inside in water 2,2551D2CE-42AA-68FB-434E-C7BD2ABBF5E3,-54,26.0,78.80000000000001,25.6,78.08000000000001,26.0,78.80000000000001,26.1,78.98,26.2,79.16,26.1,78.98,99.0
2026-08-29T00:52:32.551603+00:00,inside in water 2,2551D2CE-42AA-68FB-434E-C7BD2ABBF5E3,-52,26.0,78.80000000000001,25.8,78.44,26.0,78.80000000000001,26.1,78.98,26.2,79.16,26.1,78.98,99.0
2026-08-29T00:52:34.560570+00:00,inside in water 2,2551D2CE-42AA-68FB-434E-C7BD2ABBF5E3,-52,26.0,78.80000000000001,25.8,78.44,26.0,78.80000000000001,26.1,78.98,26.2,79.16,26.1,78.98,99.0
2026-08-29T00:52:36.567372+00:00,inside in water 2,2551D2CE-42AA-68FB-434E-C7BD2ABBF5E3,-52,26.0,78.80000000000001,25.7,78.25999999999999,26.0,78.80000000000001,26.1,78.98,26.2,79.16,26.1,78.98,99.0
2026-08-29T00:52:38.574225+00:00,inside in water 2,2551D2CE-42AA-68FB-434E-C7BD2ABBF5E3,-55,26.0,78.80000000000001,25.7,78.25999999999999,26.0,78.80000000000001,26.1,78.98,26.2,79.16,26.1,78.98,99.0
2026-08-29T00:52:40.576545+00:00,inside in water 2,2551D2CE-42AA-68FB-434E-C7BD2ABBF5E3,-54,26.0,78.80000000000001,25.7,78.25999999999999,26.0,78.80000000000001,26.1,78.98,26.2,79.16,26.1,78.98,99.0
2026-08-29T00:52:42.582072+00:00,inside in water 2,2551D2CE-42AA-68FB-434E-C7BD2ABBF5E3,-54,26.0,78.80000000000001,25.7,78.25999999999999,26.0,78.80000000000001,26.1,78.98,26.2,79.16,26.1,78.98,99.0
2026-08-29T00:52:44.586882+00:00,inside in water 2,2551D2CE-42AA-68FB-434E-C7BD2ABBF5E3,-54,26.0,78.80000000000001,25.7,78.25999999999999,26.0,78.80000000000001,26.1,78.98,26.2,79.16,26.1,78.98,99.0
2026-08-29T00:52:46.591863+00:00,inside in water 2,2551D2CE-42AA-68FB-434E-C7BD2ABBF5E3,-66,26.0,78.80000000000001,25.7,78.25999999999999,26.0,78.80000000000001,26.1,78.98,26.2,79.16,26.2,79.16,99.0
2026-08-29T00:52:48.598013+00:00,inside in water 2,2551D2CE-42AA-68FB-434E-C7BD2ABBF5E3,-64,26.0,78.80000000000001,25.7,78.25999999999999,26.0,78.80000000000001,26.1,78.98,26.2,79.16,26.2,79.16,99.0
2026-08-29T00:52:50.604224+00:00,inside in water 2,2551D2CE-42AA-68FB-434E-C7BD2ABBF5E3,-58,26.0,78.80000000000001,25.7,78.25999999999999,26.0,78.80000000000001,26.1,78.98,26.2,79.16,26.2,79.16,99.0
2026-08-29T00:52:52.611985+00:00,inside in water 2,2551D2CE-42AA-68FB-434E-C7BD2ABBF5E3,-58,26.0,78.80000000000001,25.7,78.25999999999999,26.0,78.80000000000001,26.1,78.98,26.2,79.16,26.2,79.16,99.0
2026-08-29T00:52:54.619199+00:00,inside in water 2,2551D2CE-42AA-68FB-434E-C7BD2ABBF5E3,-69,26.0,78.80000000000001,25.7,78.25999999999999,26.0,78.80000000000001,26.0,78.80000000000001,26.2,79.16,26.3,79.34,99.0
2026-08-29T00:52:56.624347+00:00,inside in water 2,2551D2CE-42AA-68FB-434E-C7BD2ABBF5E3,-69,26.0,78.80000000000001,25.7,78.25999999999999,26.0,78.80000000000001,26.0,78.80000000000001,26.2,79.16,26.3,79.34,99.0
2026-08-29T00:52:58.630396+00:00,inside in water 2,2551D2CE-42AA-68FB-434E-C7BD2ABBF5E3,-37,26.2,79.16,26.0,78.80000000000001,26.2,79.16,26.4,79.52,26.6,79.88,26.5,79.7,99.0
2026-08-29T00:53:00.635255+00:00,inside in water 2,2551D2CE-42AA-68FB-434E-C7BD2ABBF5E3,-35,27.0,80.6,26.0,78.80000000000001,27.0,80.6,27.1,80.78,27.2,80.96000000000001,26.7,80.06,99.0
2026-08-29T00:53:02.642920+00:00,inside in water 2,2551D2CE-42AA-68FB-434E-C7BD2ABBF5E3,-35,27.0,80.6,26.0,78.80000000000001,27.0,80.6,27.1,80.78,27.2,80.96000000000001,26.7,80.06,99.0
2026-08-29T00:53:04.649129+00:00,inside in water 2,2551D2CE-42AA-68FB-434E-C7BD2ABBF5E3,-35,27.0,80.6,26.0,78.80000000000001,27.0,80.6,27.1,80.78,27.2,80.96000000000001,26.7,80.06,99.0
2026-08-29T00:53:06.657555+00:00,inside in water 2,2551D2CE-42AA-68FB-434E-C7BD2ABBF5E3,-53,27.0,80.6,26.0,78.80000000000001,27.0,80.6,27.1,80.78,27.2,80.96000000000001,26.7,80.06,99.0
2026-08-29T00:53:08.662567+00:00,inside in water 2,2551D2CE-42AA-68FB-434E-C7BD2ABBF5E3,-46,29.6,85.28,26.2,79.16,30.2,86.36,29.7,85.46000000000001,29.6,85.28,27.5,81.5,99.0
2026-08-29T00:53:10.669148+00:00,inside in water 2,2551D2CE-42AA-68FB-434E-C7BD2ABBF5E3,-69,29.6,85.28,26.2,79.16,30.2,86.36,29.7,85.46000000000001,29.6,85.28,27.5,81.5,99.0
2026-08-29T00:53:12.672831+00:00,inside in water 2,2551D2CE-42AA-68FB-434E-C7BD2ABBF5E3,-66,30.5,86.9,26.3,79.34,31.3,88.34,30.8,87.44,30.5,86.9,28.5,83.30000000000001,99.0
2026-08-29T00:53:14.677625+00:00,inside in water 2,2551D2CE-42AA-68FB-434E-C7BD2ABBF5E3,-70,30.8,87.44,26.3,79.34,31.5,88.7,31.2,88.16,30.8,87.44,28.9,84.02,99.0
2026-08-29T00:53:16.683236+00:00,inside in water 2,2551D2CE-42AA-68FB-434E-C7BD2ABBF5E3,-70,30.8,87.44,26.3,79.34,31.5,88.7,31.2,88.16,30.8,87.44,28.9,84.02,99.0
2026-08-29T00:53:18.692438+00:00,inside in water 2,2551D2CE-42AA-68FB-434E-C7BD2ABBF5E3,-70,30.8,87.44,26.3,79.34,31.5,88.7,31.2,88.16,30.8,87.44,28.9,84.02,99.0
2026-08-29T00:53:20.697793+00:00,inside in water 2,2551D2CE-42AA-68FB-434E-C7BD2ABBF5E3,-66,30.8,87.44,26.3,79.34,31.5,88.7,31.2,88.16,30.8,87.44,28.9,84.02,99.0
2026-08-29T00:53:22.703098+00:00,inside in water 2,2551D2CE-42AA-68FB-434E-C7BD2ABBF5E3,-79,32.1,89.78,26.3,79.34,32.6,90.68,32.4,90.32,32.1,89.78,30.5,86.9,99.0
2026-08-29T00:53:24.708235+00:00,inside in water 2,2551D2CE-42AA-68FB-434E-C7BD2ABBF5E3,-62,32.5,90.5,26.2,79.16,32.9,91.22,32.8,91.03999999999999,32.5,90.5,30.9,87.62,99.0
2026-08-29T00:53:26.714623+00:00,inside in water 2,2551D2CE-42AA-68FB-434E-C7BD2ABBF5E3,-62,32.5,90.5,26.2,79.16,32.9,91.22,32.8,91.03999999999999,32.5,90.5,30.9,87.62,99.0
2026-08-29T00:53:28.720178+00:00,inside in water 2,2551D2CE-42AA-68FB-434E-C7BD2ABBF5E3,-62,32.5,90.5,26.2,79.16,32.9,91.22,32.8,91.03999999999999,32.5,90.5,30.9,87.62,99.0
2026-08-29T00:53:30.727253+00:00,inside in water 2,2551D2CE-42AA-68FB-434E-C7BD2ABBF5E3,-62,32.5,90.5,26.2,79.16,32.9,91.22,32.8,91.03999999999999,32.5,90.5,30.9,87.62,99.0
2026-08-29T00:53:32.733725+00:00,inside in water 2,2551D2CE-42AA-68FB-434E-C7BD2ABBF5E3,-62,32.5,90.5,26.2,79.16,32.9,91.22,32.8,91.03999999999999,32.5,90.5,30.9,87.62,99.0
2026-08-29T00:53:34.738430+00:00,inside in water 2,2551D2CE-42AA-68FB-434E-C7BD2ABBF5E3,-62,32.5,90.5,26.2,79.16,32.9,91.22,32.8,91.03999999999999,32.5,90.5,30.9,87.62,99.0
2026-08-29T00:53:36.742584+00:00,inside in water 2,2551D2CE-42AA-68FB-434E-C7BD2ABBF5E3,-62,32.5,90.5,26.2,79.16,32.9,91.22,32.8,91.03999999999999,32.5,90.5,30.9,87.62,99.0
2026-08-29T00:53:38.748123+00:00,inside in water 2,2551D2CE-42AA-68FB-434E-C7BD2ABBF5E3,-84,33.4,92.12,26.4,79.52,33.7,92.66,33.7,92.66,33.4,92.12,31.9,89.42,99.0
2026-08-29T00:53:40.753506+00:00,inside in water 2,2551D2CE-42AA-68FB-434E-C7BD2ABBF5E3,-84,33.4,92.12,26.4,79.52,33.7,92.66,33.7,92.66,33.4,92.12,31.9,89.42,99.0
2026-08-29T00:53:42.757455+00:00,inside in water 2,2551D2CE-42AA-68FB-434E-C7BD2ABBF5E3,-84,33.4,92.12,26.4,79.52,33.7,92.66,33.7,92.66,33.4,92.12,31.9,89.42,99.0
2026-08-29T00:53:44.762373+00:00,inside in water 2,2551D2CE-42AA-68FB-434E-C7BD2ABBF5E3,-61,33.8,92.84,26.3,79.34,33.9,93.02,34.0,93.2,33.8,92.84,32.1,89.78,99.0
2026-08-29T00:53:46.768706+00:00,inside in water 2,2551D2CE-42AA-68FB-434E-C7BD2ABBF5E3,-60,34.0,93.2,26.3,79.34,34.0,93.2,34.2,93.56,34.0,93.2,32.1,89.78,99.0
2026-08-29T00:53:48.775536+00:00,inside in water 2,2551D2CE-42AA-68FB-434E-C7BD2ABBF5E3,-61,34.0,93.2,26.3,79.34,34.0,93.2,34.2,93.56,34.0,93.2,32.1,89.78,99.0
2026-08-29T00:53:50.781276+00:00,inside in water 2,2551D2CE-42AA-68FB-434E-C7BD2ABBF5E3,-61,34.0,93.2,26.3,79.34,34.0,93.2,34.2,93.56,34.0,93.2,32.1,89.78,99.0
2026-08-29T00:53:52.786843+00:00,inside in water 2,2551D2CE-42AA-68FB-434E-C7BD2ABBF5E3,-65,34.3,93.74,26.4,79.52,34.3,93.74,34.5,94.1,34.3,93.74,32.0,89.6,99.0
2026-08-29T00:53:54.791682+00:00,inside in water 2,2551D2CE-42AA-68FB-434E-C7BD2ABBF5E3,-65,34.3,93.74,26.4,79.52,34.3,93.74,34.5,94.1,34.3,93.74,32.0,89.6,99.0
2026-08-29T00:53:56.796820+00:00,inside in water 2,2551D2CE-42AA-68FB-434E-C7BD2ABBF5E3,-62,34.3,93.74,26.4,79.52,34.3,93.74,34.5,94.1,34.3,93.74,32.0,89.6,99.0
2026-08-29T00:53:58.798902+00:00,inside in water 2,2551D2CE-42AA-68FB-434E-C7BD2ABBF5E3,-62,34.3,93.74,26.4,79.52,34.3,93.74,34.5,94.1,34.3,93.74,32.0,89.6,99.0
2026-08-29T00:54:00.805213+00:00,inside in water 2,2551D2CE-42AA-68FB-434E-C7BD2ABBF5E3,-42,34.3,93.74,26.4,79.52,34.3,93.74,34.5,94.1,34.3,93.74,32.0,89.6,99.0
2026-08-29T00:54:02.809483+00:00,inside in water 2,2551D2CE-42AA-68FB-434E-C7BD2ABBF5E3,-64,34.2,93.56,26.5,79.7,34.2,93.56,34.7,94.46000000000001,34.4,93.92,32.0,89.6,99.0
2026-08-29T00:54:04.816237+00:00,inside in water 2,2551D2CE-42AA-68FB-434E-C7BD2ABBF5E3,-65,34.2,93.56,26.5,79.7,34.2,93.56,34.7,94.46000000000001,34.4,93.92,32.0,89.6,99.0
2026-08-29T00:54:06.821810+00:00,inside in water 2,2551D2CE-42AA-68FB-434E-C7BD2ABBF5E3,-65,34.2,93.56,26.5,79.7,34.2,93.56,34.7,94.46000000000001,34.4,93.92,32.0,89.6,99.0
2026-08-29T00:54:08.826378+00:00,inside in water 2,2551D2CE-42AA-68FB-434E-C7BD2ABBF5E3,-63,33.9,93.02,26.9,80.42,33.9,93.02,34.3,93.74,34.0,93.2,31.7,89.06,99.0
2026-08-29T00:54:10.831273+00:00,inside in water 2,2551D2CE-42AA-68FB-434E-C7BD2ABBF5E3,-70,33.8,92.84,26.8,80.24000000000001,33.8,92.84,34.3,93.74,34.0,93.2,31.6,88.88,99.0
2026-08-29T00:54:12.836835+00:00,inside in water 2,2551D2CE-42AA-68FB-434E-C7BD2ABBF5E3,-62,33.8,92.84,26.8,80.24000000000001,33.8,92.84,34.3,93.74,34.0,93.2,31.6,88.88,99.0
2026-08-29T00:54:14.842280+00:00,inside in water 2,2551D2CE-42AA-68FB-434E-C7BD2ABBF5E3,-62,33.8,92.84,26.8,80.24000000000001,33.8,92.84,34.3,93.74,34.0,93.2,31.6,88.88,99.0
2026-08-29T00:54:16.846021+00:00,inside in water 2,2551D2CE-42AA-68FB-434E-C7BD2ABBF5E3,-62,33.8,92.84,26.8,80.24000000000001,33.8,92.84,34.3,93.74,34.0,93.2,31.6,88.88,99.0
2026-08-29T00:54:18.853245+00:00,inside in water 2,2551D2CE-42AA-68FB-434E-C7BD2ABBF5E3,-67,33.3,91.94,26.8,80.24000000000001,33.3,91.94,33.7,92.66,33.4,92.12,31.2,88.16,99.0
2026-08-29T00:54:20.858881+00:00,inside in water 2,2551D2CE-42AA-68FB-434E-C7BD2ABBF5E3,-67,33.3,91.94,26.8,80.24000000000001,33.3,91.94,33.7,92.66,33.4,92.12,31.2,88.16,99.0
2026-08-29T00:54:22.863549+00:00,inside in water 2,2551D2CE-42AA-68FB-434E-C7BD2ABBF5E3,-67,33.3,91.94,26.8,80.24000000000001,33.3,91.94,33.7,92.66,33.4,92.12,31.2,88.16,99.0
2026-08-29T00:54:24.870544+00:00,inside in water 2,2551D2CE-42AA-68FB-434E-C7BD2ABBF5E3,-67,33.3,91.94,26.8,80.24000000000001,33.3,91.94,33.7,92.66,33.4,92.12,31.2,88.16,99.0
2026-08-29T00:54:26.877574+00:00,inside in water 2,2551D2CE-42AA-68FB-434E-C7BD2ABBF5E3,-65,32.9,91.22,27.1,80.78,33.0,91.4,33.3,91.94,32.9,91.22,30.8,87.44,99.0
2026-08-29T00:54:28.879418+00:00,inside in water 2,2551D2CE-42AA-68FB-434E-C7BD2ABBF5E3,-62,32.9,91.22,27.1,80.78,33.0,91.4,33.3,91.94,32.9,91.22,30.8,87.44,99.0
2026-08-29T00:54:30.888013+00:00,inside in water 2,2551D2CE-42AA-68FB-434E-C7BD2ABBF5E3,-62,32.9,91.22,27.1,80.78,33.0,91.4,33.3,91.94,32.9,91.22,30.8,87.44,99.0
2026-08-29T00:54:32.895616+00:00,inside in water 2,2551D2CE-42AA-68FB-434E-C7BD2ABBF5E3,-67,32.6,90.68,26.9,80.42,32.7,90.86000000000001,33.0,91.4,32.6,90.68,30.5,86.9,99.0
2026-08-29T00:54:34.902192+00:00,inside in water 2,2551D2CE-42AA-68FB-434E-C7BD2ABBF5E3,-67,32.6,90.68,26.9,80.42,32.7,90.86000000000001,33.0,91.4,32.6,90.68,30.5,86.9,99.0
2026-08-29T00:54:36.907737+00:00,inside in water 2,2551D2CE-42AA-68FB-434E-C7BD2ABBF5E3,-67,32.6,90.68,26.9,80.42,32.7,90.86000000000001,33.0,91.4,32.6,90.68,30.5,86.9,99.0
2026-08-29T00:54:38.911354+00:00,inside in water 2,2551D2CE-42AA-68FB-434E-C7BD2ABBF5E3,-62,32.6,90.68,26.9,80.42,32.7,90.86000000000001,33.0,91.4,32.6,90.68,30.5,86.9,99.0
2026-08-29T00:54:40.914904+00:00,inside in water 2,2551D2CE-42AA-68FB-434E-C7BD2ABBF5E3,-67,32.2,89.96000000000001,27.0,80.6,32.4,90.32,32.7,90.86000000000001,32.2,89.96000000000001,30.2,86.36,99.0
2026-08-29T00:54:42.920807+00:00,inside in water 2,2551D2CE-42AA-68FB-434E-C7BD2ABBF5E3,-60,32.1,89.78,27.2,80.96000000000001,32.3,90.13999999999999,32.6,90.68,32.1,89.78,30.1,86.18,99.0
2026-08-29T00:54:44.924326+00:00,inside in water 2,2551D2CE-42AA-68FB-434E-C7BD2ABBF5E3,-60,32.1,89.78,27.2,80.96000000000001,32.3,90.13999999999999,32.6,90.68,32.1,89.78,30.1,86.18,99.0
2026-08-29T00:54:46.929852+00:00,inside in water 2,2551D2CE-42AA-68FB-434E-C7BD2ABBF5E3,-60,32.1,89.78,27.2,80.96000000000001,32.3,90.13999999999999,32.6,90.68,32.1,89.78,30.1,86.18,99.0
2026-08-29T00:54:48.935706+00:00,inside in water 2,2551D2CE-42AA-68FB-434E-C7BD2ABBF5E3,-66,31.8,89.24000000000001,27.1,80.78,32.1,89.78,32.3,90.13999999999999,31.8,89.24000000000001,30.0,86.0,99.0
2026-08-29T00:54:50.940818+00:00,inside in water 2,2551D2CE-42AA-68FB-434E-C7BD2ABBF5E3,-63,31.7,89.06,27.0,80.6,32.0,89.6,32.2,89.96000000000001,31.7,89.06,29.9,85.82,99.0
2026-08-29T00:54:52.948359+00:00,inside in water 2,2551D2CE-42AA-68FB-434E-C7BD2ABBF5E3,-63,31.7,89.06,27.0,80.6,32.0,89.6,32.2,89.96000000000001,31.7,89.06,29.9,85.82,99.0
2026-08-29T00:54:54.952528+00:00,inside in water 2,2551D2CE-42AA-68FB-434E-C7BD2ABBF5E3,-66,31.7,89.06,27.0,80.6,32.0,89.6,32.2,89.96000000000001,31.7,89.06,29.9,85.82,99.0
2026-08-29T00:54:56.956513+00:00,inside in water 2,2551D2CE-42AA-68FB-434E-C7BD2ABBF5E3,-66,31.7,89.06,27.0,80.6,32.0,89.6,32.2,89.96000000000001,31.7,89.06,29.9,85.82,99.0
2026-08-29T00:54:58.960816+00:00,inside in water 2,2551D2CE-42AA-68FB-434E-C7BD2ABBF5E3,-64,31.4,88.52,27.1,80.78,31.7,89.06,31.9,89.42,31.4,88.52,29.6,85.28,99.0
2026-08-29T00:55:00.967508+00:00,inside in water 2,2551D2CE-42AA-68FB-434E-C7BD2ABBF5E3,-64,31.4,88.52,27.1,80.78,31.7,89.06,31.9,89.42,31.4,88.52,29.6,85.28,99.0
2026-08-29T00:55:02.980723+00:00,inside in water 2,2551D2CE-42AA-68FB-434E-C7BD2ABBF5E3,-64,31.4,88.52,27.1,80.78,31.7,89.06,31.9,89.42,31.4,88.52,29.6,85.28,99.0
2026-08-29T00:55:04.986859+00:00,inside in water 2,2551D2CE-42AA-68FB-434E-C7BD2ABBF5E3,-64,31.4,88.52,27.1,80.78,31.7,89.06,31.9,89.42,31.4,88.52,29.6,85.28,99.0
2026-08-29T00:55:06.992328+00:00,inside in water 2,2551D2CE-42AA-68FB-434E-C7BD2ABBF5E3,-66,31.1,87.98,27.2,80.96000000000001,31.5,88.7,31.7,89.06,31.1,87.98,29.5,85.1,99.0
2026-08-29T00:55:08.999017+00:00,inside in water 2,2551D2CE-42AA-68FB-434E-C7BD2ABBF5E3,-62,31.1,87.98,27.2,80.96000000000001,31.5,88.7,31.7,89.06,31.1,87.98,29.5,85.1,99.0
2026-08-29T00:55:11.004818+00:00,inside in water 2,2551D2CE-42AA-68FB-434E-C7BD2ABBF5E3,-72,31.0,87.80000000000001,27.1,80.78,31.4,88.52,31.5,88.7,31.0,87.80000000000001,29.4,84.92,99.0
2026-08-29T00:55:13.010776+00:00,inside in water 2,2551D2CE-42AA-68FB-434E-C7BD2ABBF5E3,-65,31.0,87.80000000000001,27.1,80.78,31.4,88.52,31.5,88.7,31.0,87.80000000000001,29.4,84.92,99.0
2026-08-29T00:55:15.017174+00:00,inside in water 2,2551D2CE-42AA-68FB-434E-C7BD2ABBF5E3,-64,30.9,87.62,27.2,80.96000000000001,31.3,88.34,31.5,88.7,30.9,87.62,29.3,84.74000000000001,99.0
2026-08-29T00:55:17.022029+00:00,inside in water 2,2551D2CE-42AA-68FB-434E-C7BD2ABBF5E3,-65,30.9,87.62,27.2,80.96000000000001,31.3,88.34,31.4,88.52,30.9,87.62,29.3,84.74000000000001,99.0
2026-08-29T00:55:19.027454+00:00,inside in water 2,2551D2CE-42AA-68FB-434E-C7BD2ABBF5E3,-65,30.9,87.62,27.2,80.96000000000001,31.3,88.34,31.4,88.52,30.9,87.62,29.3,84.74000000000001,99.0
2026-08-29T00:55:21.033436+00:00,inside in water 2,2551D2CE-42AA-68FB-434E-C7BD2ABBF5E3,-65,30.9,87.62,27.2,80.96000000000001,31.3,88.34,31.4,88.52,30.9,87.62,29.3,84.74000000000001,99.0
2026-08-29T00:55:23.039945+00:00,inside in water 2,2551D2CE-42AA-68FB-434E-C7BD2ABBF5E3,-64,30.7,87.25999999999999,27.0,80.6,31.1,87.98,31.2,88.16,30.7,87.25999999999999,29.2,84.56,99.0
2026-08-29T00:55:25.045504+00:00,inside in water 2,2551D2CE-42AA-68FB-434E-C7BD2ABBF5E3,-71,30.6,87.08000000000001,27.1,80.78,31.0,87.80000000000001,31.1,87.98,30.6,87.08000000000001,29.1,84.38,99.0
2026-08-29T00:55:27.052722+00:00,inside in water 2,2551D2CE-42AA-68FB-434E-C7BD2ABBF5E3,-71,30.6,87.08000000000001,27.1,80.78,31.0,87.80000000000001,31.1,87.98,30.6,87.08000000000001,29.1,84.38,99.0
2026-08-29T00:55:29.059278+00:00,inside in water 2,2551D2CE-42AA-68FB-434E-C7BD2ABBF5E3,-63,30.6,87.08000000000001,27.1,80.78,31.0,87.80000000000001,31.1,87.98,30.6,87.08000000000001,29.1,84.38,99.0
2026-08-29T00:55:31.065128+00:00,inside in water 2,2551D2CE-42AA-68FB-434E-C7BD2ABBF5E3,-63,30.5,86.9,27.2,80.96000000000001,30.9,87.62,31.0,87.80000000000001,30.5,86.9,29.0,84.2,99.0
2026-08-29T00:55:33.069881+00:00,inside in water 2,2551D2CE-42AA-68FB-434E-C7BD2ABBF5E3,-63,30.4,86.72,27.3,81.14,30.8,87.44,30.9,87.62,30.4,86.72,29.0,84.2,99.0
2026-08-29T00:55:35.075487+00:00,inside in water 2,2551D2CE-42AA-68FB-434E-C7BD2ABBF5E3,-63,30.4,86.72,27.3,81.14,30.8,87.44,30.9,87.62,30.4,86.72,29.0,84.2,99.0
2026-08-29T00:55:37.082899+00:00,inside in water 2,2551D2CE-42AA-68FB-434E-C7BD2ABBF5E3,-64,30.3,86.53999999999999,27.1,80.78,30.8,87.44,30.8,87.44,30.3,86.53999999999999,28.9,84.02,99.0
2026-08-29T00:55:39.090458+00:00,inside in water 2,2551D2CE-42AA-68FB-434E-C7BD2ABBF5E3,-64,30.3,86.53999999999999,27.1,80.78,30.8,87.44,30.8,87.44,30.3,86.53999999999999,28.9,84.02,99.0
2026-08-29T00:55:41.096294+00:00,inside in water 2,2551D2CE-42AA-68FB-434E-C7BD2ABBF5E3,-63,30.2,86.36,27.1,80.78,30.6,87.08000000000001,30.7,87.25999999999999,30.2,86.36,28.9,84.02,99.0
2026-08-29T00:55:43.103144+00:00,inside in water 2,2551D2CE-42AA-68FB-434E-C7BD2ABBF5E3,-63,30.2,86.36,27.1,80.78,30.6,87.08000000000001,30.7,87.25999999999999,30.2,86.36,28.9,84.02,99.0
2026-08-29T00:55:45.108881+00:00,inside in water 2,2551D2CE-42AA-68FB-434E-C7BD2ABBF5E3,-67,30.1,86.18,27.2,80.96000000000001,30.6,87.08000000000001,30.6,87.08000000000001,30.1,86.18,28.8,83.84,99.0
2026-08-29T00:55:47.115053+00:00,inside in water 2,2551D2CE-42AA-68FB-434E-C7BD2ABBF5E3,-66,30.1,86.18,27.0,80.6,30.5,86.9,30.6,87.08000000000001,30.1,86.18,28.8,83.84,99.0
2026-08-29T00:55:49.120916+00:00,inside in water 2,2551D2CE-42AA-68FB-434E-C7BD2ABBF5E3,-66,30.0,86.0,27.1,80.78,30.4,86.72,30.5,86.9,30.0,86.0,28.8,83.84,99.0
2026-08-29T00:55:51.126231+00:00,inside in water 2,2551D2CE-42AA-68FB-434E-C7BD2ABBF5E3,-66,30.0,86.0,27.1,80.78,30.4,86.72,30.5,86.9,30.0,86.0,28.8,83.84,99.0
2026-08-29T00:55:53.131883+00:00,inside in water 2,2551D2CE-42AA-68FB-434E-C7BD2ABBF5E3,-76,30.0,86.0,27.1,80.78,30.4,86.72,30.5,86.9,30.0,86.0,28.8,83.84,99.0
2026-08-29T00:55:55.137787+00:00,inside in water 2,2551D2CE-42AA-68FB-434E-C7BD2ABBF5E3,-76,30.0,86.0,27.1,80.78,30.4,86.72,30.5,86.9,30.0,86.0,28.8,83.84,99.0
2026-08-29T00:55:57.144350+00:00,inside in water 2,2551D2CE-42AA-68FB-434E-C7BD2ABBF5E3,-63,29.9,85.82,27.2,80.96000000000001,30.3,86.53999999999999,30.3,86.53999999999999,29.9,85.82,28.7,83.66,99.0
2026-08-29T00:55:59.149455+00:00,inside in water 2,2551D2CE-42AA-68FB-434E-C7BD2ABBF5E3,-63,29.9,85.82,27.2,80.96000000000001,30.3,86.53999999999999,30.3,86.53999999999999,29.9,85.82,28.7,83.66,99.0
2026-08-29T00:56:01.155065+00:00,inside in water 2,2551D2CE-42AA-68FB-434E-C7BD2ABBF5E3,-67,29.8,85.64,27.0,80.6,30.2,86.36,30.3,86.53999999999999,29.8,85.64,28.6,83.48,99.0
2026-08-29T00:56:03.161199+00:00,inside in water 2,2551D2CE-42AA-68FB-434E-C7BD2ABBF5E3,-62,29.8,85.64,27.0,80.6,30.2,86.36,30.3,86.53999999999999,29.8,85.64,28.6,83.48,99.0
2026-08-29T00:56:05.167149+00:00,inside in water 2,2551D2CE-42AA-68FB-434E-C7BD2ABBF5E3,127,29.7,85.46000000000001,27.1,80.78,30.1,86.18,30.2,86.36,29.7,85.46000000000001,28.6,83.48,99.0
2026-08-29T00:56:07.172989+00:00,inside in water 2,2551D2CE-42AA-68FB-434E-C7BD2ABBF5E3,127,29.7,85.46000000000001,27.1,80.78,30.1,86.18,30.2,86.36,29.7,85.46000000000001,28.6,83.48,99.0
2026-08-29T00:56:09.179313+00:00,inside in water 2,2551D2CE-42AA-68FB-434E-C7BD2ABBF5E3,127,29.7,85.46000000000001,27.1,80.78,30.1,86.18,30.2,86.36,29.7,85.46000000000001,28.6,83.48,99.0
2026-08-29T00:56:11.184038+00:00,inside in water 2,2551D2CE-42AA-68FB-434E-C7BD2ABBF5E3,-64,29.7,85.46000000000001,27.1,80.78,30.1,86.18,30.2,86.36,29.7,85.46000000000001,28.6,83.48,99.0
2026-08-29T00:56:13.190019+00:00,inside in water 2,2551D2CE-42AA-68FB-434E-C7BD2ABBF5E3,-64,29.7,85.46000000000001,27.1,80.78,30.1,86.18,30.2,86.36,29.7,85.46000000000001,28.6,83.48,99.0
2026-08-29T00:56:15.195812+00:00,inside in water 2,2551D2CE-42AA-68FB-434E-C7BD2ABBF5E3,-64,29.7,85.46000000000001,27.1,80.78,30.1,86.18,30.2,86.36,29.7,85.46000000000001,28.6,83.48,99.0
2026-08-29T00:56:17.198881+00:00,inside in water 2,2551D2CE-42AA-68FB-434E-C7BD2ABBF5E3,-57,29.5,85.1,27.0,80.6,29.8,85.64,29.9,85.82,29.5,85.1,28.5,83.30000000000001,99.0
2026-08-29T00:56:19.204105+00:00,inside in water 2,2551D2CE-42AA-68FB-434E-C7BD2ABBF5E3,-56,29.5,85.1,26.9,80.42,29.8,85.64,29.9,85.82,29.5,85.1,28.5,83.30000000000001,99.0
2026-08-29T00:56:21.210098+00:00,inside in water 2,2551D2CE-42AA-68FB-434E-C7BD2ABBF5E3,-60,29.4,84.92,27.0,80.6,29.7,85.46000000000001,29.9,85.82,29.4,84.92,28.5,83.30000000000001,99.0
2026-08-29T00:56:23.215660+00:00,inside in water 2,2551D2CE-42AA-68FB-434E-C7BD2ABBF5E3,-60,29.4,84.92,27.0,80.6,29.7,85.46000000000001,29.9,85.82,29.4,84.92,28.5,83.30000000000001,99.0
2026-08-29T00:56:25.220221+00:00,inside in water 2,2551D2CE-42AA-68FB-434E-C7BD2ABBF5E3,-60,29.4,84.92,27.0,80.6,29.7,85.46000000000001,29.9,85.82,29.4,84.92,28.5,83.30000000000001,99.0
2026-08-29T00:56:27.225787+00:00,inside in water 2,2551D2CE-42AA-68FB-434E-C7BD2ABBF5E3,-63,29.4,84.92,27.0,80.6,29.6,85.28,29.7,85.46000000000001,29.4,84.92,28.4,83.12,99.0
2026-08-29T00:56:29.234007+00:00,inside in water 2,2551D2CE-42AA-68FB-434E-C7BD2ABBF5E3,-61,29.3,84.74000000000001,26.9,80.42,29.6,85.28,29.7,85.46000000000001,29.3,84.74000000000001,28.3,82.94,99.0
2026-08-29T00:56:31.241551+00:00,inside in water 2,2551D2CE-42AA-68FB-434E-C7BD2ABBF5E3,-61,29.3,84.74000000000001,26.9,80.42,29.6,85.28,29.7,85.46000000000001,29.3,84.74000000000001,28.3,82.94,99.0
2026-08-29T00:56:33.246734+00:00,inside in water 2,2551D2CE-42AA-68FB-434E-C7BD2ABBF5E3,-64,29.3,84.74000000000001,26.9,80.42,29.6,85.28,29.7,85.46000000000001,29.3,84.74000000000001,28.3,82.94,99.0
2026-08-29T00:56:35.253817+00:00,inside in water 2,2551D2CE-42AA-68FB-434E-C7BD2ABBF5E3,-63,29.2,84.56,27.1,80.78,29.5,85.1,29.5,85.1,29.2,84.56,28.3,82.94,99.0
2026-08-29T00:56:37.259282+00:00,inside in water 2,2551D2CE-42AA-68FB-434E-C7BD2ABBF5E3,-64,29.2,84.56,26.8,80.24000000000001,29.4,84.92,29.5,85.1,29.2,84.56,28.2,82.75999999999999,99.0
2026-08-29T00:56:39.265522+00:00,inside in water 2,2551D2CE-42AA-68FB-434E-C7BD2ABBF5E3,-64,29.2,84.56,26.8,80.24000000000001,29.4,84.92,29.5,85.1,29.2,84.56,28.2,82.75999999999999,99.0
2026-08-29T00:56:41.272131+00:00,inside in water 2,2551D2CE-42AA-68FB-434E-C7BD2ABBF5E3,-64,29.2,84.56,26.8,80.24000000000001,29.4,84.92,29.5,85.1,29.2,84.56,28.2,82.75999999999999,99.0
2026-08-29T00:56:43.280222+00:00,inside in water 2,2551D2CE-42AA-68FB-434E-C7BD2ABBF5E3,-64,29.2,84.56,26.8,80.24000000000001,29.4,84.92,29.5,85.1,29.2,84.56,28.2,82.75999999999999,99.0
2026-08-29T00:56:45.291870+00:00,inside in water 2,2551D2CE-42AA-68FB-434E-C7BD2ABBF5E3,-71,29.0,84.2,26.9,80.42,29.3,84.74000000000001,29.4,84.92,29.0,84.2,28.2,82.75999999999999,99.0
2026-08-29T00:56:47.305716+00:00,inside in water 2,2551D2CE-42AA-68FB-434E-C7BD2ABBF5E3,-71,29.0,84.2,26.9,80.42,29.3,84.74000000000001,29.4,84.92,29.0,84.2,28.2,82.75999999999999,99.0
2026-08-29T00:56:49.314178+00:00,inside in water 2,2551D2CE-42AA-68FB-434E-C7BD2ABBF5E3,-71,29.0,84.2,26.9,80.42,29.3,84.74000000000001,29.4,84.92,29.0,84.2,28.2,82.75999999999999,99.0
2026-08-29T00:56:51.320079+00:00,inside in water 2,2551D2CE-42AA-68FB-434E-C7BD2ABBF5E3,-65,29.0,84.2,26.9,80.42,29.2,84.56,29.3,84.74000000000001,29.0,84.2,28.2,82.75999999999999,99.0
2026-08-29T00:56:53.327223+00:00,inside in water 2,2551D2CE-42AA-68FB-434E-C7BD2ABBF5E3,-65,28.9,84.02,26.9,80.42,29.1,84.38,29.2,84.56,28.9,84.02,28.1,82.58000000000001,99.0
2026-08-29T00:56:55.342978+00:00,inside in water 2,2551D2CE-42AA-68FB-434E-C7BD2ABBF5E3,-64,28.9,84.02,26.8,80.24000000000001,29.1,84.38,29.2,84.56,28.9,84.02,28.1,82.58000000000001,99.0
2026-08-29T00:56:57.351648+00:00,inside in water 2,2551D2CE-42AA-68FB-434E-C7BD2ABBF5E3,-63,28.9,84.02,26.8,80.24000000000001,29.1,84.38,29.2,84.56,28.9,84.02,28.1,82.58000000000001,99.0
2026-08-29T00:56:59.359665+00:00,inside in water 2,2551D2CE-42AA-68FB-434E-C7BD2ABBF5E3,-63,28.9,84.02,26.8,80.24000000000001,29.1,84.38,29.2,84.56,28.9,84.02,28.1,82.58000000000001,99.0
2026-08-29T00:57:01.368319+00:00,inside in water 2,2551D2CE-42AA-68FB-434E-C7BD2ABBF5E3,-66,28.9,84.02,26.9,80.42,29.0,84.2,29.1,84.38,28.9,84.02,28.1,82.58000000000001,99.0
2026-08-29T00:57:03.377501+00:00,inside in water 2,2551D2CE-42AA-68FB-434E-C7BD2ABBF5E3,-67,28.9,84.02,26.9,80.42,29.0,84.2,29.1,84.38,28.9,84.02,28.1,82.58000000000001,99.0
2026-08-29T00:57:05.384714+00:00,inside in water 2,2551D2CE-42AA-68FB-434E-C7BD2ABBF5E3,-67,28.9,84.02,26.9,80.42,29.0,84.2,29.1,84.38,28.9,84.02,28.1,82.58000000000001,99.0
2026-08-29T00:57:07.392713+00:00,inside in water 2,2551D2CE-42AA-68FB-434E-C7BD2ABBF5E3,-67,28.9,84.02,26.9,80.42,29.0,84.2,29.1,84.38,28.9,84.02,28.1,82.58000000000001,99.0
2026-08-29T00:57:09.399574+00:00,inside in water 2,2551D2CE-42AA-68FB-434E-C7BD2ABBF5E3,-64,28.9,84.02,26.9,80.42,29.0,84.2,29.1,84.38,28.9,84.02,28.1,82.58000000000001,99.0
2026-08-29T00:57:11.406805+00:00,inside in water 2,2551D2CE-42AA-68FB-434E-C7BD2ABBF5E3,-68,28.7,83.66,26.8,80.24000000000001,28.9,84.02,29.0,84.2,28.7,83.66,28.0,82.4,99.0
2026-08-29T00:57:13.413499+00:00,inside in water 2,2551D2CE-42AA-68FB-434E-C7BD2ABBF5E3,-68,28.7,83.66,26.8,80.24000000000001,28.9,84.02,29.0,84.2,28.7,83.66,28.0,82.4,99.0
2026-08-29T00:57:15.420553+00:00,inside in water 2,2551D2CE-42AA-68FB-434E-C7BD2ABBF5E3,-63,28.7,83.66,26.8,80.24000000000001,28.9,84.02,29.0,84.2,28.7,83.66,28.0,82.4,99.0
2026-08-29T00:57:17.426824+00:00,inside in water 2,2551D2CE-42AA-68FB-434E-C7BD2ABBF5E3,-64,28.7,83.66,26.8,80.24000000000001,28.8,83.84,28.9,84.02,28.7,83.66,28.0,82.4,99.0
2026-08-29T00:57:19.435558+00:00,inside in water 2,2551D2CE-42AA-68FB-434E-C7BD2ABBF5E3,-64,28.7,83.66,26.8,80.24000000000001,28.8,83.84,28.9,84.02,28.7,83.66,28.0,82.4,99.0
2026-08-29T00:57:21.452716+00:00,inside in water 2,2551D2CE-42AA-68FB-434E-C7BD2ABBF5E3,-64,28.7,83.66,26.8,80.24000000000001,28.8,83.84,28.9,84.02,28.7,83.66,28.0,82.4,99.0
2026-08-29T00:57:23.461426+00:00,inside in water 2,2551D2CE-42AA-68FB-434E-C7BD2ABBF5E3,-64,28.7,83.66,26.8,80.24000000000001,28.8,83.84,28.9,84.02,28.7,83.66,28.0,82.4,99.0
2026-08-29T00:57:25.467996+00:00,inside in water 2,2551D2CE-42AA-68FB-434E-C7BD2ABBF5E3,-62,28.6,83.48,26.8,80.24000000000001,28.7,83.66,28.8,83.84,28.6,83.48,27.9,82.22,99.0
2026-08-29T00:57:27.479824+00:00,inside in water 2,2551D2CE-42AA-68FB-434E-C7BD2ABBF5E3,-64,28.6,83.48,26.8,80.24000000000001,28.7,83.66,28.8,83.84,28.6,83.48,27.9,82.22,99.0
2026-08-29T00:57:29.486309+00:00,inside in water 2,2551D2CE-42AA-68FB-434E-C7BD2ABBF5E3,-59,28.6,83.48,26.8,80.24000000000001,28.7,83.66,28.7,83.66,28.6,83.48,27.9,82.22,99.0
2026-08-29T00:57:31.495704+00:00,inside in water 2,2551D2CE-42AA-68FB-434E-C7BD2ABBF5E3,-63,28.5,83.30000000000001,26.9,80.42,28.6,83.48,28.7,83.66,28.5,83.30000000000001,27.9,82.22,99.0
2026-08-29T00:57:33.509294+00:00,inside in water 2,2551D2CE-42AA-68FB-434E-C7BD2ABBF5E3,-61,28.5,83.30000000000001,26.7,80.06,28.6,83.48,28.7,83.66,28.5,83.30000000000001,27.9,82.22,99.0
2026-08-29T00:57:35.515748+00:00,inside in water 2,2551D2CE-42AA-68FB-434E-C7BD2ABBF5E3,-65,28.5,83.30000000000001,26.7,80.06,28.6,83.48,28.7,83.66,28.5,83.30000000000001,27.9,82.22,99.0
2026-08-29T00:57:37.522965+00:00,inside in water 2,2551D2CE-42AA-68FB-434E-C7BD2ABBF5E3,-65,28.5,83.30000000000001,26.8,80.24000000000001,28.5,83.30000000000001,28.6,83.48,28.5,83.30000000000001,27.8,82.03999999999999,99.0
2026-08-29T00:57:39.530771+00:00,inside in water 2,2551D2CE-42AA-68FB-434E-C7BD2ABBF5E3,-70,28.5,83.30000000000001,26.8,80.24000000000001,28.5,83.30000000000001,28.6,83.48,28.5,83.30000000000001,27.8,82.03999999999999,99.0
2026-08-29T00:57:41.538371+00:00,inside in water 2,2551D2CE-42AA-68FB-434E-C7BD2ABBF5E3,-70,28.5,83.30000000000001,26.8,80.24000000000001,28.5,83.30000000000001,28.6,83.48,28.5,83.30000000000001,27.8,82.03999999999999,99.0
2026-08-29T00:57:43.545242+00:00,inside in water 2,2551D2CE-42AA-68FB-434E-C7BD2ABBF5E3,-56,28.5,83.30000000000001,26.8,80.24000000000001,28.5,83.30000000000001,28.6,83.48,28.5,83.30000000000001,27.8,82.03999999999999,99.0
2026-08-29T00:57:45.556125+00:00,inside in water 2,2551D2CE-42AA-68FB-434E-C7BD2ABBF5E3,-59,28.4,83.12,26.7,80.06,28.5,83.30000000000001,28.5,83.30000000000001,28.4,83.12,27.8,82.03999999999999,99.0
2026-08-29T00:57:47.562873+00:00,inside in water 2,2551D2CE-42AA-68FB-434E-C7BD2ABBF5E3,-59,28.4,83.12,26.7,80.06,28.5,83.30000000000001,28.5,83.30000000000001,28.4,83.12,27.8,82.03999999999999,99.0
2026-08-29T00:57:49.570007+00:00,inside in water 2,2551D2CE-42AA-68FB-434E-C7BD2ABBF5E3,-59,28.4,83.12,26.7,80.06,28.5,83.30000000000001,28.5,83.30000000000001,28.4,83.12,27.8,82.03999999999999,99.0
2026-08-29T00:57:51.575739+00:00,inside in water 2,2551D2CE-42AA-68FB-434E-C7BD2ABBF5E3,-59,28.4,83.12,26.7,80.06,28.5,83.30000000000001,28.5,83.30000000000001,28.4,83.12,27.8,82.03999999999999,99.0
2026-08-29T00:57:53.582189+00:00,inside in water 2,2551D2CE-42AA-68FB-434E-C7BD2ABBF5E3,-57,28.3,82.94,26.8,80.24000000000001,28.4,83.12,28.5,83.30000000000001,28.3,82.94,27.8,82.03999999999999,99.0
2026-08-29T00:57:55.588728+00:00,inside in water 2,2551D2CE-42AA-68FB-434E-C7BD2ABBF5E3,-57,28.3,82.94,26.8,80.24000000000001,28.4,83.12,28.5,83.30000000000001,28.3,82.94,27.8,82.03999999999999,99.0
2026-08-29T00:57:57.594936+00:00,inside in water 2,2551D2CE-42AA-68FB-434E-C7BD2ABBF5E3,-71,28.3,82.94,26.7,80.06,28.4,83.12,28.4,83.12,28.3,82.94,27.7,81.86,99.0
2026-08-29T00:57:59.602102+00:00,inside in water 2,2551D2CE-42AA-68FB-434E-C7BD2ABBF5E3,-64,28.3,82.94,26.7,80.06,28.4,83.12,28.4,83.12,28.3,82.94,27.7,81.86,99.0
2026-08-29T00:58:01.608984+00:00,inside in water 2,2551D2CE-42AA-68FB-434E-C7BD2ABBF5E3,-88,28.2,82.75999999999999,26.8,80.24000000000001,28.3,82.94,28.4,83.12,28.2,82.75999999999999,27.7,81.86,99.0
2026-08-29T00:58:03.614765+00:00,inside in water 2,2551D2CE-42AA-68FB-434E-C7BD2ABBF5E3,-88,28.2,82.75999999999999,26.8,80.24000000000001,28.3,82.94,28.4,83.12,28.2,82.75999999999999,27.7,81.86,99.0
2026-08-29T00:58:05.620401+00:00,inside in water 2,2551D2CE-42AA-68FB-434E-C7BD2ABBF5E3,-88,28.2,82.75999999999999,26.8,80.24000000000001,28.3,82.94,28.4,83.12,28.2,82.75999999999999,27.7,81.86,99.0
2026-08-29T00:58:07.626175+00:00,inside in water 2,2551D2CE-42AA-68FB-434E-C7BD2ABBF5E3,-63,28.2,82.75999999999999,26.8,80.24000000000001,28.3,82.94,28.4,83.12,28.2,82.75999999999999,27.7,81.86,99.0
2026-08-29T00:58:09.631619+00:00,inside in water 2,2551D2CE-42AA-68FB-434E-C7BD2ABBF5E3,-74,28.2,82.75999999999999,26.6,79.88,28.2,82.75999999999999,28.3,82.94,28.2,82.75999999999999,27.7,81.86,99.0
2026-08-29T00:58:11.637295+00:00,inside in water 2,2551D2CE-42AA-68FB-434E-C7BD2ABBF5E3,-74,28.2,82.75999999999999,26.6,79.88,28.2,82.75999999999999,28.3,82.94,28.2,82.75999999999999,27.7,81.86,99.0
2026-08-29T00:58:13.643237+00:00,inside in water 2,2551D2CE-42AA-68FB-434E-C7BD2ABBF5E3,-74,28.2,82.75999999999999,26.6,79.88,28.2,82.75999999999999,28.3,82.94,28.2,82.75999999999999,27.7,81.86,99.0
2026-08-29T00:58:15.653697+00:00,inside in water 2,2551D2CE-42AA-68FB-434E-C7BD2ABBF5E3,-73,28.1,82.58000000000001,26.6,79.88,28.2,82.75999999999999,28.2,82.75999999999999,28.1,82.58000000000001,27.6,81.68,99.0
2026-08-29T00:58:17.657803+00:00,inside in water 2,2551D2CE-42AA-68FB-434E-C7BD2ABBF5E3,-71,28.1,82.58000000000001,26.7,80.06,28.1,82.58000000000001,28.2,82.75999999999999,28.1,82.58000000000001,27.6,81.68,99.0
2026-08-29T00:58:19.665270+00:00,inside in water 2,2551D2CE-42AA-68FB-434E-C7BD2ABBF5E3,-68,28.1,82.58000000000001,26.7,80.06,28.1,82.58000000000001,28.2,82.75999999999999,28.1,82.58000000000001,27.6,81.68,99.0
2026-08-29T00:58:21.670462+00:00,inside in water 2,2551D2CE-42AA-68FB-434E-C7BD2ABBF5E3,-63,28.1,82.58000000000001,26.7,80.06,28.1,82.58000000000001,28.2,82.75999999999999,28.1,82.58000000000001,27.6,81.68,99.0
2026-08-29T00:58:23.676068+00:00,inside in water 2,2551D2CE-42AA-68FB-434E-C7BD2ABBF5E3,-74,28.1,82.58000000000001,26.5,79.7,28.1,82.58000000000001,28.2,82.75999999999999,28.1,82.58000000000001,27.6,81.68,99.0
2026-08-29T00:58:25.681174+00:00,inside in water 2,2551D2CE-42AA-68FB-434E-C7BD2ABBF5E3,-74,28.1,82.58000000000001,26.5,79.7,28.1,82.58000000000001,28.2,82.75999999999999,28.1,82.58000000000001,27.6,81.68,99.0
2026-08-29T00:58:27.686658+00:00,inside in water 2,2551D2CE-42AA-68FB-434E-C7BD2ABBF5E3,-65,28.1,82.58000000000001,26.5,79.7,28.1,82.58000000000001,28.2,82.75999999999999,28.1,82.58000000000001,27.6,81.68,99.0
2026-08-29T00:58:29.691425+00:00,inside in water 2,2551D2CE-42AA-68FB-434E-C7BD2ABBF5E3,-71,28.0,82.4,26.6,79.88,28.0,82.4,28.1,82.58000000000001,28.0,82.4,27.6,81.68,99.0
2026-08-29T00:58:31.694531+00:00,inside in water 2,2551D2CE-42AA-68FB-434E-C7BD2ABBF5E3,-67,28.0,82.4,26.6,79.88,28.0,82.4,28.1,82.58000000000001,28.0,82.4,27.5,81.5,99.0
2026-08-29T00:58:33.699159+00:00,inside in water 2,2551D2CE-42AA-68FB-434E-C7BD2ABBF5E3,-60,28.0,82.4,26.6,79.88,28.0,82.4,28.1,82.58000000000001,28.0,82.4,27.5,81.5,99.0
2026-08-29T00:58:35.702929+00:00,inside in water 2,2551D2CE-42AA-68FB-434E-C7BD2ABBF5E3,-70,28.0,82.4,26.7,80.06,28.0,82.4,28.0,82.4,28.0,82.4,27.5,81.5,99.0
2026-08-29T00:58:37.707881+00:00,inside in water 2,2551D2CE-42AA-68FB-434E-C7BD2ABBF5E3,-70,28.0,82.4,26.7,80.06,28.0,82.4,28.0,82.4,28.0,82.4,27.5,81.5,99.0
2026-08-29T00:58:39.712706+00:00,inside in water 2,2551D2CE-42AA-68FB-434E-C7BD2ABBF5E3,-70,28.0,82.4,26.7,80.06,28.0,82.4,28.0,82.4,28.0,82.4,27.5,81.5,99.0
2026-08-29T00:58:41.721759+00:00,inside in water 2,2551D2CE-42AA-68FB-434E-C7BD2ABBF5E3,-66,27.9,82.22,26.7,80.06,27.9,82.22,28.0,82.4,27.9,82.22,27.5,81.5,99.0
2026-08-29T00:58:43.727088+00:00,inside in water 2,2551D2CE-42AA-68FB-434E-C7BD2ABBF5E3,-64,27.9,82.22,26.5,79.7,27.9,82.22,28.0,82.4,27.9,82.22,27.5,81.5,99.0
2026-08-29T00:58:45.731552+00:00,inside in water 2,2551D2CE-42AA-68FB-434E-C7BD2ABBF5E3,-64,27.9,82.22,26.5,79.7,27.9,82.22,28.0,82.4,27.9,82.22,27.5,81.5,99.0
2026-08-29T00:58:47.734722+00:00,inside in water 2,2551D2CE-42AA-68FB-434E-C7BD2ABBF5E3,-70,27.9,82.22,26.5,79.7,27.9,82.22,28.0,82.4,27.9,82.22,27.5,81.5,99.0
2026-08-29T00:58:49.739691+00:00,inside in water 2,2551D2CE-42AA-68FB-434E-C7BD2ABBF5E3,-63,27.9,82.22,26.7,80.06,27.9,82.22,27.9,82.22,27.9,82.22,27.5,81.5,99.0
2026-08-29T00:58:51.744921+00:00,inside in water 2,2551D2CE-42AA-68FB-434E-C7BD2ABBF5E3,-59,27.9,82.22,26.5,79.7,27.9,82.22,27.9,82.22,27.9,82.22,27.5,81.5,99.0
2026-08-29T00:58:53.749493+00:00,inside in water 2,2551D2CE-42AA-68FB-434E-C7BD2ABBF5E3,-59,27.9,82.22,26.5,79.7,27.9,82.22,27.9,82.22,27.9,82.22,27.5,81.5,99.0
2026-08-29T00:58:55.760684+00:00,inside in water 2,2551D2CE-42AA-68FB-434E-C7BD2ABBF5E3,-59,27.9,82.22,26.5,79.7,27.9,82.22,27.9,82.22,27.9,82.22,27.5,81.5,99.0
2026-08-29T00:58:57.766556+00:00,inside in water 2,2551D2CE-42AA-68FB-434E-C7BD2ABBF5E3,-59,27.9,82.22,26.5,79.7,27.9,82.22,27.9,82.22,27.9,82.22,27.5,81.5,99.0
2026-08-29T00:58:59.772758+00:00,inside in water 2,2551D2CE-42AA-68FB-434E-C7BD2ABBF5E3,-66,27.8,82.03999999999999,26.5,79.7,27.8,82.03999999999999,27.9,82.22,27.8,82.03999999999999,27.4,81.32,99.0
2026-08-29T00:59:01.778937+00:00,inside in water 2,2551D2CE-42AA-68FB-434E-C7BD2ABBF5E3,-80,27.8,82.03999999999999,26.6,79.88,27.8,82.03999999999999,27.8,82.03999999999999,27.8,82.03999999999999,27.4,81.32,99.0
2026-08-29T00:59:03.784155+00:00,inside in water 2,2551D2CE-42AA-68FB-434E-C7BD2ABBF5E3,-80,27.8,82.03999999999999,26.6,79.88,27.8,82.03999999999999,27.8,82.03999999999999,27.8,82.03999999999999,27.4,81.32,99.0
2026-08-29T00:59:05.789265+00:00,inside in water 2,2551D2CE-42AA-68FB-434E-C7BD2ABBF5E3,-80,27.8,82.03999999999999,26.6,79.88,27.8,82.03999999999999,27.8,82.03999999999999,27.8,82.03999999999999,27.4,81.32,99.0
2026-08-29T00:59:07.796149+00:00,inside in water 2,2551D2CE-42AA-68FB-434E-C7BD2ABBF5E3,-80,27.8,82.03999999999999,26.6,79.88,27.8,82.03999999999999,27.8,82.03999999999999,27.8,82.03999999999999,27.4,81.32,99.0
2026-08-29T00:59:09.802708+00:00,inside in water 2,2551D2CE-42AA-68FB-434E-C7BD2ABBF5E3,-75,27.7,81.86,26.6,79.88,27.7,81.86,27.8,82.03999999999999,27.8,82.03999999999999,27.4,81.32,99.0
2026-08-29T00:59:11.807637+00:00,inside in water 2,2551D2CE-42AA-68FB-434E-C7BD2ABBF5E3,-70,27.7,81.86,26.6,79.88,27.7,81.86,27.8,82.03999999999999,27.8,82.03999999999999,27.4,81.32,99.0
2026-08-29T00:59:13.813077+00:00,inside in water 2,2551D2CE-42AA-68FB-434E-C7BD2ABBF5E3,-70,27.7,81.86,26.6,79.88,27.7,81.86,27.8,82.03999999999999,27.8,82.03999999999999,27.4,81.32,99.0
2026-08-29T00:59:15.818489+00:00,inside in water 2,2551D2CE-42AA-68FB-434E-C7BD2ABBF5E3,-70,27.7,81.86,26.6,79.88,27.7,81.86,27.8,82.03999999999999,27.8,82.03999999999999,27.4,81.32,99.0
2026-08-29T00:59:17.823989+00:00,inside in water 2,2551D2CE-42AA-68FB-434E-C7BD2ABBF5E3,-70,27.7,81.86,26.6,79.88,27.7,81.86,27.8,82.03999999999999,27.8,82.03999999999999,27.4,81.32,99.0
2026-08-29T00:59:19.829264+00:00,inside in water 2,2551D2CE-42AA-68FB-434E-C7BD2ABBF5E3,-72,27.6,81.68,26.4,79.52,27.6,81.68,27.7,81.86,27.7,81.86,27.3,81.14,99.0
2026-08-29T00:59:21.833911+00:00,inside in water 2,2551D2CE-42AA-68FB-434E-C7BD2ABBF5E3,-70,27.6,81.68,26.4,79.52,27.6,81.68,27.7,81.86,27.7,81.86,27.3,81.14,99.0
2026-08-29T00:59:23.840734+00:00,inside in water 2,2551D2CE-42AA-68FB-434E-C7BD2ABBF5E3,-70,27.6,81.68,26.4,79.52,27.6,81.68,27.7,81.86,27.7,81.86,27.3,81.14,99.0
2026-08-29T00:59:25.846230+00:00,inside in water 2,2551D2CE-42AA-68FB-434E-C7BD2ABBF5E3,-70,27.6,81.68,26.4,79.52,27.6,81.68,27.7,81.86,27.7,81.86,27.3,81.14,99.0
2026-08-29T00:59:27.851226+00:00,inside in water 2,2551D2CE-42AA-68FB-434E-C7BD2ABBF5E3,-68,27.6,81.68,26.5,79.7,27.6,81.68,27.7,81.86,27.6,81.68,27.3,81.14,99.0
2026-08-29T00:59:29.856552+00:00,inside in water 2,2551D2CE-42AA-68FB-434E-C7BD2ABBF5E3,-68,27.6,81.68,26.4,79.52,27.6,81.68,27.6,81.68,27.6,81.68,27.3,81.14,99.0
2026-08-29T00:59:31.861873+00:00,inside in water 2,2551D2CE-42AA-68FB-434E-C7BD2ABBF5E3,-68,27.6,81.68,26.4,79.52,27.6,81.68,27.6,81.68,27.6,81.68,27.3,81.14,99.0
2026-08-29T00:59:33.867311+00:00,inside in water 2,2551D2CE-42AA-68FB-434E-C7BD2ABBF5E3,-68,27.6,81.68,26.4,79.52,27.6,81.68,27.6,81.68,27.6,81.68,27.3,81.14,99.0
2026-08-29T00:59:35.872868+00:00,inside in water 2,2551D2CE-42AA-68FB-434E-C7BD2ABBF5E3,-68,27.6,81.68,26.4,79.52,27.6,81.68,27.6,81.68,27.6,81.68,27.3,81.14,99.0
2026-08-29T00:59:37.876987+00:00,inside in water 2,2551D2CE-42AA-68FB-434E-C7BD2ABBF5E3,-68,27.5,81.5,26.4,79.52,27.5,81.5,27.6,81.68,27.6,81.68,27.3,81.14,99.0
2026-08-29T00:59:39.881264+00:00,inside in water 2,2551D2CE-42AA-68FB-434E-C7BD2ABBF5E3,-67,27.5,81.5,26.5,79.7,27.5,81.5,27.6,81.68,27.6,81.68,27.3,81.14,99.0
2026-08-29T00:59:41.888292+00:00,inside in water 2,2551D2CE-42AA-68FB-434E-C7BD2ABBF5E3,-67,27.5,81.5,26.5,79.7,27.5,81.5,27.6,81.68,27.6,81.68,27.3,81.14,99.0
2026-08-29T00:59:43.894445+00:00,inside in water 2,2551D2CE-42AA-68FB-434E-C7BD2ABBF5E3,-67,27.5,81.5,26.5,79.7,27.5,81.5,27.6,81.68,27.6,81.68,27.3,81.14,99.0
2026-08-29T00:59:45.898183+00:00,inside in water 2,2551D2CE-42AA-68FB-434E-C7BD2ABBF5E3,-67,27.5,81.5,26.5,79.7,27.5,81.5,27.6,81.68,27.6,81.68,27.3,81.14,99.0
2026-08-29T00:59:47.905865+00:00,inside in water 2,2551D2CE-42AA-68FB-434E-C7BD2ABBF5E3,-68,27.5,81.5,26.3,79.34,27.5,81.5,27.5,81.5,27.5,81.5,27.2,80.96000000000001,99.0
2026-08-29T00:59:49.910308+00:00,inside in water 2,2551D2CE-42AA-68FB-434E-C7BD2ABBF5E3,-67,27.4,81.32,26.5,79.7,27.4,81.32,27.5,81.5,27.5,81.5,27.2,80.96000000000001,99.0
2026-08-29T00:59:51.914425+00:00,inside in water 2,2551D2CE-42AA-68FB-434E-C7BD2ABBF5E3,-67,27.4,81.32,26.5,79.7,27.4,81.32,27.5,81.5,27.5,81.5,27.2,80.96000000000001,99.0
2026-08-29T00:59:53.919511+00:00,inside in water 2,2551D2CE-42AA-68FB-434E-C7BD2ABBF5E3,-67,27.4,81.32,26.5,79.7,27.4,81.32,27.5,81.5,27.5,81.5,27.2,80.96000000000001,99.0
2026-08-29T00:59:55.924512+00:00,inside in water 2,2551D2CE-42AA-68FB-434E-C7BD2ABBF5E3,-67,27.4,81.32,26.5,79.7,27.4,81.32,27.5,81.5,27.5,81.5,27.2,80.96000000000001,99.0
2026-08-29T00:59:57.930055+00:00,inside in water 2,2551D2CE-42AA-68FB-434E-C7BD2ABBF5E3,-59,27.4,81.32,26.5,79.7,27.4,81.32,27.5,81.5,27.5,81.5,27.2,80.96000000000001,99.0
2026-08-29T00:59:59.935104+00:00,inside in water 2,2551D2CE-42AA-68FB-434E-C7BD2ABBF5E3,-67,27.4,81.32,26.5,79.7,27.4,81.32,27.5,81.5,27.5,81.5,27.2,80.96000000000001,99.0
2026-08-29T01:00:01.940938+00:00,inside in water 2,2551D2CE-42AA-68FB-434E-C7BD2ABBF5E3,-68,27.4,81.32,26.5,79.7,27.4,81.32,27.5,81.5,27.5,81.5,27.2,80.96000000000001,99.0
2026-08-29T01:00:03.947134+00:00,inside in water 2,2551D2CE-42AA-68FB-434E-C7BD2ABBF5E3,-67,27.4,81.32,26.3,79.34,27.4,81.32,27.5,81.5,27.5,81.5,27.2,80.96000000000001,99.0
2026-08-29T01:00:05.953121+00:00,inside in water 2,2551D2CE-42AA-68FB-434E-C7BD2ABBF5E3,-66,27.4,81.32,26.3,79.34,27.4,81.32,27.5,81.5,27.5,81.5,27.2,80.96000000000001,99.0
2026-08-29T01:00:07.959371+00:00,inside in water 2,2551D2CE-42AA-68FB-434E-C7BD2ABBF5E3,-68,27.3,81.14,26.4,79.52,27.3,81.14,27.4,81.32,27.4,81.32,27.2,80.96000000000001,99.0
2026-08-29T01:00:09.965064+00:00,inside in water 2,2551D2CE-42AA-68FB-434E-C7BD2ABBF5E3,-69,27.3,81.14,26.4,79.52,27.3,81.14,27.4,81.32,27.4,81.32,27.2,80.96000000000001,99.0
2026-08-29T01:00:11.970875+00:00,inside in water 2,2551D2CE-42AA-68FB-434E-C7BD2ABBF5E3,-69,27.3,81.14,26.4,79.52,27.3,81.14,27.4,81.32,27.4,81.32,27.2,80.96000000000001,99.0
2026-08-29T01:00:13.976085+00:00,inside in water 2,2551D2CE-42AA-68FB-434E-C7BD2ABBF5E3,-70,27.3,81.14,26.4,79.52,27.3,81.14,27.4,81.32,27.4,81.32,27.1,80.78,99.0
2026-08-29T01:00:15.979053+00:00,inside in water 2,2551D2CE-42AA-68FB-434E-C7BD2ABBF5E3,-59,27.3,81.14,26.4,79.52,27.3,81.14,27.4,81.32,27.4,81.32,27.1,80.78,99.0
2026-08-29T01:00:17.982162+00:00,inside in water 2,2551D2CE-42AA-68FB-434E-C7BD2ABBF5E3,-66,27.3,81.14,26.4,79.52,27.3,81.14,27.4,81.32,27.4,81.32,27.1,80.78,99.0
2026-08-29T01:00:19.987337+00:00,inside in water 2,2551D2CE-42AA-68FB-434E-C7BD2ABBF5E3,-66,27.3,81.14,26.4,79.52,27.3,81.14,27.4,81.32,27.4,81.32,27.1,80.78,99.0
2026-08-29T01:00:21.992922+00:00,inside in water 2,2551D2CE-42AA-68FB-434E-C7BD2ABBF5E3,-66,27.3,81.14,26.4,79.52,27.3,81.14,27.4,81.32,27.4,81.32,27.1,80.78,99.0
2026-08-29T01:00:23.998806+00:00,inside in water 2,2551D2CE-42AA-68FB-434E-C7BD2ABBF5E3,-69,27.3,81.14,26.4,79.52,27.3,81.14,27.3,81.14,27.4,81.32,27.1,80.78,99.0
2026-08-29T01:00:26.004352+00:00,inside in water 2,2551D2CE-42AA-68FB-434E-C7BD2ABBF5E3,-69,27.3,81.14,26.4,79.52,27.3,81.14,27.3,81.14,27.4,81.32,27.1,80.78,99.0
2026-08-29T01:00:28.012103+00:00,inside in water 2,2551D2CE-42AA-68FB-434E-C7BD2ABBF5E3,-66,27.2,80.96000000000001,26.4,79.52,27.2,80.96000000000001,27.3,81.14,27.3,81.14,27.1,80.78,99.0
2026-08-29T01:00:30.017184+00:00,inside in water 2,2551D2CE-42AA-68FB-434E-C7BD2ABBF5E3,-69,27.2,80.96000000000001,26.3,79.34,27.2,80.96000000000001,27.3,81.14,27.3,81.14,27.1,80.78,99.0
2026-08-29T01:00:32.023053+00:00,inside in water 2,2551D2CE-42AA-68FB-434E-C7BD2ABBF5E3,-63,27.2,80.96000000000001,26.4,79.52,27.2,80.96000000000001,27.3,81.14,27.3,81.14,27.1,80.78,99.0
2026-08-29T01:00:34.027227+00:00,inside in water 2,2551D2CE-42AA-68FB-434E-C7BD2ABBF5E3,-63,27.2,80.96000000000001,26.4,79.52,27.2,80.96000000000001,27.3,81.14,27.3,81.14,27.1,80.78,99.0
2026-08-29T01:00:36.033271+00:00,inside in water 2,2551D2CE-42AA-68FB-434E-C7BD2ABBF5E3,-63,27.2,80.96000000000001,26.4,79.52,27.2,80.96000000000001,27.3,81.14,27.3,81.14,27.1,80.78,99.0
2026-08-29T01:00:38.038780+00:00,inside in water 2,2551D2CE-42AA-68FB-434E-C7BD2ABBF5E3,-69,27.2,80.96000000000001,26.3,79.34,27.2,80.96000000000001,27.3,81.14,27.3,81.14,27.1,80.78,99.0
2026-08-29T01:00:40.043712+00:00,inside in water 2,2551D2CE-42AA-68FB-434E-C7BD2ABBF5E3,-72,27.2,80.96000000000001,26.3,79.34,27.2,80.96000000000001,27.3,81.14,27.3,81.14,27.0,80.6,99.0
2026-08-29T01:00:42.049563+00:00,inside in water 2,2551D2CE-42AA-68FB-434E-C7BD2ABBF5E3,-62,27.2,80.96000000000001,26.3,79.34,27.2,80.96000000000001,27.3,81.14,27.3,81.14,27.0,80.6,99.0
2026-08-29T01:00:44.054370+00:00,inside in water 2,2551D2CE-42AA-68FB-434E-C7BD2ABBF5E3,-71,27.1,80.78,26.3,79.34,27.1,80.78,27.2,80.96000000000001,27.2,80.96000000000001,27.0,80.6,99.0
2026-08-29T01:00:46.057007+00:00,inside in water 2,2551D2CE-42AA-68FB-434E-C7BD2ABBF5E3,-71,27.1,80.78,26.3,79.34,27.1,80.78,27.2,80.96000000000001,27.2,80.96000000000001,27.0,80.6,99.0
2026-08-29T01:00:48.061476+00:00,inside in water 2,2551D2CE-42AA-68FB-434E-C7BD2ABBF5E3,-71,27.1,80.78,26.3,79.34,27.1,80.78,27.2,80.96000000000001,27.2,80.96000000000001,27.0,80.6,99.0
2026-08-29T01:00:50.066541+00:00,inside in water 2,2551D2CE-42AA-68FB-434E-C7BD2ABBF5E3,-60,27.1,80.78,26.4,79.52,27.1,80.78,27.2,80.96000000000001,27.2,80.96000000000001,27.0,80.6,99.0
2026-08-29T01:00:52.072648+00:00,inside in water 2,2551D2CE-42AA-68FB-434E-C7BD2ABBF5E3,-64,27.1,80.78,26.2,79.16,27.1,80.78,27.2,80.96000000000001,27.2,80.96000000000001,27.0,80.6,99.0
2026-08-29T01:00:54.078715+00:00,inside in water 2,2551D2CE-42AA-68FB-434E-C7BD2ABBF5E3,-64,27.1,80.78,26.2,79.16,27.1,80.78,27.2,80.96000000000001,27.2,80.96000000000001,27.0,80.6,99.0
2026-08-29T01:00:56.084543+00:00,inside in water 2,2551D2CE-42AA-68FB-434E-C7BD2ABBF5E3,-79,27.1,80.78,26.3,79.34,27.1,80.78,27.2,80.96000000000001,27.2,80.96000000000001,27.0,80.6,99.0
2026-08-29T01:00:58.090065+00:00,inside in water 2,2551D2CE-42AA-68FB-434E-C7BD2ABBF5E3,-79,27.1,80.78,26.3,79.34,27.1,80.78,27.2,80.96000000000001,27.2,80.96000000000001,27.0,80.6,99.0
2026-08-29T01:01:00.094781+00:00,inside in water 2,2551D2CE-42AA-68FB-434E-C7BD2ABBF5E3,-73,27.1,80.78,26.3,79.34,27.1,80.78,27.2,80.96000000000001,27.2,80.96000000000001,27.0,80.6,99.0
2026-08-29T01:01:02.100419+00:00,inside in water 2,2551D2CE-42AA-68FB-434E-C7BD2ABBF5E3,-74,27.1,80.78,26.4,79.52,27.1,80.78,27.1,80.78,27.2,80.96000000000001,27.0,80.6,99.0
2026-08-29T01:01:04.105655+00:00,inside in water 2,2551D2CE-42AA-68FB-434E-C7BD2ABBF5E3,-73,27.1,80.78,26.3,79.34,27.1,80.78,27.1,80.78,27.2,80.96000000000001,27.0,80.6,99.0
2026-08-29T01:01:06.110774+00:00,inside in water 2,2551D2CE-42AA-68FB-434E-C7BD2ABBF5E3,-73,27.1,80.78,26.3,79.34,27.1,80.78,27.1,80.78,27.2,80.96000000000001,27.0,80.6,99.0
2026-08-29T01:01:08.116170+00:00,inside in water 2,2551D2CE-42AA-68FB-434E-C7BD2ABBF5E3,-61,27.0,80.6,26.3,79.34,27.0,80.6,27.1,80.78,27.2,80.96000000000001,27.0,80.6,99.0
2026-08-29T01:01:10.122809+00:00,inside in water 2,2551D2CE-42AA-68FB-434E-C7BD2ABBF5E3,127,27.0,80.6,26.3,79.34,27.0,80.6,27.1,80.78,27.2,80.96000000000001,27.0,80.6,99.0
2026-08-29T01:01:12.126488+00:00,inside in water 2,2551D2CE-42AA-68FB-434E-C7BD2ABBF5E3,127,27.0,80.6,26.3,79.34,27.0,80.6,27.1,80.78,27.2,80.96000000000001,27.0,80.6,99.0
2026-08-29T01:01:14.131244+00:00,inside in water 2,2551D2CE-42AA-68FB-434E-C7BD2ABBF5E3,-80,27.0,80.6,26.4,79.52,27.0,80.6,27.1,80.78,27.1,80.78,26.9,80.42,99.0
2026-08-29T01:01:16.132944+00:00,inside in water 2,2551D2CE-42AA-68FB-434E-C7BD2ABBF5E3,-59,27.0,80.6,26.1,78.98,27.0,80.6,27.1,80.78,27.1,80.78,26.9,80.42,99.0
2026-08-29T01:01:18.137707+00:00,inside in water 2,2551D2CE-42AA-68FB-434E-C7BD2ABBF5E3,-76,27.0,80.6,26.3,79.34,27.0,80.6,27.1,80.78,27.1,80.78,26.9,80.42,99.0
2026-08-29T01:01:20.142876+00:00,inside in water 2,2551D2CE-42AA-68FB-434E-C7BD2ABBF5E3,-63,27.0,80.6,26.2,79.16,27.0,80.6,27.1,80.78,27.1,80.78,26.9,80.42,99.0
2026-08-29T01:01:22.148747+00:00,inside in water 2,2551D2CE-42AA-68FB-434E-C7BD2ABBF5E3,-63,27.0,80.6,26.2,79.16,27.0,80.6,27.1,80.78,27.1,80.78,26.9,80.42,99.0
2026-08-29T01:01:24.156295+00:00,inside in water 2,2551D2CE-42AA-68FB-434E-C7BD2ABBF5E3,-63,27.0,80.6,26.2,79.16,27.0,80.6,27.1,80.78,27.1,80.78,26.9,80.42,99.0
2026-08-29T01:01:26.161527+00:00,inside in water 2,2551D2CE-42AA-68FB-434E-C7BD2ABBF5E3,-66,27.0,80.6,26.2,79.16,27.0,80.6,27.1,80.78,27.1,80.78,26.9,80.42,99.0
2026-08-29T01:01:28.168718+00:00,inside in water 2,2551D2CE-42AA-68FB-434E-C7BD2ABBF5E3,-66,27.0,80.6,26.2,79.16,27.0,80.6,27.1,80.78,27.1,80.78,26.9,80.42,99.0
2026-08-29T01:01:30.176951+00:00,inside in water 2,2551D2CE-42AA-68FB-434E-C7BD2ABBF5E3,-61,26.9,80.42,26.2,79.16,26.9,80.42,27.0,80.6,27.1,80.78,26.9,80.42,99.0
2026-08-29T01:01:32.184625+00:00,inside in water 2,2551D2CE-42AA-68FB-434E-C7BD2ABBF5E3,-71,26.9,80.42,26.3,79.34,26.9,80.42,27.0,80.6,27.1,80.78,26.9,80.42,99.0
2026-08-29T01:01:34.188072+00:00,inside in water 2,2551D2CE-42AA-68FB-434E-C7BD2ABBF5E3,-71,26.9,80.42,26.3,79.34,26.9,80.42,27.0,80.6,27.1,80.78,26.9,80.42,99.0
2026-08-29T01:01:36.192343+00:00,inside in water 2,2551D2CE-42AA-68FB-434E-C7BD2ABBF5E3,-71,26.9,80.42,26.3,79.34,26.9,80.42,27.0,80.6,27.1,80.78,26.9,80.42,99.0
2026-08-29T01:01:38.196111+00:00,inside in water 2,2551D2CE-42AA-68FB-434E-C7BD2ABBF5E3,-71,26.9,80.42,26.3,79.34,26.9,80.42,27.0,80.6,27.1,80.78,26.9,80.42,99.0
2026-08-29T01:01:40.200921+00:00,inside in water 2,2551D2CE-42AA-68FB-434E-C7BD2ABBF5E3,-69,26.9,80.42,26.3,79.34,26.9,80.42,27.0,80.6,27.1,80.78,26.9,80.42,99.0
2026-08-29T01:01:42.207566+00:00,inside in water 2,2551D2CE-42AA-68FB-434E-C7BD2ABBF5E3,-61,26.9,80.42,26.3,79.34,26.9,80.42,27.0,80.6,27.1,80.78,26.9,80.42,99.0
2026-08-29T01:01:44.212890+00:00,inside in water 2,2551D2CE-42AA-68FB-434E-C7BD2ABBF5E3,-62,26.9,80.42,26.2,79.16,26.9,80.42,27.0,80.6,27.0,80.6,26.8,80.24000000000001,99.0
2026-08-29T01:01:46.214691+00:00,inside in water 2,2551D2CE-42AA-68FB-434E-C7BD2ABBF5E3,-68,26.9,80.42,26.4,79.52,26.9,80.42,27.0,80.6,27.0,80.6,26.8,80.24000000000001,99.0
2026-08-29T01:01:48.217921+00:00,inside in water 2,2551D2CE-42AA-68FB-434E-C7BD2ABBF5E3,-64,26.9,80.42,26.4,79.52,26.9,80.42,27.0,80.6,27.0,80.6,26.8,80.24000000000001,99.0
2026-08-29T01:01:50.224134+00:00,inside in water 2,2551D2CE-42AA-68FB-434E-C7BD2ABBF5E3,-67,26.9,80.42,26.1,78.98,26.9,80.42,26.9,80.42,27.0,80.6,26.8,80.24000000000001,99.0
2026-08-29T01:01:52.225437+00:00,inside in water 2,2551D2CE-42AA-68FB-434E-C7BD2ABBF5E3,-67,26.9,80.42,26.2,79.16,26.9,80.42,26.9,80.42,27.0,80.6,26.8,80.24000000000001,99.0
2026-08-29T01:01:54.230905+00:00,inside in water 2,2551D2CE-42AA-68FB-434E-C7BD2ABBF5E3,-66,26.9,80.42,26.2,79.16,26.9,80.42,26.9,80.42,27.0,80.6,26.8,80.24000000000001,99.0
2026-08-29T01:01:56.236586+00:00,inside in water 2,2551D2CE-42AA-68FB-434E-C7BD2ABBF5E3,-66,26.9,80.42,26.2,79.16,26.9,80.42,26.9,80.42,27.0,80.6,26.8,80.24000000000001,99.0
2026-08-29T01:01:58.243402+00:00,inside in water 2,2551D2CE-42AA-68FB-434E-C7BD2ABBF5E3,-67,26.8,80.24000000000001,26.2,79.16,26.8,80.24000000000001,26.9,80.42,27.0,80.6,26.8,80.24000000000001,99.0
2026-08-29T01:02:00.252583+00:00,inside in water 2,2551D2CE-42AA-68FB-434E-C7BD2ABBF5E3,-67,26.8,80.24000000000001,26.2,79.16,26.8,80.24000000000001,26.9,80.42,27.0,80.6,26.8,80.24000000000001,99.0
2026-08-29T01:02:02.259711+00:00,inside in water 2,2551D2CE-42AA-68FB-434E-C7BD2ABBF5E3,-66,26.8,80.24000000000001,26.2,79.16,26.8,80.24000000000001,26.9,80.42,27.0,80.6,26.8,80.24000000000001,99.0
2026-08-29T01:02:04.273181+00:00,inside in water 2,2551D2CE-42AA-68FB-434E-C7BD2ABBF5E3,-64,26.8,80.24000000000001,26.1,78.98,26.8,80.24000000000001,26.9,80.42,27.0,80.6,26.8,80.24000000000001,99.0
2026-08-29T01:02:06.278380+00:00,inside in water 2,2551D2CE-42AA-68FB-434E-C7BD2ABBF5E3,-64,26.8,80.24000000000001,26.1,78.98,26.8,80.24000000000001,26.9,80.42,27.0,80.6,26.8,80.24000000000001,99.0
2026-08-29T01:02:08.283823+00:00,inside in water 2,2551D2CE-42AA-68FB-434E-C7BD2ABBF5E3,-65,26.8,80.24000000000001,26.2,79.16,26.8,80.24000000000001,26.9,80.42,26.9,80.42,26.8,80.24000000000001,99.0
2026-08-29T01:02:10.294908+00:00,inside in water 2,2551D2CE-42AA-68FB-434E-C7BD2ABBF5E3,-65,26.8,80.24000000000001,26.2,79.16,26.8,80.24000000000001,26.9,80.42,26.9,80.42,26.8,80.24000000000001,99.0
2026-08-29T01:02:12.298834+00:00,inside in water 2,2551D2CE-42AA-68FB-434E-C7BD2ABBF5E3,-61,26.8,80.24000000000001,26.2,79.16,26.8,80.24000000000001,26.9,80.42,26.9,80.42,26.8,80.24000000000001,99.0
2026-08-29T01:02:14.310972+00:00,inside in water 2,2551D2CE-42AA-68FB-434E-C7BD2ABBF5E3,-61,26.8,80.24000000000001,26.2,79.16,26.8,80.24000000000001,26.9,80.42,26.9,80.42,26.8,80.24000000000001,99.0
2026-08-29T01:02:16.315511+00:00,inside in water 2,2551D2CE-42AA-68FB-434E-C7BD2ABBF5E3,-61,26.8,80.24000000000001,26.2,79.16,26.8,80.24000000000001,26.9,80.42,26.9,80.42,26.8,80.24000000000001,99.0
2026-08-29T01:02:18.321626+00:00,inside in water 2,2551D2CE-42AA-68FB-434E-C7BD2ABBF5E3,-62,26.8,80.24000000000001,26.2,79.16,26.8,80.24000000000001,26.9,80.42,26.9,80.42,26.8,80.24000000000001,99.0
2026-08-29T01:02:20.327812+00:00,inside in water 2,2551D2CE-42AA-68FB-434E-C7BD2ABBF5E3,-59,26.8,80.24000000000001,26.3,79.34,26.8,80.24000000000001,26.9,80.42,26.9,80.42,26.8,80.24000000000001,99.0
2026-08-29T01:02:22.332380+00:00,inside in water 2,2551D2CE-42AA-68FB-434E-C7BD2ABBF5E3,-58,26.8,80.24000000000001,26.1,78.98,26.8,80.24000000000001,26.8,80.24000000000001,26.9,80.42,26.8,80.24000000000001,99.0
2026-08-29T01:02:24.336678+00:00,inside in water 2,2551D2CE-42AA-68FB-434E-C7BD2ABBF5E3,-58,26.8,80.24000000000001,26.1,78.98,26.8,80.24000000000001,26.8,80.24000000000001,26.9,80.42,26.8,80.24000000000001,99.0
2026-08-29T01:02:26.344014+00:00,inside in water 2,2551D2CE-42AA-68FB-434E-C7BD2ABBF5E3,-65,26.8,80.24000000000001,26.1,78.98,26.8,80.24000000000001,26.8,80.24000000000001,26.9,80.42,26.8,80.24000000000001,99.0
2026-08-29T01:02:28.349886+00:00,inside in water 2,2551D2CE-42AA-68FB-434E-C7BD2ABBF5E3,-65,26.8,80.24000000000001,26.1,78.98,26.8,80.24000000000001,26.8,80.24000000000001,26.9,80.42,26.8,80.24000000000001,99.0
2026-08-29T01:02:30.364089+00:00,inside in water 2,2551D2CE-42AA-68FB-434E-C7BD2ABBF5E3,-65,26.8,80.24000000000001,26.1,78.98,26.8,80.24000000000001,26.8,80.24000000000001,26.9,80.42,26.8,80.24000000000001,99.0
2026-08-29T01:02:32.374541+00:00,inside in water 2,2551D2CE-42AA-68FB-434E-C7BD2ABBF5E3,-66,26.7,80.06,26.0,78.80000000000001,26.7,80.06,26.8,80.24000000000001,26.9,80.42,26.7,80.06,99.0
2026-08-29T01:02:34.385727+00:00,inside in water 2,2551D2CE-42AA-68FB-434E-C7BD2ABBF5E3,-66,26.7,80.06,26.0,78.80000000000001,26.7,80.06,26.8,80.24000000000001,26.9,80.42,26.7,80.06,99.0
2026-08-29T01:02:36.390178+00:00,inside in water 2,2551D2CE-42AA-68FB-434E-C7BD2ABBF5E3,-62,26.7,80.06,26.0,78.80000000000001,26.7,80.06,26.8,80.24000000000001,26.9,80.42,26.7,80.06,99.0
2026-08-29T01:02:38.397953+00:00,inside in water 2,2551D2CE-42AA-68FB-434E-C7BD2ABBF5E3,-62,26.7,80.06,26.0,78.80000000000001,26.7,80.06,26.8,80.24000000000001,26.9,80.42,26.7,80.06,99.0
2026-08-29T01:02:40.400591+00:00,inside in water 2,2551D2CE-42AA-68FB-434E-C7BD2ABBF5E3,-62,26.7,80.06,26.0,78.80000000000001,26.7,80.06,26.8,80.24000000000001,26.9,80.42,26.7,80.06,99.0
2026-08-29T01:02:42.404950+00:00,inside in water 2,2551D2CE-42AA-68FB-434E-C7BD2ABBF5E3,-61,26.7,80.06,26.0,78.80000000000001,26.7,80.06,26.8,80.24000000000001,26.9,80.42,26.7,80.06,99.0
2026-08-29T01:02:44.411741+00:00,inside in water 2,2551D2CE-42AA-68FB-434E-C7BD2ABBF5E3,-61,26.7,80.06,26.0,78.80000000000001,26.7,80.06,26.8,80.24000000000001,26.9,80.42,26.7,80.06,99.0
2026-08-29T01:02:46.416432+00:00,inside in water 2,2551D2CE-42AA-68FB-434E-C7BD2ABBF5E3,-64,26.7,80.06,26.2,79.16,26.7,80.06,26.8,80.24000000000001,26.9,80.42,26.7,80.06,99.0
2026-08-29T01:02:48.421253+00:00,inside in water 2,2551D2CE-42AA-68FB-434E-C7BD2ABBF5E3,-63,26.7,80.06,26.1,78.98,26.7,80.06,26.8,80.24000000000001,26.9,80.42,26.7,80.06,99.0
2026-08-29T01:02:50.426160+00:00,inside in water 2,2551D2CE-42AA-68FB-434E-C7BD2ABBF5E3,-71,26.7,80.06,26.1,78.98,26.7,80.06,26.8,80.24000000000001,26.9,80.42,26.7,80.06,99.0
2026-08-29T01:02:52.430324+00:00,inside in water 2,2551D2CE-42AA-68FB-434E-C7BD2ABBF5E3,-60,26.7,80.06,26.1,78.98,26.7,80.06,26.8,80.24000000000001,26.8,80.24000000000001,26.7,80.06,99.0
2026-08-29T01:02:54.433866+00:00,inside in water 2,2551D2CE-42AA-68FB-434E-C7BD2ABBF5E3,-59,26.7,80.06,26.1,78.98,26.7,80.06,26.8,80.24000000000001,26.8,80.24000000000001,26.7,80.06,99.0
2026-08-29T01:02:56.438480+00:00,inside in water 2,2551D2CE-42AA-68FB-434E-C7BD2ABBF5E3,-73,26.7,80.06,26.1,78.98,26.7,80.06,26.8,80.24000000000001,26.8,80.24000000000001,26.7,80.06,99.0
2026-08-29T01:02:58.443913+00:00,inside in water 2,2551D2CE-42AA-68FB-434E-C7BD2ABBF5E3,-73,26.7,80.06,26.1,78.98,26.7,80.06,26.8,80.24000000000001,26.8,80.24000000000001,26.7,80.06,99.0
2026-08-29T01:03:00.450496+00:00,inside in water 2,2551D2CE-42AA-68FB-434E-C7BD2ABBF5E3,-73,26.7,80.06,26.1,78.98,26.7,80.06,26.8,80.24000000000001,26.8,80.24000000000001,26.7,80.06,99.0
2026-08-29T01:03:02.461403+00:00,inside in water 2,2551D2CE-42AA-68FB-434E-C7BD2ABBF5E3,-60,26.7,80.06,26.1,78.98,26.7,80.06,26.7,80.06,26.8,80.24000000000001,26.7,80.06,99.0
2026-08-29T01:03:04.473632+00:00,inside in water 2,2551D2CE-42AA-68FB-434E-C7BD2ABBF5E3,-60,26.7,80.06,26.1,78.98,26.7,80.06,26.7,80.06,26.8,80.24000000000001,26.7,80.06,99.0
2026-08-29T01:03:06.479313+00:00,inside in water 2,2551D2CE-42AA-68FB-434E-C7BD2ABBF5E3,-60,26.7,80.06,26.1,78.98,26.7,80.06,26.7,80.06,26.8,80.24000000000001,26.7,80.06,99.0
2026-08-29T01:03:08.482403+00:00,inside in water 2,2551D2CE-42AA-68FB-434E-C7BD2ABBF5E3,-62,26.6,79.88,26.0,78.80000000000001,26.6,79.88,26.7,80.06,26.8,80.24000000000001,26.7,80.06,99.0
2026-08-29T01:03:10.490183+00:00,inside in water 2,2551D2CE-42AA-68FB-434E-C7BD2ABBF5E3,-62,26.6,79.88,26.0,78.80000000000001,26.6,79.88,26.7,80.06,26.8,80.24000000000001,26.7,80.06,99.0
2026-08-29T01:03:12.496427+00:00,inside in water 2,2551D2CE-42AA-68FB-434E-C7BD2ABBF5E3,-62,26.6,79.88,26.0,78.80000000000001,26.6,79.88,26.7,80.06,26.8,80.24000000000001,26.7,80.06,99.0
2026-08-29T01:03:14.500505+00:00,inside in water 2,2551D2CE-42AA-68FB-434E-C7BD2ABBF5E3,-62,26.6,79.88,26.0,78.80000000000001,26.6,79.88,26.7,80.06,26.8,80.24000000000001,26.7,80.06,99.0
2026-08-29T01:03:16.514052+00:00,inside in water 2,2551D2CE-42AA-68FB-434E-C7BD2ABBF5E3,-63,26.6,79.88,26.0,78.80000000000001,26.6,79.88,26.7,80.06,26.8,80.24000000000001,26.7,80.06,99.0
2026-08-29T01:03:18.518964+00:00,inside in water 2,2551D2CE-42AA-68FB-434E-C7BD2ABBF5E3,-66,26.6,79.88,26.1,78.98,26.6,79.88,26.7,80.06,26.8,80.24000000000001,26.6,79.88,99.0
2026-08-29T01:03:20.531119+00:00,inside in water 2,2551D2CE-42AA-68FB-434E-C7BD2ABBF5E3,-66,26.6,79.88,26.1,78.98,26.6,79.88,26.7,80.06,26.8,80.24000000000001,26.6,79.88,99.0
2026-08-29T01:03:22.536234+00:00,inside in water 2,2551D2CE-42AA-68FB-434E-C7BD2ABBF5E3,-66,26.6,79.88,26.1,78.98,26.6,79.88,26.7,80.06,26.8,80.24000000000001,26.6,79.88,99.0
2026-08-29T01:03:24.541085+00:00,inside in water 2,2551D2CE-42AA-68FB-434E-C7BD2ABBF5E3,-67,26.6,79.88,26.1,78.98,26.6,79.88,26.7,80.06,26.8,80.24000000000001,26.6,79.88,99.0
2026-08-29T01:03:26.550107+00:00,inside in water 2,2551D2CE-42AA-68FB-434E-C7BD2ABBF5E3,-68,26.6,79.88,26.0,78.80000000000001,26.6,79.88,26.7,80.06,26.8,80.24000000000001,26.6,79.88,99.0
2026-08-29T01:03:28.559020+00:00,inside in water 2,2551D2CE-42AA-68FB-434E-C7BD2ABBF5E3,-68,26.6,79.88,26.0,78.80000000000001,26.6,79.88,26.7,80.06,26.8,80.24000000000001,26.6,79.88,99.0
2026-08-29T01:03:30.562951+00:00,inside in water 2,2551D2CE-42AA-68FB-434E-C7BD2ABBF5E3,-66,26.6,79.88,26.0,78.80000000000001,26.6,79.88,26.7,80.06,26.8,80.24000000000001,26.6,79.88,99.0
2026-08-29T01:03:32.566346+00:00,inside in water 2,2551D2CE-42AA-68FB-434E-C7BD2ABBF5E3,-66,26.6,79.88,26.0,78.80000000000001,26.6,79.88,26.7,80.06,26.8,80.24000000000001,26.6,79.88,99.0
2026-08-29T01:03:34.574807+00:00,inside in water 2,2551D2CE-42AA-68FB-434E-C7BD2ABBF5E3,-67,26.6,79.88,26.0,78.80000000000001,26.6,79.88,26.7,80.06,26.8,80.24000000000001,26.6,79.88,99.0
2026-08-29T01:03:36.578221+00:00,inside in water 2,2551D2CE-42AA-68FB-434E-C7BD2ABBF5E3,-67,26.6,79.88,26.0,78.80000000000001,26.6,79.88,26.7,80.06,26.8,80.24000000000001,26.6,79.88,99.0
2026-08-29T01:03:38.582547+00:00,inside in water 2,2551D2CE-42AA-68FB-434E-C7BD2ABBF5E3,-67,26.6,79.88,26.0,78.80000000000001,26.6,79.88,26.7,80.06,26.8,80.24000000000001,26.6,79.88,99.0
2026-08-29T01:03:40.587564+00:00,inside in water 2,2551D2CE-42AA-68FB-434E-C7BD2ABBF5E3,-71,26.6,79.88,26.1,78.98,26.6,79.88,26.7,80.06,26.8,80.24000000000001,26.6,79.88,99.0
2026-08-29T01:03:42.591730+00:00,inside in water 2,2551D2CE-42AA-68FB-434E-C7BD2ABBF5E3,-58,26.6,79.88,26.1,78.98,26.6,79.88,26.7,80.06,26.8,80.24000000000001,26.6,79.88,99.0
2026-08-29T01:03:44.595774+00:00,inside in water 2,2551D2CE-42AA-68FB-434E-C7BD2ABBF5E3,-72,26.6,79.88,26.1,78.98,26.6,79.88,26.7,80.06,26.8,80.24000000000001,26.6,79.88,99.0
2026-08-29T01:03:46.599866+00:00,inside in water 2,2551D2CE-42AA-68FB-434E-C7BD2ABBF5E3,-65,26.6,79.88,26.2,79.16,26.6,79.88,26.7,80.06,26.7,80.06,26.6,79.88,99.0
2026-08-29T01:03:48.604725+00:00,inside in water 2,2551D2CE-42AA-68FB-434E-C7BD2ABBF5E3,-65,26.6,79.88,26.2,79.16,26.6,79.88,26.7,80.06,26.7,80.06,26.6,79.88,99.0
2026-08-29T01:03:50.611133+00:00,inside in water 2,2551D2CE-42AA-68FB-434E-C7BD2ABBF5E3,-65,26.6,79.88,26.2,79.16,26.6,79.88,26.7,80.06,26.7,80.06,26.6,79.88,99.0
2026-08-29T01:03:52.614633+00:00,inside in water 2,2551D2CE-42AA-68FB-434E-C7BD2ABBF5E3,-66,26.6,79.88,25.9,78.62,26.6,79.88,26.6,79.88,26.7,80.06,26.6,79.88,99.0
2026-08-29T01:03:54.618105+00:00,inside in water 2,2551D2CE-42AA-68FB-434E-C7BD2ABBF5E3,-66,26.6,79.88,25.9,78.62,26.6,79.88,26.6,79.88,26.7,80.06,26.6,79.88,99.0
2026-08-29T01:03:56.630347+00:00,inside in water 2,2551D2CE-42AA-68FB-434E-C7BD2ABBF5E3,-66,26.6,79.88,25.9,78.62,26.6,79.88,26.6,79.88,26.7,80.06,26.6,79.88,99.0
2026-08-29T01:03:58.637608+00:00,inside in water 2,2551D2CE-42AA-68FB-434E-C7BD2ABBF5E3,-64,26.6,79.88,25.9,78.62,26.6,79.88,26.6,79.88,26.7,80.06,26.6,79.88,99.0
2026-08-29T01:04:00.649864+00:00,inside in water 2,2551D2CE-42AA-68FB-434E-C7BD2ABBF5E3,-70,26.5,79.7,26.2,79.16,26.5,79.7,26.6,79.88,26.7,80.06,26.6,79.88,99.0
2026-08-29T01:04:02.655193+00:00,inside in water 2,2551D2CE-42AA-68FB-434E-C7BD2ABBF5E3,-70,26.5,79.7,26.2,79.16,26.5,79.7,26.6,79.88,26.7,80.06,26.6,79.88,99.0
2026-08-29T01:04:04.659566+00:00,inside in water 2,2551D2CE-42AA-68FB-434E-C7BD2ABBF5E3,-70,26.5,79.7,26.0,78.80000000000001,26.5,79.7,26.6,79.88,26.7,80.06,26.6,79.88,99.0
2026-08-29T01:04:06.662655+00:00,inside in water 2,2551D2CE-42AA-68FB-434E-C7BD2ABBF5E3,-70,26.5,79.7,26.0,78.80000000000001,26.5,79.7,26.6,79.88,26.7,80.06,26.6,79.88,99.0
2026-08-29T01:04:08.669801+00:00,inside in water 2,2551D2CE-42AA-68FB-434E-C7BD2ABBF5E3,-70,26.5,79.7,26.0,78.80000000000001,26.5,79.7,26.6,79.88,26.7,80.06,26.6,79.88,99.0
2026-08-29T01:04:10.678008+00:00,inside in water 2,2551D2CE-42AA-68FB-434E-C7BD2ABBF5E3,-69,26.5,79.7,26.0,78.80000000000001,26.5,79.7,26.6,79.88,26.7,80.06,26.6,79.88,99.0
2026-08-29T01:04:12.681654+00:00,inside in water 2,2551D2CE-42AA-68FB-434E-C7BD2ABBF5E3,-64,26.5,79.7,26.0,78.80000000000001,26.5,79.7,26.6,79.88,26.7,80.06,26.6,79.88,99.0
2026-08-29T01:04:14.686178+00:00,inside in water 2,2551D2CE-42AA-68FB-434E-C7BD2ABBF5E3,-64,26.5,79.7,26.0,78.80000000000001,26.5,79.7,26.6,79.88,26.7,80.06,26.6,79.88,99.0
2026-08-29T01:04:16.692275+00:00,inside in water 2,2551D2CE-42AA-68FB-434E-C7BD2ABBF5E3,-64,26.5,79.7,26.0,78.80000000000001,26.5,79.7,26.6,79.88,26.7,80.06,26.6,79.88,99.0
2026-08-29T01:04:18.702627+00:00,inside in water 2,2551D2CE-42AA-68FB-434E-C7BD2ABBF5E3,-64,26.5,79.7,26.0,78.80000000000001,26.5,79.7,26.6,79.88,26.7,80.06,26.6,79.88,99.0
2026-08-29T01:04:20.719345+00:00,inside in water 2,2551D2CE-42AA-68FB-434E-C7BD2ABBF5E3,-65,26.5,79.7,26.0,78.80000000000001,26.5,79.7,26.6,79.88,26.7,80.06,26.6,79.88,99.0
2026-08-29T01:04:22.727122+00:00,inside in water 2,2551D2CE-42AA-68FB-434E-C7BD2ABBF5E3,-70,26.5,79.7,26.0,78.80000000000001,26.5,79.7,26.6,79.88,26.7,80.06,26.6,79.88,99.0
2026-08-29T01:04:24.734924+00:00,inside in water 2,2551D2CE-42AA-68FB-434E-C7BD2ABBF5E3,-70,26.5,79.7,26.0,78.80000000000001,26.5,79.7,26.6,79.88,26.7,80.06,26.6,79.88,99.0
2026-08-29T01:04:26.740130+00:00,inside in water 2,2551D2CE-42AA-68FB-434E-C7BD2ABBF5E3,-69,26.5,79.7,26.0,78.80000000000001,26.5,79.7,26.6,79.88,26.7,80.06,26.6,79.88,99.0
2026-08-29T01:04:28.746869+00:00,inside in water 2,2551D2CE-42AA-68FB-434E-C7BD2ABBF5E3,-68,26.5,79.7,26.0,78.80000000000001,26.5,79.7,26.6,79.88,26.6,79.88,26.5,79.7,99.0
2026-08-29T01:04:30.760187+00:00,inside in water 2,2551D2CE-42AA-68FB-434E-C7BD2ABBF5E3,-68,26.5,79.7,25.8,78.44,26.5,79.7,26.6,79.88,26.7,80.06,26.5,79.7,99.0
2026-08-29T01:04:32.763851+00:00,inside in water 2,2551D2CE-42AA-68FB-434E-C7BD2ABBF5E3,-68,26.5,79.7,25.8,78.44,26.5,79.7,26.6,79.88,26.7,80.06,26.5,79.7,99.0
2026-08-29T01:04:34.768944+00:00,inside in water 2,2551D2CE-42AA-68FB-434E-C7BD2ABBF5E3,-87,26.5,79.7,25.8,78.44,26.5,79.7,26.6,79.88,26.7,80.06,26.5,79.7,99.0
2026-08-29T01:04:36.775430+00:00,inside in water 2,2551D2CE-42AA-68FB-434E-C7BD2ABBF5E3,-68,26.5,79.7,25.8,78.44,26.5,79.7,26.6,79.88,26.7,80.06,26.5,79.7,99.0
2026-08-29T01:04:38.785112+00:00,inside in water 2,2551D2CE-42AA-68FB-434E-C7BD2ABBF5E3,-58,26.5,79.7,25.9,78.62,26.5,79.7,26.6,79.88,26.6,79.88,26.5,79.7,99.0
2026-08-29T01:04:40.794768+00:00,inside in water 2,2551D2CE-42AA-68FB-434E-C7BD2ABBF5E3,-65,26.5,79.7,26.1,78.98,26.5,79.7,26.5,79.7,26.6,79.88,26.5,79.7,99.0
2026-08-29T01:04:42.797164+00:00,inside in water 2,2551D2CE-42AA-68FB-434E-C7BD2ABBF5E3,-67,26.5,79.7,26.0,78.80000000000001,26.5,79.7,26.6,79.88,26.6,79.88,26.5,79.7,99.0
2026-08-29T01:04:44.799812+00:00,inside in water 2,2551D2CE-42AA-68FB-434E-C7BD2ABBF5E3,-68,26.5,79.7,26.1,78.98,26.5,79.7,26.5,79.7,26.6,79.88,26.5,79.7,99.0
2026-08-29T01:04:46.805613+00:00,inside in water 2,2551D2CE-42AA-68FB-434E-C7BD2ABBF5E3,-68,26.5,79.7,26.1,78.98,26.5,79.7,26.5,79.7,26.6,79.88,26.5,79.7,99.0
2026-08-29T01:04:48.812954+00:00,inside in water 2,2551D2CE-42AA-68FB-434E-C7BD2ABBF5E3,-68,26.5,79.7,26.1,78.98,26.5,79.7,26.5,79.7,26.6,79.88,26.5,79.7,99.0
2026-08-29T01:04:50.816063+00:00,inside in water 2,2551D2CE-42AA-68FB-434E-C7BD2ABBF5E3,-62,26.5,79.7,26.0,78.80000000000001,26.5,79.7,26.5,79.7,26.6,79.88,26.5,79.7,99.0
2026-08-29T01:04:52.819357+00:00,inside in water 2,2551D2CE-42AA-68FB-434E-C7BD2ABBF5E3,-64,26.4,79.52,25.9,78.62,26.4,79.52,26.5,79.7,26.6,79.88,26.5,79.7,99.0
2026-08-29T01:04:54.822377+00:00,inside in water 2,2551D2CE-42AA-68FB-434E-C7BD2ABBF5E3,-64,26.4,79.52,25.9,78.62,26.4,79.52,26.5,79.7,26.6,79.88,26.5,79.7,99.0
2026-08-29T01:04:56.829620+00:00,inside in water 2,2551D2CE-42AA-68FB-434E-C7BD2ABBF5E3,-64,26.4,79.52,25.9,78.62,26.4,79.52,26.5,79.7,26.6,79.88,26.5,79.7,99.0
2026-08-29T01:04:58.836050+00:00,inside in water 2,2551D2CE-42AA-68FB-434E-C7BD2ABBF5E3,-64,26.4,79.52,25.9,78.62,26.4,79.52,26.5,79.7,26.6,79.88,26.5,79.7,99.0
2026-08-29T01:05:00.924449+00:00,inside in water 2,2551D2CE-42AA-68FB-434E-C7BD2ABBF5E3,-61,26.4,79.52,25.9,78.62,26.4,79.52,26.5,79.7,26.6,79.88,26.5,79.7,99.0
2026-08-29T01:05:02.927309+00:00,inside in water 2,2551D2CE-42AA-68FB-434E-C7BD2ABBF5E3,-72,26.4,79.52,25.9,78.62,26.4,79.52,26.5,79.7,26.6,79.88,26.5,79.7,99.0
2026-08-29T01:05:04.932604+00:00,inside in water 2,2551D2CE-42AA-68FB-434E-C7BD2ABBF5E3,-72,26.4,79.52,25.9,78.62,26.4,79.52,26.5,79.7,26.6,79.88,26.5,79.7,99.0
2026-08-29T01:05:06.935121+00:00,inside in water 2,2551D2CE-42AA-68FB-434E-C7BD2ABBF5E3,-73,26.4,79.52,25.9,78.62,26.4,79.52,26.5,79.7,26.6,79.88,26.5,79.7,99.0
2026-08-29T01:05:08.939089+00:00,inside in water 2,2551D2CE-42AA-68FB-434E-C7BD2ABBF5E3,-73,26.4,79.52,25.9,78.62,26.4,79.52,26.5,79.7,26.6,79.88,26.5,79.7,99.0
2026-08-29T01:05:10.942197+00:00,inside in water 2,2551D2CE-42AA-68FB-434E-C7BD2ABBF5E3,-73,26.4,79.52,25.9,78.62,26.4,79.52,26.5,79.7,26.6,79.88,26.5,79.7,99.0
2026-08-29T01:05:12.945747+00:00,inside in water 2,2551D2CE-42AA-68FB-434E-C7BD2ABBF5E3,-73,26.4,79.52,25.9,78.62,26.4,79.52,26.5,79.7,26.6,79.88,26.5,79.7,99.0
2026-08-29T01:05:14.950079+00:00,inside in water 2,2551D2CE-42AA-68FB-434E-C7BD2ABBF5E3,-63,26.4,79.52,25.9,78.62,26.4,79.52,26.5,79.7,26.6,79.88,26.5,79.7,99.0
2026-08-29T01:05:16.957493+00:00,inside in water 2,2551D2CE-42AA-68FB-434E-C7BD2ABBF5E3,-63,26.4,79.52,25.9,78.62,26.4,79.52,26.5,79.7,26.6,79.88,26.5,79.7,99.0
2026-08-29T01:05:18.961792+00:00,inside in water 2,2551D2CE-42AA-68FB-434E-C7BD2ABBF5E3,-63,26.4,79.52,25.9,78.62,26.4,79.52,26.5,79.7,26.6,79.88,26.5,79.7,99.0
2026-08-29T01:05:20.963689+00:00,inside in water 2,2551D2CE-42AA-68FB-434E-C7BD2ABBF5E3,-63,26.4,79.52,25.9,78.62,26.4,79.52,26.5,79.7,26.6,79.88,26.5,79.7,99.0
2026-08-29T01:05:22.969810+00:00,inside in water 2,2551D2CE-42AA-68FB-434E-C7BD2ABBF5E3,-63,26.4,79.52,25.9,78.62,26.4,79.52,26.5,79.7,26.6,79.88,26.5,79.7,99.0
2026-08-29T01:05:24.975953+00:00,inside in water 2,2551D2CE-42AA-68FB-434E-C7BD2ABBF5E3,-68,26.4,79.52,25.9,78.62,26.4,79.52,26.5,79.7,26.6,79.88,26.5,79.7,99.0
2026-08-29T01:05:26.979231+00:00,inside in water 2,2551D2CE-42AA-68FB-434E-C7BD2ABBF5E3,-68,26.4,79.52,25.9,78.62,26.4,79.52,26.5,79.7,26.6,79.88,26.5,79.7,99.0
2026-08-29T01:05:28.983011+00:00,inside in water 2,2551D2CE-42AA-68FB-434E-C7BD2ABBF5E3,-81,26.4,79.52,25.9,78.62,26.4,79.52,26.5,79.7,26.6,79.88,26.5,79.7,99.0
2026-08-29T01:05:30.994227+00:00,inside in water 2,2551D2CE-42AA-68FB-434E-C7BD2ABBF5E3,-67,26.4,79.52,25.9,78.62,26.4,79.52,26.5,79.7,26.6,79.88,26.4,79.52,99.0
2026-08-29T01:05:32.998500+00:00,inside in water 2,2551D2CE-42AA-68FB-434E-C7BD2ABBF5E3,-64,26.4,79.52,25.9,78.62,26.4,79.52,26.5,79.7,26.6,79.88,26.4,79.52,99.0
2026-08-29T01:05:35.002583+00:00,inside in water 2,2551D2CE-42AA-68FB-434E-C7BD2ABBF5E3,-58,26.4,79.52,25.9,78.62,26.4,79.52,26.5,79.7,26.6,79.88,26.4,79.52,99.0
2026-08-29T01:05:37.008488+00:00,inside in water 2,2551D2CE-42AA-68FB-434E-C7BD2ABBF5E3,-65,26.4,79.52,25.9,78.62,26.4,79.52,26.5,79.7,26.6,79.88,26.4,79.52,99.0
2026-08-29T01:05:39.013834+00:00,inside in water 2,2551D2CE-42AA-68FB-434E-C7BD2ABBF5E3,-65,26.4,79.52,25.9,78.62,26.4,79.52,26.4,79.52,26.5,79.7,26.4,79.52,99.0
2026-08-29T01:05:41.017597+00:00,inside in water 2,2551D2CE-42AA-68FB-434E-C7BD2ABBF5E3,-65,26.4,79.52,25.9,78.62,26.4,79.52,26.4,79.52,26.5,79.7,26.4,79.52,99.0
2026-08-29T01:05:43.021699+00:00,inside in water 2,2551D2CE-42AA-68FB-434E-C7BD2ABBF5E3,-65,26.4,79.52,25.9,78.62,26.4,79.52,26.4,79.52,26.5,79.7,26.4,79.52,99.0
2026-08-29T01:05:45.026195+00:00,inside in water 2,2551D2CE-42AA-68FB-434E-C7BD2ABBF5E3,-70,26.4,79.52,25.7,78.25999999999999,26.4,79.52,26.4,79.52,26.5,79.7,26.4,79.52,99.0
2026-08-29T01:05:47.032241+00:00,inside in water 2,2551D2CE-42AA-68FB-434E-C7BD2ABBF5E3,-70,26.4,79.52,25.7,78.25999999999999,26.4,79.52,26.4,79.52,26.5,79.7,26.4,79.52,99.0
2026-08-29T01:05:49.034735+00:00,inside in water 2,2551D2CE-42AA-68FB-434E-C7BD2ABBF5E3,-70,26.4,79.52,25.7,78.25999999999999,26.4,79.52,26.4,79.52,26.5,79.7,26.4,79.52,99.0
2026-08-29T01:05:51.039347+00:00,inside in water 2,2551D2CE-42AA-68FB-434E-C7BD2ABBF5E3,-70,26.4,79.52,25.7,78.25999999999999,26.4,79.52,26.4,79.52,26.5,79.7,26.4,79.52,99.0
2026-08-29T01:05:53.045790+00:00,inside in water 2,2551D2CE-42AA-68FB-434E-C7BD2ABBF5E3,-73,26.4,79.52,25.8,78.44,26.4,79.52,26.4,79.52,26.5,79.7,26.4,79.52,99.0
2026-08-29T01:05:55.052941+00:00,inside in water 2,2551D2CE-42AA-68FB-434E-C7BD2ABBF5E3,-63,26.4,79.52,25.8,78.44,26.4,79.52,26.4,79.52,26.5,79.7,26.4,79.52,99.0
2026-08-29T01:05:57.058508+00:00,inside in water 2,2551D2CE-42AA-68FB-434E-C7BD2ABBF5E3,-65,26.3,79.34,25.9,78.62,26.3,79.34,26.4,79.52,26.5,79.7,26.4,79.52,99.0
2026-08-29T01:05:59.064666+00:00,inside in water 2,2551D2CE-42AA-68FB-434E-C7BD2ABBF5E3,-65,26.3,79.34,25.9,78.62,26.3,79.34,26.4,79.52,26.5,79.7,26.4,79.52,99.0
2026-08-29T01:06:01.072343+00:00,inside in water 2,2551D2CE-42AA-68FB-434E-C7BD2ABBF5E3,-65,26.3,79.34,25.9,78.62,26.3,79.34,26.4,79.52,26.5,79.7,26.4,79.52,99.0
2026-08-29T01:06:03.080580+00:00,inside in water 2,2551D2CE-42AA-68FB-434E-C7BD2ABBF5E3,-65,26.3,79.34,25.9,78.62,26.3,79.34,26.4,79.52,26.5,79.7,26.4,79.52,99.0
2026-08-29T01:06:05.087766+00:00,inside in water 2,2551D2CE-42AA-68FB-434E-C7BD2ABBF5E3,-65,26.3,79.34,25.9,78.62,26.3,79.34,26.4,79.52,26.5,79.7,26.4,79.52,99.0
2026-08-29T01:06:07.095813+00:00,inside in water 2,2551D2CE-42AA-68FB-434E-C7BD2ABBF5E3,-63,26.3,79.34,25.8,78.44,26.3,79.34,26.4,79.52,26.5,79.7,26.4,79.52,99.0
2026-08-29T01:06:09.101355+00:00,inside in water 2,2551D2CE-42AA-68FB-434E-C7BD2ABBF5E3,-72,26.3,79.34,25.8,78.44,26.3,79.34,26.4,79.52,26.5,79.7,26.4,79.52,99.0
2026-08-29T01:06:11.106860+00:00,inside in water 2,2551D2CE-42AA-68FB-434E-C7BD2ABBF5E3,-63,26.3,79.34,25.8,78.44,26.3,79.34,26.4,79.52,26.5,79.7,26.4,79.52,99.0
2026-08-29T01:06:13.116692+00:00,inside in water 2,2551D2CE-42AA-68FB-434E-C7BD2ABBF5E3,-65,26.3,79.34,25.8,78.44,26.3,79.34,26.4,79.52,26.5,79.7,26.4,79.52,99.0
2026-08-29T01:06:15.119876+00:00,inside in water 2,2551D2CE-42AA-68FB-434E-C7BD2ABBF5E3,-65,26.3,79.34,25.8,78.44,26.3,79.34,26.4,79.52,26.5,79.7,26.4,79.52,99.0
2026-08-29T01:06:17.126626+00:00,inside in water 2,2551D2CE-42AA-68FB-434E-C7BD2ABBF5E3,-65,26.3,79.34,25.8,78.44,26.3,79.34,26.4,79.52,26.5,79.7,26.4,79.52,99.0
2026-08-29T01:06:19.131167+00:00,inside in water 2,2551D2CE-42AA-68FB-434E-C7BD2ABBF5E3,-72,26.3,79.34,25.8,78.44,26.3,79.34,26.4,79.52,26.5,79.7,26.4,79.52,99.0
2026-08-29T01:06:21.136204+00:00,inside in water 2,2551D2CE-42AA-68FB-434E-C7BD2ABBF5E3,-62,26.3,79.34,25.8,78.44,26.3,79.34,26.4,79.52,26.5,79.7,26.4,79.52,99.0
2026-08-29T01:06:23.140253+00:00,inside in water 2,2551D2CE-42AA-68FB-434E-C7BD2ABBF5E3,-70,26.3,79.34,25.9,78.62,26.3,79.34,26.4,79.52,26.5,79.7,26.4,79.52,99.0
2026-08-29T01:06:25.145926+00:00,inside in water 2,2551D2CE-42AA-68FB-434E-C7BD2ABBF5E3,-65,26.3,79.34,25.7,78.25999999999999,26.3,79.34,26.4,79.52,26.5,79.7,26.4,79.52,99.0
2026-08-29T01:06:27.150687+00:00,inside in water 2,2551D2CE-42AA-68FB-434E-C7BD2ABBF5E3,-62,26.3,79.34,25.6,78.08000000000001,26.3,79.34,26.4,79.52,26.5,79.7,26.4,79.52,99.0
2026-08-29T01:06:29.156244+00:00,inside in water 2,2551D2CE-42AA-68FB-434E-C7BD2ABBF5E3,-76,26.3,79.34,25.6,78.08000000000001,26.3,79.34,26.4,79.52,26.5,79.7,26.4,79.52,99.0
2026-08-29T01:06:31.160783+00:00,inside in water 2,2551D2CE-42AA-68FB-434E-C7BD2ABBF5E3,-76,26.3,79.34,25.6,78.08000000000001,26.3,79.34,26.4,79.52,26.5,79.7,26.4,79.52,99.0
2026-08-29T01:06:33.166134+00:00,inside in water 2,2551D2CE-42AA-68FB-434E-C7BD2ABBF5E3,-76,26.3,79.34,25.6,78.08000000000001,26.3,79.34,26.4,79.52,26.5,79.7,26.4,79.52,99.0
2026-08-29T01:06:35.170286+00:00,inside in water 2,2551D2CE-42AA-68FB-434E-C7BD2ABBF5E3,-76,26.3,79.34,25.6,78.08000000000001,26.3,79.34,26.4,79.52,26.5,79.7,26.4,79.52,99.0
2026-08-29T01:06:37.177461+00:00,inside in water 2,2551D2CE-42AA-68FB-434E-C7BD2ABBF5E3,-63,26.3,79.34,25.6,78.08000000000001,26.3,79.34,26.4,79.52,26.5,79.7,26.4,79.52,99.0
2026-08-29T01:06:39.180717+00:00,inside in water 2,2551D2CE-42AA-68FB-434E-C7BD2ABBF5E3,-68,26.3,79.34,25.6,78.08000000000001,26.3,79.34,26.4,79.52,26.5,79.7,26.4,79.52,99.0
2026-08-29T01:06:41.184319+00:00,inside in water 2,2551D2CE-42AA-68FB-434E-C7BD2ABBF5E3,-69,26.3,79.34,25.9,78.62,26.3,79.34,26.4,79.52,26.5,79.7,26.4,79.52,99.0
2026-08-29T01:06:43.188402+00:00,inside in water 2,2551D2CE-42AA-68FB-434E-C7BD2ABBF5E3,-63,26.3,79.34,25.8,78.44,26.3,79.34,26.4,79.52,26.5,79.7,26.4,79.52,99.0
2026-08-29T01:06:45.195347+00:00,inside in water 2,2551D2CE-42AA-68FB-434E-C7BD2ABBF5E3,-63,26.3,79.34,25.8,78.44,26.3,79.34,26.4,79.52,26.5,79.7,26.4,79.52,99.0
2026-08-29T01:06:47.199579+00:00,inside in water 2,2551D2CE-42AA-68FB-434E-C7BD2ABBF5E3,-63,26.3,79.34,25.8,78.44,26.3,79.34,26.4,79.52,26.5,79.7,26.4,79.52,99.0
2026-08-29T01:06:49.202919+00:00,inside in water 2,2551D2CE-42AA-68FB-434E-C7BD2ABBF5E3,-63,26.3,79.34,25.8,78.44,26.3,79.34,26.4,79.52,26.5,79.7,26.4,79.52,99.0
2026-08-29T01:06:51.209552+00:00,inside in water 2,2551D2CE-42AA-68FB-434E-C7BD2ABBF5E3,-74,26.3,79.34,25.8,78.44,26.3,79.34,26.3,79.34,26.5,79.7,26.3,79.34,99.0
2026-08-29T01:06:53.216168+00:00,inside in water 2,2551D2CE-42AA-68FB-434E-C7BD2ABBF5E3,-74,26.3,79.34,25.8,78.44,26.3,79.34,26.3,79.34,26.5,79.7,26.3,79.34,99.0
2026-08-29T01:06:55.221634+00:00,inside in water 2,2551D2CE-42AA-68FB-434E-C7BD2ABBF5E3,-74,26.3,79.34,25.8,78.44,26.3,79.34,26.3,79.34,26.5,79.7,26.3,79.34,99.0
2026-08-29T01:06:57.225823+00:00,inside in water 2,2551D2CE-42AA-68FB-434E-C7BD2ABBF5E3,-54,26.3,79.34,25.8,78.44,26.3,79.34,26.3,79.34,26.5,79.7,26.3,79.34,99.0
2026-08-29T01:06:59.230003+00:00,inside in water 2,2551D2CE-42AA-68FB-434E-C7BD2ABBF5E3,-60,26.3,79.34,25.8,78.44,26.3,79.34,26.3,79.34,26.4,79.52,26.3,79.34,99.0
2026-08-29T01:07:01.234350+00:00,inside in water 2,2551D2CE-42AA-68FB-434E-C7BD2ABBF5E3,-67,26.3,79.34,25.8,78.44,26.3,79.34,26.3,79.34,26.4,79.52,26.3,79.34,99.0
2026-08-29T01:07:03.240722+00:00,inside in water 2,2551D2CE-42AA-68FB-434E-C7BD2ABBF5E3,-67,26.3,79.34,25.8,78.44,26.3,79.34,26.3,79.34,26.4,79.52,26.3,79.34,99.0
2026-08-29T01:07:05.247289+00:00,inside in water 2,2551D2CE-42AA-68FB-434E-C7BD2ABBF5E3,-67,26.3,79.34,25.8,78.44,26.3,79.34,26.3,79.34,26.4,79.52,26.3,79.34,99.0
2026-08-29T01:07:07.249991+00:00,inside in water 2,2551D2CE-42AA-68FB-434E-C7BD2ABBF5E3,-57,26.3,79.34,25.8,78.44,26.3,79.34,26.3,79.34,26.4,79.52,26.3,79.34,99.0
2026-08-29T01:07:09.252778+00:00,inside in water 2,2551D2CE-42AA-68FB-434E-C7BD2ABBF5E3,-59,26.3,79.34,25.8,78.44,26.3,79.34,26.3,79.34,26.4,79.52,26.3,79.34,99.0
2026-08-29T01:07:11.256844+00:00,inside in water 2,2551D2CE-42AA-68FB-434E-C7BD2ABBF5E3,-61,26.3,79.34,25.9,78.62,26.3,79.34,26.3,79.34,26.4,79.52,26.3,79.34,99.0
2026-08-29T01:07:13.260562+00:00,inside in water 2,2551D2CE-42AA-68FB-434E-C7BD2ABBF5E3,-59,26.3,79.34,25.8,78.44,26.3,79.34,26.3,79.34,26.4,79.52,26.3,79.34,99.0
2026-08-29T01:07:15.268768+00:00,inside in water 2,2551D2CE-42AA-68FB-434E-C7BD2ABBF5E3,-59,26.3,79.34,25.8,78.44,26.3,79.34,26.3,79.34,26.4,79.52,26.3,79.34,99.0
2026-08-29T01:07:17.274569+00:00,inside in water 2,2551D2CE-42AA-68FB-434E-C7BD2ABBF5E3,-62,26.3,79.34,25.8,78.44,26.3,79.34,26.3,79.34,26.4,79.52,26.3,79.34,99.0
2026-08-29T01:07:19.278769+00:00,inside in water 2,2551D2CE-42AA-68FB-434E-C7BD2ABBF5E3,-62,26.3,79.34,25.8,78.44,26.3,79.34,26.3,79.34,26.4,79.52,26.3,79.34,99.0
2026-08-29T01:07:21.281862+00:00,inside in water 2,2551D2CE-42AA-68FB-434E-C7BD2ABBF5E3,-56,26.3,79.34,25.8,78.44,26.3,79.34,26.3,79.34,26.4,79.52,26.3,79.34,99.0
2026-08-29T01:07:23.286011+00:00,inside in water 2,2551D2CE-42AA-68FB-434E-C7BD2ABBF5E3,-57,26.2,79.16,25.8,78.44,26.2,79.16,26.3,79.34,26.4,79.52,26.3,79.34,99.0
2026-08-29T01:07:25.291418+00:00,inside in water 2,2551D2CE-42AA-68FB-434E-C7BD2ABBF5E3,-57,26.2,79.16,25.8,78.44,26.2,79.16,26.3,79.34,26.4,79.52,26.3,79.34,99.0
2026-08-29T01:07:27.296429+00:00,inside in water 2,2551D2CE-42AA-68FB-434E-C7BD2ABBF5E3,-63,26.2,79.16,25.8,78.44,26.2,79.16,26.3,79.34,26.4,79.52,26.3,79.34,99.0
2026-08-29T01:07:29.301148+00:00,inside in water 2,2551D2CE-42AA-68FB-434E-C7BD2ABBF5E3,-63,26.2,79.16,25.8,78.44,26.2,79.16,26.3,79.34,26.4,79.52,26.3,79.34,99.0
2026-08-29T01:07:31.305178+00:00,inside in water 2,2551D2CE-42AA-68FB-434E-C7BD2ABBF5E3,-63,26.2,79.16,25.8,78.44,26.2,79.16,26.3,79.34,26.4,79.52,26.3,79.34,99.0
2026-08-29T01:07:33.309764+00:00,inside in water 2,2551D2CE-42AA-68FB-434E-C7BD2ABBF5E3,-59,26.2,79.16,25.7,78.25999999999999,26.2,79.16,26.3,79.34,26.4,79.52,26.3,79.34,99.0
2026-08-29T01:07:35.314597+00:00,inside in water 2,2551D2CE-42AA-68FB-434E-C7BD2ABBF5E3,-65,26.2,79.16,25.7,78.25999999999999,26.2,79.16,26.3,79.34,26.4,79.52,26.3,79.34,99.0
2026-08-29T01:07:37.319249+00:00,inside in water 2,2551D2CE-42AA-68FB-434E-C7BD2ABBF5E3,-65,26.2,79.16,25.7,78.25999999999999,26.2,79.16,26.3,79.34,26.4,79.52,26.3,79.34,99.0
2026-08-29T01:07:39.323361+00:00,inside in water 2,2551D2CE-42AA-68FB-434E-C7BD2ABBF5E3,-65,26.2,79.16,25.7,78.25999999999999,26.2,79.16,26.3,79.34,26.4,79.52,26.3,79.34,99.0
2026-08-29T01:07:41.327507+00:00,inside in water 2,2551D2CE-42AA-68FB-434E-C7BD2ABBF5E3,-59,26.2,79.16,25.7,78.25999999999999,26.2,79.16,26.3,79.34,26.4,79.52,26.3,79.34,99.0
2026-08-29T01:07:43.332297+00:00,inside in water 2,2551D2CE-42AA-68FB-434E-C7BD2ABBF5E3,-61,26.2,79.16,25.7,78.25999999999999,26.2,79.16,26.3,79.34,26.4,79.52,26.3,79.34,99.0
2026-08-29T01:07:45.337967+00:00,inside in water 2,2551D2CE-42AA-68FB-434E-C7BD2ABBF5E3,-66,26.2,79.16,25.8,78.44,26.2,79.16,26.3,79.34,26.4,79.52,26.3,79.34,99.0
2026-08-29T01:07:47.343139+00:00,inside in water 2,2551D2CE-42AA-68FB-434E-C7BD2ABBF5E3,-66,26.2,79.16,25.8,78.44,26.2,79.16,26.3,79.34,26.4,79.52,26.3,79.34,99.0
2026-08-29T01:07:49.351641+00:00,inside in water 2,2551D2CE-42AA-68FB-434E-C7BD2ABBF5E3,-59,26.2,79.16,25.8,78.44,26.2,79.16,26.3,79.34,26.4,79.52,26.3,79.34,99.0
2026-08-29T01:07:51.355290+00:00,inside in water 2,2551D2CE-42AA-68FB-434E-C7BD2ABBF5E3,-67,26.2,79.16,25.7,78.25999999999999,26.2,79.16,26.3,79.34,26.4,79.52,26.3,79.34,99.0
2026-08-29T01:07:53.359531+00:00,inside in water 2,2551D2CE-42AA-68FB-434E-C7BD2ABBF5E3,-81,26.2,79.16,25.7,78.25999999999999,26.2,79.16,26.3,79.34,26.4,79.52,26.3,79.34,99.0
2026-08-29T01:07:55.363451+00:00,inside in water 2,2551D2CE-42AA-68FB-434E-C7BD2ABBF5E3,-81,26.2,79.16,25.7,78.25999999999999,26.2,79.16,26.3,79.34,26.4,79.52,26.3,79.34,99.0
2026-08-29T01:07:57.366328+00:00,inside in water 2,2551D2CE-42AA-68FB-434E-C7BD2ABBF5E3,-81,26.2,79.16,25.7,78.25999999999999,26.2,79.16,26.3,79.34,26.4,79.52,26.3,79.34,99.0
2026-08-29T01:07:59.371836+00:00,inside in water 2,2551D2CE-42AA-68FB-434E-C7BD2ABBF5E3,-63,26.2,79.16,25.7,78.25999999999999,26.2,79.16,26.3,79.34,26.4,79.52,26.3,79.34,99.0
2026-08-29T01:08:01.378285+00:00,inside in water 2,2551D2CE-42AA-68FB-434E-C7BD2ABBF5E3,-58,26.2,79.16,25.7,78.25999999999999,26.2,79.16,26.3,79.34,26.4,79.52,26.3,79.34,99.0
2026-08-29T01:08:03.382491+00:00,inside in water 2,2551D2CE-42AA-68FB-434E-C7BD2ABBF5E3,-61,26.2,79.16,25.9,78.62,26.2,79.16,26.3,79.34,26.4,79.52,26.3,79.34,99.0
2026-08-29T01:08:05.386008+00:00,inside in water 2,2551D2CE-42AA-68FB-434E-C7BD2ABBF5E3,-63,26.2,79.16,25.6,78.08000000000001,26.2,79.16,26.3,79.34,26.4,79.52,26.3,79.34,99.0
2026-08-29T01:08:07.394229+00:00,inside in water 2,2551D2CE-42AA-68FB-434E-C7BD2ABBF5E3,-63,26.2,79.16,25.6,78.08000000000001,26.2,79.16,26.3,79.34,26.4,79.52,26.3,79.34,99.0
2026-08-29T01:08:09.401984+00:00,inside in water 2,2551D2CE-42AA-68FB-434E-C7BD2ABBF5E3,-64,26.2,79.16,25.7,78.25999999999999,26.2,79.16,26.3,79.34,26.4,79.52,26.3,79.34,99.0
2026-08-29T01:08:11.410618+00:00,inside in water 2,2551D2CE-42AA-68FB-434E-C7BD2ABBF5E3,-64,26.2,79.16,25.7,78.25999999999999,26.2,79.16,26.3,79.34,26.4,79.52,26.3,79.34,99.0
2026-08-29T01:08:13.416402+00:00,inside in water 2,2551D2CE-42AA-68FB-434E-C7BD2ABBF5E3,-62,26.2,79.16,25.6,78.08000000000001,26.2,79.16,26.3,79.34,26.4,79.52,26.3,79.34,99.0
2026-08-29T01:08:15.424964+00:00,inside in water 2,2551D2CE-42AA-68FB-434E-C7BD2ABBF5E3,-64,26.2,79.16,25.8,78.44,26.2,79.16,26.3,79.34,26.4,79.52,26.3,79.34,99.0
2026-08-29T01:08:17.436547+00:00,inside in water 2,2551D2CE-42AA-68FB-434E-C7BD2ABBF5E3,-63,26.2,79.16,25.8,78.44,26.2,79.16,26.3,79.34,26.4,79.52,26.3,79.34,99.0
2026-08-29T01:08:19.443135+00:00,inside in water 2,2551D2CE-42AA-68FB-434E-C7BD2ABBF5E3,-63,26.2,79.16,25.8,78.44,26.2,79.16,26.3,79.34,26.4,79.52,26.3,79.34,99.0
2026-08-29T01:08:21.449353+00:00,inside in water 2,2551D2CE-42AA-68FB-434E-C7BD2ABBF5E3,-64,26.2,79.16,25.8,78.44,26.2,79.16,26.3,79.34,26.4,79.52,26.3,79.34,99.0
2026-08-29T01:08:23.455394+00:00,inside in water 2,2551D2CE-42AA-68FB-434E-C7BD2ABBF5E3,-65,26.2,79.16,25.7,78.25999999999999,26.2,79.16,26.3,79.34,26.4,79.52,26.3,79.34,99.0
2026-08-29T01:08:25.462976+00:00,inside in water 2,2551D2CE-42AA-68FB-434E-C7BD2ABBF5E3,-65,26.2,79.16,25.7,78.25999999999999,26.2,79.16,26.3,79.34,26.4,79.52,26.3,79.34,99.0
2026-08-29T01:08:27.469865+00:00,inside in water 2,2551D2CE-42AA-68FB-434E-C7BD2ABBF5E3,-63,26.2,79.16,25.6,78.08000000000001,26.2,79.16,26.3,79.34,26.4,79.52,26.3,79.34,99.0
2026-08-29T01:08:29.477074+00:00,inside in water 2,2551D2CE-42AA-68FB-434E-C7BD2ABBF5E3,-64,26.2,79.16,25.6,78.08000000000001,26.2,79.16,26.3,79.34,26.4,79.52,26.3,79.34,99.0
2026-08-29T01:08:31.494148+00:00,inside in water 2,2551D2CE-42AA-68FB-434E-C7BD2ABBF5E3,-63,26.2,79.16,25.6,78.08000000000001,26.2,79.16,26.3,79.34,26.4,79.52,26.3,79.34,99.0
2026-08-29T01:08:33.503620+00:00,inside in water 2,2551D2CE-42AA-68FB-434E-C7BD2ABBF5E3,-65,26.2,79.16,25.7,78.25999999999999,26.2,79.16,26.3,79.34,26.4,79.52,26.3,79.34,99.0
2026-08-29T01:08:35.509342+00:00,inside in water 2,2551D2CE-42AA-68FB-434E-C7BD2ABBF5E3,-65,26.2,79.16,25.7,78.25999999999999,26.2,79.16,26.3,79.34,26.4,79.52,26.3,79.34,99.0
2026-08-29T01:08:37.514847+00:00,inside in water 2,2551D2CE-42AA-68FB-434E-C7BD2ABBF5E3,-65,26.2,79.16,25.7,78.25999999999999,26.2,79.16,26.3,79.34,26.4,79.52,26.3,79.34,99.0
2026-08-29T01:08:39.520670+00:00,inside in water 2,2551D2CE-42AA-68FB-434E-C7BD2ABBF5E3,-65,26.2,79.16,25.7,78.25999999999999,26.2,79.16,26.3,79.34,26.4,79.52,26.3,79.34,99.0
2026-08-29T01:08:41.526987+00:00,inside in water 2,2551D2CE-42AA-68FB-434E-C7BD2ABBF5E3,-65,26.2,79.16,25.7,78.25999999999999,26.2,79.16,26.3,79.34,26.4,79.52,26.3,79.34,99.0
2026-08-29T01:08:43.532184+00:00,inside in water 2,2551D2CE-42AA-68FB-434E-C7BD2ABBF5E3,-65,26.2,79.16,25.7,78.25999999999999,26.2,79.16,26.3,79.34,26.4,79.52,26.3,79.34,99.0
2026-08-29T01:08:45.537921+00:00,inside in water 2,2551D2CE-42AA-68FB-434E-C7BD2ABBF5E3,-63,26.2,79.16,25.6,78.08000000000001,26.2,79.16,26.3,79.34,26.4,79.52,26.3,79.34,99.0
2026-08-29T01:08:47.544061+00:00,inside in water 2,2551D2CE-42AA-68FB-434E-C7BD2ABBF5E3,-63,26.2,79.16,25.6,78.08000000000001,26.2,79.16,26.3,79.34,26.4,79.52,26.3,79.34,99.0
2026-08-29T01:08:49.551057+00:00,inside in water 2,2551D2CE-42AA-68FB-434E-C7BD2ABBF5E3,-67,26.2,79.16,25.6,78.08000000000001,26.2,79.16,26.2,79.16,26.3,79.34,26.2,79.16,99.0
2026-08-29T01:08:51.562681+00:00,inside in water 2,2551D2CE-42AA-68FB-434E-C7BD2ABBF5E3,-67,26.2,79.16,25.6,78.08000000000001,26.2,79.16,26.2,79.16,26.3,79.34,26.2,79.16,99.0
2026-08-29T01:08:53.572288+00:00,inside in water 2,2551D2CE-42AA-68FB-434E-C7BD2ABBF5E3,-62,26.2,79.16,25.7,78.25999999999999,26.2,79.16,26.2,79.16,26.3,79.34,26.2,79.16,99.0
2026-08-29T01:08:55.578794+00:00,inside in water 2,2551D2CE-42AA-68FB-434E-C7BD2ABBF5E3,-63,26.2,79.16,25.7,78.25999999999999,26.2,79.16,26.2,79.16,26.3,79.34,26.2,79.16,99.0
2026-08-29T01:08:57.584045+00:00,inside in water 2,2551D2CE-42AA-68FB-434E-C7BD2ABBF5E3,-63,26.2,79.16,25.8,78.44,26.2,79.16,26.2,79.16,26.3,79.34,26.2,79.16,99.0
2026-08-29T01:08:59.590435+00:00,inside in water 2,2551D2CE-42AA-68FB-434E-C7BD2ABBF5E3,-68,26.2,79.16,25.8,78.44,26.2,79.16,26.2,79.16,26.3,79.34,26.2,79.16,99.0
2026-08-29T01:09:01.600085+00:00,inside in water 2,2551D2CE-42AA-68FB-434E-C7BD2ABBF5E3,-68,26.2,79.16,25.8,78.44,26.2,79.16,26.2,79.16,26.3,79.34,26.2,79.16,99.0
2026-08-29T01:09:03.605251+00:00,inside in water 2,2551D2CE-42AA-68FB-434E-C7BD2ABBF5E3,-63,26.1,78.98,25.6,78.08000000000001,26.1,78.98,26.2,79.16,26.3,79.34,26.2,79.16,99.0
2026-08-29T01:09:05.610768+00:00,inside in water 2,2551D2CE-42AA-68FB-434E-C7BD2ABBF5E3,-63,26.1,78.98,25.7,78.25999999999999,26.1,78.98,26.2,79.16,26.3,79.34,26.2,79.16,99.0
2026-08-29T01:09:07.618172+00:00,inside in water 2,2551D2CE-42AA-68FB-434E-C7BD2ABBF5E3,-62,26.1,78.98,25.7,78.25999999999999,26.1,78.98,26.2,79.16,26.3,79.34,26.2,79.16,99.0
2026-08-29T01:09:09.626933+00:00,inside in water 2,2551D2CE-42AA-68FB-434E-C7BD2ABBF5E3,-62,26.1,78.98,25.7,78.25999999999999,26.1,78.98,26.2,79.16,26.3,79.34,26.2,79.16,99.0
2026-08-29T01:09:11.638219+00:00,inside in water 2,2551D2CE-42AA-68FB-434E-C7BD2ABBF5E3,-61,26.1,78.98,25.7,78.25999999999999,26.1,78.98,26.2,79.16,26.3,79.34,26.2,79.16,99.0
2026-08-29T01:09:13.646290+00:00,inside in water 2,2551D2CE-42AA-68FB-434E-C7BD2ABBF5E3,-61,26.1,78.98,25.7,78.25999999999999,26.1,78.98,26.2,79.16,26.3,79.34,26.2,79.16,99.0
2026-08-29T01:09:15.651781+00:00,inside in water 2,2551D2CE-42AA-68FB-434E-C7BD2ABBF5E3,-61,26.1,78.98,25.7,78.25999999999999,26.1,78.98,26.2,79.16,26.3,79.34,26.2,79.16,99.0
2026-08-29T01:09:17.658822+00:00,inside in water 2,2551D2CE-42AA-68FB-434E-C7BD2ABBF5E3,-62,26.1,78.98,25.7,78.25999999999999,26.1,78.98,26.2,79.16,26.3,79.34,26.2,79.16,99.0
2026-08-29T01:09:19.666913+00:00,inside in water 2,2551D2CE-42AA-68FB-434E-C7BD2ABBF5E3,-62,26.1,78.98,25.7,78.25999999999999,26.1,78.98,26.2,79.16,26.3,79.34,26.2,79.16,99.0
2026-08-29T01:09:21.672757+00:00,inside in water 2,2551D2CE-42AA-68FB-434E-C7BD2ABBF5E3,-62,26.1,78.98,25.6,78.08000000000001,26.1,78.98,26.2,79.16,26.3,79.34,26.2,79.16,99.0
2026-08-29T01:09:23.679572+00:00,inside in water 2,2551D2CE-42AA-68FB-434E-C7BD2ABBF5E3,-64,26.1,78.98,25.7,78.25999999999999,26.1,78.98,26.2,79.16,26.3,79.34,26.2,79.16,99.0
2026-08-29T01:09:25.691924+00:00,inside in water 2,2551D2CE-42AA-68FB-434E-C7BD2ABBF5E3,-64,26.1,78.98,25.7,78.25999999999999,26.1,78.98,26.2,79.16,26.3,79.34,26.2,79.16,99.0
2026-08-29T01:09:27.698646+00:00,inside in water 2,2551D2CE-42AA-68FB-434E-C7BD2ABBF5E3,-64,26.1,78.98,25.7,78.25999999999999,26.1,78.98,26.2,79.16,26.3,79.34,26.2,79.16,99.0
2026-08-29T01:09:29.703624+00:00,inside in water 2,2551D2CE-42AA-68FB-434E-C7BD2ABBF5E3,-63,26.1,78.98,25.7,78.25999999999999,26.1,78.98,26.2,79.16,26.3,79.34,26.2,79.16,99.0
2026-08-29T01:09:31.710853+00:00,inside in water 2,2551D2CE-42AA-68FB-434E-C7BD2ABBF5E3,-66,26.1,78.98,25.7,78.25999999999999,26.1,78.98,26.2,79.16,26.3,79.34,26.2,79.16,99.0
2026-08-29T01:09:33.716257+00:00,inside in water 2,2551D2CE-42AA-68FB-434E-C7BD2ABBF5E3,-66,26.1,78.98,25.7,78.25999999999999,26.1,78.98,26.2,79.16,26.3,79.34,26.2,79.16,99.0
2026-08-29T01:09:35.719387+00:00,inside in water 2,2551D2CE-42AA-68FB-434E-C7BD2ABBF5E3,-65,26.1,78.98,25.5,77.9,26.1,78.98,26.2,79.16,26.3,79.34,26.2,79.16,99.0
2026-08-29T01:09:37.729517+00:00,inside in water 2,2551D2CE-42AA-68FB-434E-C7BD2ABBF5E3,-74,26.1,78.98,25.6,78.08000000000001,26.1,78.98,26.2,79.16,26.3,79.34,26.2,79.16,99.0
2026-08-29T01:09:39.740126+00:00,inside in water 2,2551D2CE-42AA-68FB-434E-C7BD2ABBF5E3,-61,26.1,78.98,25.6,78.08000000000001,26.1,78.98,26.2,79.16,26.3,79.34,26.2,79.16,99.0
