timestamp_utc,probe_name,probe_address,rssi_dbm,food_temperature_c,food_temperature_f,ambient_temperature_c,ambient_temperature_f,tip_1_temperature_c,tip_1_temperature_f,tip_2_temperature_c,tip_2_temperature_f,tip_3_temperature_c,tip_3_temperature_f,tip_4_temperature_c,tip_4_temperature_f,battery_percent
2026-08-29T00:22:01.940253+00:00,outside on top,902B6F7B-D0F4-EC70-1C01-8D7DE6A68397,-65,29.7,85.46000000000001,31.0,87.80000000000001,29.7,85.46000000000001,30.0,86.0,30.2,86.36,30.4,86.72,
2026-08-29T00:22:03.946777+00:00,outside on top,902B6F7B-D0F4-EC70-1C01-8D7DE6A68397,-61,29.7,85.46000000000001,31.0,87.80000000000001,29.7,85.46000000000001,30.0,86.0,30.1,86.18,30.4,86.72,100.0
2026-08-29T00:22:05.952666+00:00,outside on top,902B6F7B-D0F4-EC70-1C01-8D7DE6A68397,-56,29.7,85.46000000000001,30.8,87.44,29.7,85.46000000000001,30.0,86.0,30.1,86.18,30.3,86.53999999999999,100.0
2026-08-29T00:22:07.959522+00:00,outside on top,902B6F7B-D0F4-EC70-1C01-8D7DE6A68397,-64,29.6,85.28,30.9,87.62,29.6,85.28,29.9,85.82,30.0,86.0,30.3,86.53999999999999,100.0
2026-08-29T00:22:09.961551+00:00,outside on top,902B6F7B-D0F4-EC70-1C01-8D7DE6A68397,-63,29.6,85.28,30.9,87.62,29.6,85.28,29.9,85.82,30.0,86.0,30.3,86.53999999999999,100.0
2026-08-29T00:22:11.964406+00:00,outside on top,902B6F7B-D0F4-EC70-1C01-8D7DE6A68397,-63,29.6,85.28,30.9,87.62,29.6,85.28,29.9,85.82,30.0,86.0,30.3,86.53999999999999,100.0
2026-08-29T00:22:13.970347+00:00,outside on top,902B6F7B-D0F4-EC70-1C01-8D7DE6A68397,-63,29.6,85.28,30.9,87.62,29.6,85.28,29.9,85.82,30.0,86.0,30.3,86.53999999999999,100.0
2026-08-29T00:22:15.975731+00:00,outside on top,902B6F7B-D0F4-EC70-1C01-8D7DE6A68397,-63,29.6,85.28,30.9,87.62,29.6,85.28,29.9,85.82,30.0,86.0,30.3,86.53999999999999,100.0
2026-08-29T00:22:17.979124+00:00,outside on top,902B6F7B-D0F4-EC70-1C01-8D7DE6A68397,-60,29.5,85.1,30.8,87.44,29.5,85.1,29.7,85.46000000000001,29.8,85.64,30.0,86.0,100.0
2026-08-29T00:22:19.989135+00:00,outside on top,902B6F7B-D0F4-EC70-1C01-8D7DE6A68397,-64,29.5,85.1,30.8,87.44,29.5,85.1,29.7,85.46000000000001,29.8,85.64,30.0,86.0,100.0
2026-08-29T00:22:21.995903+00:00,outside on top,902B6F7B-D0F4-EC70-1C01-8D7DE6A68397,-60,29.4,84.92,30.7,87.25999999999999,29.4,84.92,29.6,85.28,29.7,85.46000000000001,29.9,85.82,100.0
2026-08-29T00:22:24.001851+00:00,outside on top,902B6F7B-D0F4-EC70-1C01-8D7DE6A68397,-67,29.4,84.92,30.7,87.25999999999999,29.4,84.92,29.6,85.28,29.7,85.46000000000001,29.9,85.82,100.0
2026-08-29T00:22:26.008339+00:00,outside on top,902B6F7B-D0F4-EC70-1C01-8D7DE6A68397,-67,29.4,84.92,30.7,87.25999999999999,29.4,84.92,29.6,85.28,29.7,85.46000000000001,29.9,85.82,100.0
2026-08-29T00:22:28.012175+00:00,outside on top,902B6F7B-D0F4-EC70-1C01-8D7DE6A68397,-67,29.4,84.92,30.7,87.25999999999999,29.4,84.92,29.6,85.28,29.7,85.46000000000001,29.9,85.82,100.0
2026-08-29T00:22:30.016652+00:00,outside on top,902B6F7B-D0F4-EC70-1C01-8D7DE6A68397,-60,29.2,84.56,30.5,86.9,29.2,84.56,29.4,84.92,29.5,85.1,29.8,85.64,100.0
2026-08-29T00:22:32.023452+00:00,outside on top,902B6F7B-D0F4-EC70-1C01-8D7DE6A68397,-66,29.2,84.56,30.5,86.9,29.2,84.56,29.4,84.92,29.5,85.1,29.8,85.64,100.0
2026-08-29T00:22:34.028931+00:00,outside on top,902B6F7B-D0F4-EC70-1C01-8D7DE6A68397,127,29.2,84.56,30.4,86.72,29.2,84.56,29.4,84.92,29.4,84.92,29.7,85.46000000000001,100.0
2026-08-29T00:22:36.033792+00:00,outside on top,902B6F7B-D0F4-EC70-1C01-8D7DE6A68397,127,29.2,84.56,30.4,86.72,29.2,84.56,29.4,84.92,29.4,84.92,29.7,85.46000000000001,100.0
2026-08-29T00:22:38.038675+00:00,outside on top,902B6F7B-D0F4-EC70-1C01-8D7DE6A68397,127,29.2,84.56,30.4,86.72,29.2,84.56,29.4,84.92,29.4,84.92,29.7,85.46000000000001,100.0
2026-08-29T00:22:40.041647+00:00,outside on top,902B6F7B-D0F4-EC70-1C01-8D7DE6A68397,-63,29.2,84.56,30.4,86.72,29.2,84.56,29.4,84.92,29.4,84.92,29.7,85.46000000000001,100.0
2026-08-29T00:22:42.048609+00:00,outside on top,902B6F7B-D0F4-EC70-1C01-8D7DE6A68397,-63,29.2,84.56,30.4,86.72,29.2,84.56,29.4,84.92,29.4,84.92,29.7,85.46000000000001,100.0
2026-08-29T00:22:44.054600+00:00,outside on top,902B6F7B-D0F4-EC70-1C01-8D7DE6A68397,-63,29.0,84.2,30.2,86.36,29.0,84.2,29.2,84.56,29.2,84.56,29.5,85.1,100.0
2026-08-29T00:22:46.060893+00:00,outside on top,902B6F7B-D0F4-EC70-1C01-8D7DE6A68397,-63,29.0,84.2,30.2,86.36,29.0,84.2,29.2,84.56,29.2,84.56,29.5,85.1,100.0
2026-08-29T00:22:48.068898+00:00,outside on top,902B6F7B-D0F4-EC70-1C01-8D7DE6A68397,-64,29.0,84.2,30.2,86.36,29.0,84.2,29.2,84.56,29.2,84.56,29.5,85.1,100.0
2026-08-29T00:22:50.073277+00:00,outside on top,902B6F7B-D0F4-EC70-1C01-8D7DE6A68397,-64,29.0,84.2,30.2,86.36,29.0,84.2,29.2,84.56,29.2,84.56,29.5,85.1,100.0
2026-08-29T00:22:52.078503+00:00,outside on top,902B6F7B-D0F4-EC70-1C01-8D7DE6A68397,-60,28.8,83.84,30.1,86.18,28.8,83.84,29.0,84.2,29.1,84.38,29.4,84.92,100.0
2026-08-29T00:22:54.084805+00:00,outside on top,902B6F7B-D0F4-EC70-1C01-8D7DE6A68397,-60,28.8,83.84,30.1,86.18,28.8,83.84,29.0,84.2,29.1,84.38,29.4,84.92,100.0
2026-08-29T00:22:56.093212+00:00,outside on top,902B6F7B-D0F4-EC70-1C01-8D7DE6A68397,-61,28.8,83.84,30.1,86.18,28.8,83.84,29.0,84.2,29.1,84.38,29.4,84.92,100.0
2026-08-29T00:22:58.099168+00:00,outside on top,902B6F7B-D0F4-EC70-1C01-8D7DE6A68397,-61,28.8,83.84,30.1,86.18,28.8,83.84,29.0,84.2,29.1,84.38,29.4,84.92,100.0
2026-08-29T00:23:00.105434+00:00,outside on top,902B6F7B-D0F4-EC70-1C01-8D7DE6A68397,-63,28.7,83.66,29.9,85.82,28.7,83.66,28.9,84.02,29.0,84.2,29.4,84.92,100.0
2026-08-29T00:23:02.111373+00:00,outside on top,902B6F7B-D0F4-EC70-1C01-8D7DE6A68397,-62,28.7,83.66,30.0,86.0,28.7,83.66,28.9,84.02,28.9,84.02,29.3,84.74000000000001,100.0
2026-08-29T00:23:04.117500+00:00,outside on top,902B6F7B-D0F4-EC70-1C01-8D7DE6A68397,-62,28.7,83.66,30.0,86.0,28.7,83.66,28.9,84.02,28.9,84.02,29.3,84.74000000000001,100.0
2026-08-29T00:23:06.124568+00:00,outside on top,902B6F7B-D0F4-EC70-1C01-8D7DE6A68397,-62,28.7,83.66,30.0,86.0,28.7,83.66,28.9,84.02,28.9,84.02,29.3,84.74000000000001,100.0
2026-08-29T00:23:08.130091+00:00,outside on top,902B6F7B-D0F4-EC70-1C01-8D7DE6A68397,-62,28.7,83.66,30.0,86.0,28.7,83.66,28.9,84.02,28.9,84.02,29.3,84.74000000000001,100.0
2026-08-29T00:23:10.134065+00:00,outside on top,902B6F7B-D0F4-EC70-1C01-8D7DE6A68397,-64,28.6,83.48,29.9,85.82,28.6,83.48,28.8,83.84,28.8,83.84,29.2,84.56,100.0
2026-08-29T00:23:12.140035+00:00,outside on top,902B6F7B-D0F4-EC70-1C01-8D7DE6A68397,-60,28.6,83.48,29.9,85.82,28.6,83.48,28.8,83.84,28.8,83.84,29.2,84.56,100.0
2026-08-29T00:23:14.147713+00:00,outside on top,902B6F7B-D0F4-EC70-1C01-8D7DE6A68397,-60,28.6,83.48,29.9,85.82,28.6,83.48,28.8,83.84,28.8,83.84,29.2,84.56,100.0
2026-08-29T00:23:16.154355+00:00,outside on top,902B6F7B-D0F4-EC70-1C01-8D7DE6A68397,-60,28.6,83.48,29.9,85.82,28.6,83.48,28.8,83.84,28.8,83.84,29.2,84.56,100.0
2026-08-29T00:23:18.161139+00:00,outside on top,902B6F7B-D0F4-EC70-1C01-8D7DE6A68397,-62,28.5,83.30000000000001,29.6,85.28,28.5,83.30000000000001,28.7,83.66,28.7,83.66,29.1,84.38,100.0
2026-08-29T00:23:20.163597+00:00,outside on top,902B6F7B-D0F4-EC70-1C01-8D7DE6A68397,-57,28.5,83.30000000000001,29.6,85.28,28.5,83.30000000000001,28.7,83.66,28.7,83.66,29.1,84.38,100.0
2026-08-29T00:23:22.169242+00:00,outside on top,902B6F7B-D0F4-EC70-1C01-8D7DE6A68397,-61,28.5,83.30000000000001,29.9,85.82,28.5,83.30000000000001,28.6,83.48,28.7,83.66,29.1,84.38,100.0
2026-08-29T00:23:24.174699+00:00,outside on top,902B6F7B-D0F4-EC70-1C01-8D7DE6A68397,-57,28.4,83.12,29.7,85.46000000000001,28.4,83.12,28.6,83.48,28.7,83.66,29.0,84.2,100.0
2026-08-29T00:23:26.181543+00:00,outside on top,902B6F7B-D0F4-EC70-1C01-8D7DE6A68397,-58,28.4,83.12,29.7,85.46000000000001,28.4,83.12,28.6,83.48,28.6,83.48,29.0,84.2,100.0
2026-08-29T00:23:28.187739+00:00,outside on top,902B6F7B-D0F4-EC70-1C01-8D7DE6A68397,-58,28.4,83.12,29.7,85.46000000000001,28.4,83.12,28.6,83.48,28.6,83.48,29.0,84.2,100.0
2026-08-29T00:23:30.193523+00:00,outside on top,902B6F7B-D0F4-EC70-1C01-8D7DE6A68397,-58,28.4,83.12,29.7,85.46000000000001,28.4,83.12,28.6,83.48,28.6,83.48,29.0,84.2,100.0
2026-08-29T00:23:32.200164+00:00,outside on top,902B6F7B-D0F4-EC70-1C01-8D7DE6A68397,127,28.4,83.12,29.7,85.46000000000001,28.4,83.12,28.6,83.48,28.6,83.48,29.0,84.2,100.0
2026-08-29T00:23:34.208511+00:00,outside on top,902B6F7B-D0F4-EC70-1C01-8D7DE6A68397,127,28.4,83.12,29.7,85.46000000000001,28.4,83.12,28.6,83.48,28.6,83.48,29.0,84.2,100.0
2026-08-29T00:23:36.214180+00:00,outside on top,902B6F7B-D0F4-EC70-1C01-8D7DE6A68397,127,28.4,83.12,29.7,85.46000000000001,28.4,83.12,28.6,83.48,28.6,83.48,29.0,84.2,100.0
2026-08-29T00:23:38.219948+00:00,outside on top,902B6F7B-D0F4-EC70-1C01-8D7DE6A68397,-61,28.2,82.75999999999999,29.6,85.28,28.2,82.75999999999999,28.4,83.12,28.5,83.30000000000001,28.9,84.02,100.0
2026-08-29T00:23:40.225743+00:00,outside on top,902B6F7B-D0F4-EC70-1C01-8D7DE6A68397,-55,28.2,82.75999999999999,29.6,85.28,28.2,82.75999999999999,28.4,83.12,28.4,83.12,28.8,83.84,100.0
2026-08-29T00:23:42.232110+00:00,outside on top,902B6F7B-D0F4-EC70-1C01-8D7DE6A68397,-55,28.2,82.75999999999999,29.6,85.28,28.2,82.75999999999999,28.4,83.12,28.4,83.12,28.8,83.84,100.0
2026-08-29T00:23:44.239314+00:00,outside on top,902B6F7B-D0F4-EC70-1C01-8D7DE6A68397,-61,28.2,82.75999999999999,29.6,85.28,28.2,82.75999999999999,28.4,83.12,28.4,83.12,28.8,83.84,100.0
2026-08-29T00:23:46.242394+00:00,outside on top,902B6F7B-D0F4-EC70-1C01-8D7DE6A68397,-58,28.2,82.75999999999999,29.5,85.1,28.2,82.75999999999999,28.3,82.94,28.4,83.12,28.8,83.84,100.0
2026-08-29T00:23:48.247430+00:00,outside on top,902B6F7B-D0F4-EC70-1C01-8D7DE6A68397,-64,28.1,82.58000000000001,29.5,85.1,28.1,82.58000000000001,28.3,82.94,28.3,82.94,28.7,83.66,100.0
2026-08-29T00:23:50.253266+00:00,outside on top,902B6F7B-D0F4-EC70-1C01-8D7DE6A68397,-58,28.1,82.58000000000001,29.5,85.1,28.1,82.58000000000001,28.3,82.94,28.3,82.94,28.7,83.66,100.0
2026-08-29T00:23:52.258509+00:00,outside on top,902B6F7B-D0F4-EC70-1C01-8D7DE6A68397,-58,28.1,82.58000000000001,29.5,85.1,28.1,82.58000000000001,28.3,82.94,28.3,82.94,28.7,83.66,100.0
2026-08-29T00:23:54.262006+00:00,outside on top,902B6F7B-D0F4-EC70-1C01-8D7DE6A68397,-58,28.1,82.58000000000001,29.5,85.1,28.1,82.58000000000001,28.2,82.75999999999999,28.3,82.94,28.7,83.66,100.0
2026-08-29T00:23:56.264167+00:00,outside on top,902B6F7B-D0F4-EC70-1C01-8D7DE6A68397,-56,28.1,82.58000000000001,29.4,84.92,28.1,82.58000000000001,28.2,82.75999999999999,28.2,82.75999999999999,28.6,83.48,100.0
2026-08-29T00:23:58.266150+00:00,outside on top,902B6F7B-D0F4-EC70-1C01-8D7DE6A68397,-56,28.1,82.58000000000001,29.4,84.92,28.1,82.58000000000001,28.2,82.75999999999999,28.2,82.75999999999999,28.6,83.48,100.0
2026-08-29T00:24:00.272502+00:00,outside on top,902B6F7B-D0F4-EC70-1C01-8D7DE6A68397,-56,28.1,82.58000000000001,29.4,84.92,28.1,82.58000000000001,28.2,82.75999999999999,28.2,82.75999999999999,28.6,83.48,100.0
2026-08-29T00:24:02.278554+00:00,outside on top,902B6F7B-D0F4-EC70-1C01-8D7DE6A68397,-55,28.0,82.4,29.3,84.74000000000001,28.0,82.4,28.2,82.75999999999999,28.2,82.75999999999999,28.6,83.48,100.0
2026-08-29T00:24:04.284474+00:00,outside on top,902B6F7B-D0F4-EC70-1C01-8D7DE6A68397,-60,28.0,82.4,29.3,84.74000000000001,28.0,82.4,28.1,82.58000000000001,28.2,82.75999999999999,28.5,83.30000000000001,100.0
2026-08-29T00:24:06.290279+00:00,outside on top,902B6F7B-D0F4-EC70-1C01-8D7DE6A68397,-63,28.0,82.4,29.3,84.74000000000001,28.0,82.4,28.1,82.58000000000001,28.1,82.58000000000001,28.5,83.30000000000001,100.0
2026-08-29T00:24:08.294792+00:00,outside on top,902B6F7B-D0F4-EC70-1C01-8D7DE6A68397,-63,28.0,82.4,29.3,84.74000000000001,28.0,82.4,28.1,82.58000000000001,28.1,82.58000000000001,28.5,83.30000000000001,100.0
2026-08-29T00:24:10.308493+00:00,outside on top,902B6F7B-D0F4-EC70-1C01-8D7DE6A68397,-63,28.0,82.4,29.3,84.74000000000001,28.0,82.4,28.1,82.58000000000001,28.1,82.58000000000001,28.5,83.30000000000001,100.0
2026-08-29T00:24:12.314193+00:00,outside on top,902B6F7B-D0F4-EC70-1C01-8D7DE6A68397,-57,28.0,82.4,29.3,84.74000000000001,28.0,82.4,28.1,82.58000000000001,28.1,82.58000000000001,28.5,83.30000000000001,100.0
2026-08-29T00:24:14.320952+00:00,outside on top,902B6F7B-D0F4-EC70-1C01-8D7DE6A68397,-56,28.0,82.4,29.3,84.74000000000001,28.0,82.4,28.1,82.58000000000001,28.1,82.58000000000001,28.5,83.30000000000001,100.0
2026-08-29T00:24:16.328395+00:00,outside on top,902B6F7B-D0F4-EC70-1C01-8D7DE6A68397,-64,27.9,82.22,29.1,84.38,27.9,82.22,28.0,82.4,28.0,82.4,28.4,83.12,100.0
2026-08-29T00:24:18.332207+00:00,outside on top,902B6F7B-D0F4-EC70-1C01-8D7DE6A68397,-64,27.9,82.22,29.1,84.38,27.9,82.22,28.0,82.4,28.0,82.4,28.4,83.12,100.0
2026-08-29T00:24:20.336744+00:00,outside on top,902B6F7B-D0F4-EC70-1C01-8D7DE6A68397,-56,27.8,82.03999999999999,29.2,84.56,27.8,82.03999999999999,28.0,82.4,28.0,82.4,28.4,83.12,100.0
2026-08-29T00:24:22.342135+00:00,outside on top,902B6F7B-D0F4-EC70-1C01-8D7DE6A68397,-56,27.8,82.03999999999999,29.2,84.56,27.8,82.03999999999999,28.0,82.4,28.0,82.4,28.4,83.12,100.0
2026-08-29T00:24:24.347798+00:00,outside on top,902B6F7B-D0F4-EC70-1C01-8D7DE6A68397,-60,27.8,82.03999999999999,29.2,84.56,27.8,82.03999999999999,28.0,82.4,28.0,82.4,28.4,83.12,100.0
2026-08-29T00:24:26.355373+00:00,outside on top,902B6F7B-D0F4-EC70-1C01-8D7DE6A68397,-62,27.8,82.03999999999999,29.2,84.56,27.8,82.03999999999999,27.9,82.22,27.9,82.22,28.3,82.94,100.0
2026-08-29T00:24:28.362175+00:00,outside on top,902B6F7B-D0F4-EC70-1C01-8D7DE6A68397,-57,27.8,82.03999999999999,29.2,84.56,27.8,82.03999999999999,27.9,82.22,27.9,82.22,28.3,82.94,100.0
2026-08-29T00:24:30.367097+00:00,outside on top,902B6F7B-D0F4-EC70-1C01-8D7DE6A68397,-57,27.7,81.86,29.0,84.2,27.7,81.86,27.9,82.22,27.9,82.22,28.3,82.94,100.0
2026-08-29T00:24:32.372707+00:00,outside on top,902B6F7B-D0F4-EC70-1C01-8D7DE6A68397,-60,27.7,81.86,29.0,84.2,27.7,81.86,27.9,82.22,27.9,82.22,28.3,82.94,100.0
2026-08-29T00:24:34.378172+00:00,outside on top,902B6F7B-D0F4-EC70-1C01-8D7DE6A68397,-58,27.7,81.86,29.0,84.2,27.7,81.86,27.8,82.03999999999999,27.9,82.22,28.3,82.94,100.0
2026-08-29T00:24:36.384671+00:00,outside on top,902B6F7B-D0F4-EC70-1C01-8D7DE6A68397,-58,27.7,81.86,29.0,84.2,27.7,81.86,27.8,82.03999999999999,27.9,82.22,28.3,82.94,100.0
2026-08-29T00:24:38.389913+00:00,outside on top,902B6F7B-D0F4-EC70-1C01-8D7DE6A68397,-58,27.7,81.86,29.0,84.2,27.7,81.86,27.8,82.03999999999999,27.9,82.22,28.3,82.94,100.0
2026-08-29T00:24:40.395906+00:00,outside on top,902B6F7B-D0F4-EC70-1C01-8D7DE6A68397,-59,27.7,81.86,29.0,84.2,27.7,81.86,27.8,82.03999999999999,27.9,82.22,28.3,82.94,100.0
2026-08-29T00:24:42.400938+00:00,outside on top,902B6F7B-D0F4-EC70-1C01-8D7DE6A68397,-59,27.7,81.86,29.0,84.2,27.7,81.86,27.8,82.03999999999999,27.9,82.22,28.3,82.94,100.0
2026-08-29T00:24:44.405049+00:00,outside on top,902B6F7B-D0F4-EC70-1C01-8D7DE6A68397,-54,27.6,81.68,29.0,84.2,27.6,81.68,27.8,82.03999999999999,27.8,82.03999999999999,28.2,82.75999999999999,100.0
2026-08-29T00:24:46.407785+00:00,outside on top,902B6F7B-D0F4-EC70-1C01-8D7DE6A68397,-54,27.6,81.68,28.9,84.02,27.6,81.68,27.8,82.03999999999999,27.8,82.03999999999999,28.2,82.75999999999999,100.0
2026-08-29T00:24:48.412745+00:00,outside on top,902B6F7B-D0F4-EC70-1C01-8D7DE6A68397,-56,27.6,81.68,28.9,84.02,27.6,81.68,27.7,81.86,27.8,82.03999999999999,28.1,82.58000000000001,100.0
2026-08-29T00:24:50.418096+00:00,outside on top,902B6F7B-D0F4-EC70-1C01-8D7DE6A68397,-56,27.6,81.68,28.9,84.02,27.6,81.68,27.7,81.86,27.8,82.03999999999999,28.1,82.58000000000001,100.0
2026-08-29T00:24:52.423747+00:00,outside on top,902B6F7B-D0F4-EC70-1C01-8D7DE6A68397,-56,27.6,81.68,28.9,84.02,27.6,81.68,27.7,81.86,27.8,82.03999999999999,28.1,82.58000000000001,100.0
2026-08-29T00:24:54.430031+00:00,outside on top,902B6F7B-D0F4-EC70-1C01-8D7DE6A68397,-53,27.6,81.68,28.7,83.66,27.6,81.68,27.7,81.86,27.7,81.86,28.1,82.58000000000001,100.0
2026-08-29T00:24:56.436583+00:00,outside on top,902B6F7B-D0F4-EC70-1C01-8D7DE6A68397,-61,27.5,81.5,28.9,84.02,27.5,81.5,27.7,81.86,27.7,81.86,28.1,82.58000000000001,100.0
2026-08-29T00:24:58.440693+00:00,outside on top,902B6F7B-D0F4-EC70-1C01-8D7DE6A68397,-57,27.5,81.5,28.9,84.02,27.5,81.5,27.7,81.86,27.7,81.86,28.1,82.58000000000001,100.0
2026-08-29T00:25:00.442833+00:00,outside on top,902B6F7B-D0F4-EC70-1C01-8D7DE6A68397,-57,27.5,81.5,28.9,84.02,27.5,81.5,27.7,81.86,27.7,81.86,28.1,82.58000000000001,100.0
2026-08-29T00:25:02.450190+00:00,outside on top,902B6F7B-D0F4-EC70-1C01-8D7DE6A68397,-55,27.5,81.5,28.6,83.48,27.5,81.5,27.6,81.68,27.7,81.86,28.1,82.58000000000001,100.0
2026-08-29T00:25:04.453380+00:00,outside on top,902B6F7B-D0F4-EC70-1C01-8D7DE6A68397,-59,27.5,81.5,28.7,83.66,27.5,81.5,27.6,81.68,27.7,81.86,28.1,82.58000000000001,100.0
2026-08-29T00:25:06.458844+00:00,outside on top,902B6F7B-D0F4-EC70-1C01-8D7DE6A68397,-57,27.5,81.5,28.8,83.84,27.5,81.5,27.6,81.68,27.7,81.86,28.1,82.58000000000001,100.0
2026-08-29T00:25:08.462021+00:00,outside on top,902B6F7B-D0F4-EC70-1C01-8D7DE6A68397,-57,27.5,81.5,28.8,83.84,27.5,81.5,27.6,81.68,27.7,81.86,28.1,82.58000000000001,100.0
2026-08-29T00:25:10.467489+00:00,outside on top,902B6F7B-D0F4-EC70-1C01-8D7DE6A68397,-57,27.5,81.5,28.8,83.84,27.5,81.5,27.6,81.68,27.7,81.86,28.1,82.58000000000001,100.0
2026-08-29T00:25:12.473303+00:00,outside on top,902B6F7B-D0F4-EC70-1C01-8D7DE6A68397,-57,27.4,81.32,28.6,83.48,27.4,81.32,27.6,81.68,27.6,81.68,28.0,82.4,100.0
2026-08-29T00:25:14.479584+00:00,outside on top,902B6F7B-D0F4-EC70-1C01-8D7DE6A68397,-54,27.4,81.32,28.6,83.48,27.4,81.32,27.6,81.68,27.6,81.68,28.0,82.4,100.0
2026-08-29T00:25:16.485346+00:00,outside on top,902B6F7B-D0F4-EC70-1C01-8D7DE6A68397,-61,27.4,81.32,28.6,83.48,27.4,81.32,27.6,81.68,27.6,81.68,28.0,82.4,100.0
2026-08-29T00:25:18.489426+00:00,outside on top,902B6F7B-D0F4-EC70-1C01-8D7DE6A68397,-61,27.4,81.32,28.6,83.48,27.4,81.32,27.6,81.68,27.6,81.68,28.0,82.4,100.0
2026-08-29T00:25:20.494001+00:00,outside on top,902B6F7B-D0F4-EC70-1C01-8D7DE6A68397,-54,27.4,81.32,28.6,83.48,27.4,81.32,27.6,81.68,27.6,81.68,28.0,82.4,100.0
2026-08-29T00:25:22.499937+00:00,outside on top,902B6F7B-D0F4-EC70-1C01-8D7DE6A68397,-54,27.4,81.32,28.6,83.48,27.4,81.32,27.6,81.68,27.6,81.68,28.0,82.4,100.0
2026-08-29T00:25:24.505612+00:00,outside on top,902B6F7B-D0F4-EC70-1C01-8D7DE6A68397,-58,27.4,81.32,28.6,83.48,27.4,81.32,27.5,81.5,27.6,81.68,27.9,82.22,100.0
2026-08-29T00:25:26.510855+00:00,outside on top,902B6F7B-D0F4-EC70-1C01-8D7DE6A68397,-54,27.4,81.32,28.6,83.48,27.4,81.32,27.5,81.5,27.6,81.68,27.9,82.22,100.0
2026-08-29T00:25:28.516679+00:00,outside on top,902B6F7B-D0F4-EC70-1C01-8D7DE6A68397,-58,27.4,81.32,28.6,83.48,27.4,81.32,27.5,81.5,27.6,81.68,27.9,82.22,100.0
2026-08-29T00:25:30.522704+00:00,outside on top,902B6F7B-D0F4-EC70-1C01-8D7DE6A68397,-58,27.4,81.32,28.6,83.48,27.4,81.32,27.5,81.5,27.6,81.68,27.9,82.22,100.0
2026-08-29T00:25:32.528400+00:00,outside on top,902B6F7B-D0F4-EC70-1C01-8D7DE6A68397,-57,27.4,81.32,28.6,83.48,27.4,81.32,27.5,81.5,27.6,81.68,27.9,82.22,100.0
2026-08-29T00:25:34.533502+00:00,outside on top,902B6F7B-D0F4-EC70-1C01-8D7DE6A68397,-57,27.6,81.68,28.5,83.30000000000001,27.9,82.22,27.6,81.68,27.6,81.68,27.9,82.22,100.0
2026-08-29T00:25:36.539078+00:00,outside on top,902B6F7B-D0F4-EC70-1C01-8D7DE6A68397,-38,27.6,81.68,28.5,83.30000000000001,27.9,82.22,27.6,81.68,27.6,81.68,27.9,82.22,100.0
2026-08-29T00:25:38.544847+00:00,outside on top,902B6F7B-D0F4-EC70-1C01-8D7DE6A68397,-38,27.6,81.68,28.5,83.30000000000001,27.9,82.22,27.6,81.68,27.6,81.68,27.9,82.22,100.0
2026-08-29T00:25:40.552820+00:00,outside on top,902B6F7B-D0F4-EC70-1C01-8D7DE6A68397,-38,27.6,81.68,28.5,83.30000000000001,27.9,82.22,27.6,81.68,27.6,81.68,27.9,82.22,100.0
2026-08-29T00:25:42.558437+00:00,outside on top,902B6F7B-D0F4-EC70-1C01-8D7DE6A68397,-38,27.6,81.68,28.5,83.30000000000001,27.9,82.22,27.6,81.68,27.6,81.68,27.9,82.22,100.0
2026-08-29T00:25:44.563760+00:00,outside on top,902B6F7B-D0F4-EC70-1C01-8D7DE6A68397,-67,30.8,87.44,28.6,83.48,31.6,88.88,32.2,89.96000000000001,30.8,87.44,30.7,87.25999999999999,100.0
2026-08-29T00:25:46.571054+00:00,outside on top,902B6F7B-D0F4-EC70-1C01-8D7DE6A68397,-72,31.2,88.16,28.6,83.48,32.2,89.96000000000001,32.6,90.68,31.2,88.16,31.1,87.98,100.0
2026-08-29T00:25:48.576582+00:00,outside on top,902B6F7B-D0F4-EC70-1C01-8D7DE6A68397,-72,31.2,88.16,28.6,83.48,32.2,89.96000000000001,32.6,90.68,31.2,88.16,31.1,87.98,100.0
2026-08-29T00:25:50.584429+00:00,outside on top,902B6F7B-D0F4-EC70-1C01-8D7DE6A68397,-72,31.2,88.16,28.6,83.48,32.2,89.96000000000001,32.6,90.68,31.2,88.16,31.1,87.98,100.0
2026-08-29T00:25:52.591314+00:00,outside on top,902B6F7B-D0F4-EC70-1C01-8D7DE6A68397,-65,32.7,90.86000000000001,28.7,83.66,33.9,93.02,33.8,92.84,32.7,90.86000000000001,32.5,90.5,100.0
2026-08-29T00:25:54.593517+00:00,outside on top,902B6F7B-D0F4-EC70-1C01-8D7DE6A68397,-76,32.9,91.22,28.7,83.66,34.1,93.38,34.0,93.2,32.9,91.22,32.8,91.03999999999999,100.0
2026-08-29T00:25:56.600256+00:00,outside on top,902B6F7B-D0F4-EC70-1C01-8D7DE6A68397,-76,32.9,91.22,28.7,83.66,34.1,93.38,34.0,93.2,32.9,91.22,32.8,91.03999999999999,100.0
2026-08-29T00:25:58.607040+00:00,outside on top,902B6F7B-D0F4-EC70-1C01-8D7DE6A68397,-76,32.9,91.22,28.7,83.66,34.1,93.38,34.0,93.2,32.9,91.22,32.8,91.03999999999999,100.0
2026-08-29T00:26:00.620778+00:00,outside on top,902B6F7B-D0F4-EC70-1C01-8D7DE6A68397,-68,32.9,91.22,28.7,83.66,34.1,93.38,34.0,93.2,32.9,91.22,32.8,91.03999999999999,100.0
2026-08-29T00:26:02.627403+00:00,outside on top,902B6F7B-D0F4-EC70-1C01-8D7DE6A68397,-75,33.8,92.84,29.0,84.2,34.6,94.28,34.4,93.92,33.8,92.84,33.7,92.66,100.0
2026-08-29T00:26:04.634214+00:00,outside on top,902B6F7B-D0F4-EC70-1C01-8D7DE6A68397,-63,34.0,93.2,29.3,84.74000000000001,34.7,94.46000000000001,34.6,94.28,34.0,93.2,34.0,93.2,100.0
2026-08-29T00:26:06.642652+00:00,outside on top,902B6F7B-D0F4-EC70-1C01-8D7DE6A68397,-63,34.0,93.2,29.3,84.74000000000001,34.7,94.46000000000001,34.6,94.28,34.0,93.2,34.0,93.2,100.0
2026-08-29T00:26:08.645388+00:00,outside on top,902B6F7B-D0F4-EC70-1C01-8D7DE6A68397,-67,34.0,93.2,29.3,84.74000000000001,34.7,94.46000000000001,34.6,94.28,34.0,93.2,34.0,93.2,100.0
2026-08-29T00:26:10.651276+00:00,outside on top,902B6F7B-D0F4-EC70-1C01-8D7DE6A68397,-66,34.5,94.1,29.4,84.92,35.0,95.0,34.9,94.82,34.5,94.1,34.4,93.92,100.0
2026-08-29T00:26:12.657416+00:00,outside on top,902B6F7B-D0F4-EC70-1C01-8D7DE6A68397,-63,34.5,94.1,29.3,84.74000000000001,35.0,95.0,34.9,94.82,34.5,94.1,34.5,94.1,100.0
2026-08-29T00:26:14.663227+00:00,outside on top,902B6F7B-D0F4-EC70-1C01-8D7DE6A68397,-63,34.5,94.1,29.3,84.74000000000001,35.0,95.0,34.9,94.82,34.5,94.1,34.5,94.1,100.0
2026-08-29T00:26:16.668779+00:00,outside on top,902B6F7B-D0F4-EC70-1C01-8D7DE6A68397,-63,34.5,94.1,29.3,84.74000000000001,35.0,95.0,34.9,94.82,34.5,94.1,34.5,94.1,100.0
2026-08-29T00:26:18.674635+00:00,outside on top,902B6F7B-D0F4-EC70-1C01-8D7DE6A68397,-66,34.5,94.1,29.3,84.74000000000001,35.0,95.0,34.9,94.82,34.5,94.1,34.5,94.1,100.0
2026-08-29T00:26:20.680640+00:00,outside on top,902B6F7B-D0F4-EC70-1C01-8D7DE6A68397,-70,34.9,94.82,29.6,85.28,35.2,95.36000000000001,35.2,95.36000000000001,34.9,94.82,34.8,94.63999999999999,100.0
2026-08-29T00:26:22.686509+00:00,outside on top,902B6F7B-D0F4-EC70-1C01-8D7DE6A68397,-76,34.9,94.82,29.6,85.28,35.2,95.36000000000001,35.2,95.36000000000001,34.9,94.82,34.8,94.63999999999999,100.0
2026-08-29T00:26:24.689093+00:00,outside on top,902B6F7B-D0F4-EC70-1C01-8D7DE6A68397,-76,34.9,94.82,29.6,85.28,35.2,95.36000000000001,35.2,95.36000000000001,34.9,94.82,34.8,94.63999999999999,100.0
2026-08-29T00:26:26.696899+00:00,outside on top,902B6F7B-D0F4-EC70-1C01-8D7DE6A68397,-66,35.1,95.18,29.7,85.46000000000001,35.2,95.36000000000001,35.2,95.36000000000001,35.1,95.18,34.9,94.82,100.0
2026-08-29T00:26:28.701794+00:00,outside on top,902B6F7B-D0F4-EC70-1C01-8D7DE6A68397,-70,35.2,95.36000000000001,29.8,85.64,35.3,95.53999999999999,35.3,95.53999999999999,35.2,95.36000000000001,34.9,94.82,100.0
2026-08-29T00:26:30.710969+00:00,outside on top,902B6F7B-D0F4-EC70-1C01-8D7DE6A68397,-70,35.2,95.36000000000001,29.8,85.64,35.3,95.53999999999999,35.3,95.53999999999999,35.2,95.36000000000001,34.9,94.82,100.0
2026-08-29T00:26:32.719171+00:00,outside on top,902B6F7B-D0F4-EC70-1C01-8D7DE6A68397,-66,35.2,95.36000000000001,29.8,85.64,35.3,95.53999999999999,35.3,95.53999999999999,35.2,95.36000000000001,34.9,94.82,100.0
2026-08-29T00:26:34.725469+00:00,outside on top,902B6F7B-D0F4-EC70-1C01-8D7DE6A68397,-53,35.2,95.36000000000001,29.9,85.82,35.3,95.53999999999999,35.4,95.72,35.2,95.36000000000001,35.0,95.0,100.0
2026-08-29T00:26:36.730602+00:00,outside on top,902B6F7B-D0F4-EC70-1C01-8D7DE6A68397,-53,35.2,95.36000000000001,29.9,85.82,35.3,95.53999999999999,35.4,95.72,35.2,95.36000000000001,35.0,95.0,100.0
2026-08-29T00:26:38.735562+00:00,outside on top,902B6F7B-D0F4-EC70-1C01-8D7DE6A68397,-76,35.2,95.36000000000001,30.0,86.0,35.2,95.36000000000001,35.3,95.53999999999999,35.2,95.36000000000001,34.9,94.82,100.0
2026-08-29T00:26:40.741360+00:00,outside on top,902B6F7B-D0F4-EC70-1C01-8D7DE6A68397,-68,35.2,95.36000000000001,30.0,86.0,35.2,95.36000000000001,35.3,95.53999999999999,35.2,95.36000000000001,34.9,94.82,100.0
2026-08-29T00:26:42.746689+00:00,outside on top,902B6F7B-D0F4-EC70-1C01-8D7DE6A68397,127,35.2,95.36000000000001,30.0,86.0,35.2,95.36000000000001,35.3,95.53999999999999,35.2,95.36000000000001,34.9,94.82,100.0
2026-08-29T00:26:44.751888+00:00,outside on top,902B6F7B-D0F4-EC70-1C01-8D7DE6A68397,127,35.2,95.36000000000001,30.0,86.0,35.2,95.36000000000001,35.3,95.53999999999999,35.2,95.36000000000001,34.9,94.82,100.0
2026-08-29T00:26:46.757198+00:00,outside on top,902B6F7B-D0F4-EC70-1C01-8D7DE6A68397,127,35.2,95.36000000000001,30.0,86.0,35.2,95.36000000000001,35.3,95.53999999999999,35.2,95.36000000000001,34.9,94.82,100.0
2026-08-29T00:26:48.762094+00:00,outside on top,902B6F7B-D0F4-EC70-1C01-8D7DE6A68397,-66,35.2,95.36000000000001,30.0,86.0,35.2,95.36000000000001,35.3,95.53999999999999,35.2,95.36000000000001,34.9,94.82,100.0
2026-08-29T00:26:50.766833+00:00,outside on top,902B6F7B-D0F4-EC70-1C01-8D7DE6A68397,-73,34.2,93.56,30.3,86.53999999999999,34.2,93.56,34.3,93.74,34.4,93.92,34.1,93.38,100.0
2026-08-29T00:26:52.771042+00:00,outside on top,902B6F7B-D0F4-EC70-1C01-8D7DE6A68397,-66,34.1,93.38,30.3,86.53999999999999,34.1,93.38,34.3,93.74,34.3,93.74,34.0,93.2,100.0
2026-08-29T00:26:54.774410+00:00,outside on top,902B6F7B-D0F4-EC70-1C01-8D7DE6A68397,-66,34.1,93.38,30.3,86.53999999999999,34.1,93.38,34.3,93.74,34.3,93.74,34.0,93.2,100.0
2026-08-29T00:26:56.780261+00:00,outside on top,902B6F7B-D0F4-EC70-1C01-8D7DE6A68397,-63,34.1,93.38,30.3,86.53999999999999,34.1,93.38,34.3,93.74,34.3,93.74,34.0,93.2,100.0
2026-08-29T00:26:58.787332+00:00,outside on top,902B6F7B-D0F4-EC70-1C01-8D7DE6A68397,-68,33.8,92.84,30.3,86.53999999999999,33.8,92.84,34.0,93.2,33.9,93.02,33.6,92.48,100.0
2026-08-29T00:27:00.790287+00:00,outside on top,902B6F7B-D0F4-EC70-1C01-8D7DE6A68397,-63,33.5,92.30000000000001,30.4,86.72,33.5,92.30000000000001,33.7,92.66,33.7,92.66,33.3,91.94,100.0
2026-08-29T00:27:02.793552+00:00,outside on top,902B6F7B-D0F4-EC70-1C01-8D7DE6A68397,-63,33.5,92.30000000000001,30.4,86.72,33.5,92.30000000000001,33.7,92.66,33.7,92.66,33.3,91.94,100.0
2026-08-29T00:27:04.799675+00:00,outside on top,902B6F7B-D0F4-EC70-1C01-8D7DE6A68397,-63,33.5,92.30000000000001,30.4,86.72,33.5,92.30000000000001,33.7,92.66,33.7,92.66,33.3,91.94,100.0
2026-08-29T00:27:06.805263+00:00,outside on top,902B6F7B-D0F4-EC70-1C01-8D7DE6A68397,-64,33.2,91.76,30.3,86.53999999999999,33.2,91.76,33.4,92.12,33.4,92.12,33.0,91.4,100.0
2026-08-29T00:27:08.810059+00:00,outside on top,902B6F7B-D0F4-EC70-1C01-8D7DE6A68397,-64,33.0,91.4,30.5,86.9,33.0,91.4,33.3,91.94,33.2,91.76,32.8,91.03999999999999,100.0
2026-08-29T00:27:10.815626+00:00,outside on top,902B6F7B-D0F4-EC70-1C01-8D7DE6A68397,-64,33.0,91.4,30.5,86.9,33.0,91.4,33.3,91.94,33.2,91.76,32.8,91.03999999999999,100.0
2026-08-29T00:27:12.817588+00:00,outside on top,902B6F7B-D0F4-EC70-1C01-8D7DE6A68397,-64,33.0,91.4,30.5,86.9,33.0,91.4,33.3,91.94,33.2,91.76,32.8,91.03999999999999,100.0
2026-08-29T00:27:14.821821+00:00,outside on top,902B6F7B-D0F4-EC70-1C01-8D7DE6A68397,-64,33.0,91.4,30.5,86.9,33.0,91.4,33.3,91.94,33.2,91.76,32.8,91.03999999999999,100.0
2026-08-29T00:27:16.827066+00:00,outside on top,902B6F7B-D0F4-EC70-1C01-8D7DE6A68397,-63,32.6,90.68,30.4,86.72,32.6,90.68,32.9,91.22,32.7,90.86000000000001,32.3,90.13999999999999,100.0
2026-08-29T00:27:18.833081+00:00,outside on top,902B6F7B-D0F4-EC70-1C01-8D7DE6A68397,-74,32.6,90.68,30.4,86.72,32.6,90.68,32.9,91.22,32.7,90.86000000000001,32.3,90.13999999999999,100.0
2026-08-29T00:27:20.839395+00:00,outside on top,902B6F7B-D0F4-EC70-1C01-8D7DE6A68397,-76,32.5,90.5,30.4,86.72,32.5,90.5,32.8,91.03999999999999,32.6,90.68,32.1,89.78,100.0
2026-08-29T00:27:22.845355+00:00,outside on top,902B6F7B-D0F4-EC70-1C01-8D7DE6A68397,-76,32.5,90.5,30.4,86.72,32.5,90.5,32.8,91.03999999999999,32.6,90.68,32.1,89.78,100.0
2026-08-29T00:27:24.857183+00:00,outside on top,902B6F7B-D0F4-EC70-1C01-8D7DE6A68397,-65,32.3,90.13999999999999,30.3,86.53999999999999,32.3,90.13999999999999,32.6,90.68,32.4,90.32,31.9,89.42,100.0
2026-08-29T00:27:26.863430+00:00,outside on top,902B6F7B-D0F4-EC70-1C01-8D7DE6A68397,-65,32.3,90.13999999999999,30.3,86.53999999999999,32.3,90.13999999999999,32.6,90.68,32.4,90.32,31.9,89.42,100.0
2026-08-29T00:27:28.866071+00:00,outside on top,902B6F7B-D0F4-EC70-1C01-8D7DE6A68397,-65,32.3,90.13999999999999,30.3,86.53999999999999,32.3,90.13999999999999,32.6,90.68,32.4,90.32,31.9,89.42,100.0
2026-08-29T00:27:30.873632+00:00,outside on top,902B6F7B-D0F4-EC70-1C01-8D7DE6A68397,-65,32.3,90.13999999999999,30.3,86.53999999999999,32.3,90.13999999999999,32.6,90.68,32.4,90.32,31.9,89.42,100.0
2026-08-29T00:27:32.879519+00:00,outside on top,902B6F7B-D0F4-EC70-1C01-8D7DE6A68397,-65,32.3,90.13999999999999,30.3,86.53999999999999,32.3,90.13999999999999,32.6,90.68,32.4,90.32,31.9,89.42,100.0
2026-08-29T00:27:34.885714+00:00,outside on top,902B6F7B-D0F4-EC70-1C01-8D7DE6A68397,-65,32.3,90.13999999999999,30.3,86.53999999999999,32.3,90.13999999999999,32.6,90.68,32.4,90.32,31.9,89.42,100.0
2026-08-29T00:27:36.893272+00:00,outside on top,902B6F7B-D0F4-EC70-1C01-8D7DE6A68397,-66,31.9,89.42,30.4,86.72,31.9,89.42,32.2,89.96000000000001,31.9,89.42,31.5,88.7,100.0
2026-08-29T00:27:38.900460+00:00,outside on top,902B6F7B-D0F4-EC70-1C01-8D7DE6A68397,-74,31.8,89.24000000000001,30.2,86.36,31.8,89.24000000000001,32.1,89.78,31.8,89.24000000000001,31.4,88.52,100.0
2026-08-29T00:27:40.903774+00:00,outside on top,902B6F7B-D0F4-EC70-1C01-8D7DE6A68397,-74,31.8,89.24000000000001,30.2,86.36,31.8,89.24000000000001,32.1,89.78,31.8,89.24000000000001,31.4,88.52,100.0
2026-08-29T00:27:42.906648+00:00,outside on top,902B6F7B-D0F4-EC70-1C01-8D7DE6A68397,-65,31.8,89.24000000000001,30.2,86.36,31.8,89.24000000000001,32.1,89.78,31.8,89.24000000000001,31.4,88.52,100.0
2026-08-29T00:27:44.908772+00:00,outside on top,902B6F7B-D0F4-EC70-1C01-8D7DE6A68397,-65,31.7,89.06,30.3,86.53999999999999,31.7,89.06,32.0,89.6,31.7,89.06,31.2,88.16,100.0
2026-08-29T00:27:46.911655+00:00,outside on top,902B6F7B-D0F4-EC70-1C01-8D7DE6A68397,-71,31.6,88.88,30.3,86.53999999999999,31.6,88.88,31.9,89.42,31.6,88.88,31.2,88.16,100.0
2026-08-29T00:27:48.916389+00:00,outside on top,902B6F7B-D0F4-EC70-1C01-8D7DE6A68397,-71,31.6,88.88,30.3,86.53999999999999,31.6,88.88,31.9,89.42,31.6,88.88,31.2,88.16,100.0
2026-08-29T00:27:50.922149+00:00,outside on top,902B6F7B-D0F4-EC70-1C01-8D7DE6A68397,-65,31.6,88.88,30.3,86.53999999999999,31.6,88.88,31.9,89.42,31.6,88.88,31.2,88.16,100.0
2026-08-29T00:27:52.924189+00:00,outside on top,902B6F7B-D0F4-EC70-1C01-8D7DE6A68397,-65,31.6,88.88,30.3,86.53999999999999,31.6,88.88,31.9,89.42,31.6,88.88,31.2,88.16,100.0
2026-08-29T00:27:54.926314+00:00,outside on top,902B6F7B-D0F4-EC70-1C01-8D7DE6A68397,-66,31.6,88.88,30.3,86.53999999999999,31.6,88.88,31.9,89.42,31.6,88.88,31.2,88.16,100.0
2026-08-29T00:27:56.930161+00:00,outside on top,902B6F7B-D0F4-EC70-1C01-8D7DE6A68397,-66,31.6,88.88,30.3,86.53999999999999,31.6,88.88,31.9,89.42,31.6,88.88,31.2,88.16,100.0
2026-08-29T00:27:58.935313+00:00,outside on top,902B6F7B-D0F4-EC70-1C01-8D7DE6A68397,-66,31.6,88.88,30.3,86.53999999999999,31.6,88.88,31.9,89.42,31.6,88.88,31.2,88.16,100.0
2026-08-29T00:28:00.943847+00:00,outside on top,902B6F7B-D0F4-EC70-1C01-8D7DE6A68397,-77,31.2,88.16,30.0,86.0,31.3,88.34,31.5,88.7,31.2,88.16,30.8,87.44,100.0
2026-08-29T00:28:02.945605+00:00,outside on top,902B6F7B-D0F4-EC70-1C01-8D7DE6A68397,-65,31.1,87.98,30.2,86.36,31.2,88.16,31.5,88.7,31.1,87.98,30.7,87.25999999999999,100.0
2026-08-29T00:28:04.951231+00:00,outside on top,902B6F7B-D0F4-EC70-1C01-8D7DE6A68397,-66,31.1,87.98,30.2,86.36,31.2,88.16,31.4,88.52,31.1,87.98,30.7,87.25999999999999,100.0
2026-08-29T00:28:06.957549+00:00,outside on top,902B6F7B-D0F4-EC70-1C01-8D7DE6A68397,-66,31.1,87.98,30.2,86.36,31.2,88.16,31.4,88.52,31.1,87.98,30.7,87.25999999999999,100.0
2026-08-29T00:28:08.963010+00:00,outside on top,902B6F7B-D0F4-EC70-1C01-8D7DE6A68397,-76,31.0,87.80000000000001,30.2,86.36,31.0,87.80000000000001,31.3,88.34,31.0,87.80000000000001,30.6,87.08000000000001,100.0
2026-08-29T00:28:10.968584+00:00,outside on top,902B6F7B-D0F4-EC70-1C01-8D7DE6A68397,-76,31.0,87.80000000000001,30.2,86.36,31.0,87.80000000000001,31.3,88.34,31.0,87.80000000000001,30.6,87.08000000000001,100.0
2026-08-29T00:28:12.974480+00:00,outside on top,902B6F7B-D0F4-EC70-1C01-8D7DE6A68397,-76,31.0,87.80000000000001,30.2,86.36,31.0,87.80000000000001,31.3,88.34,31.0,87.80000000000001,30.6,87.08000000000001,100.0
2026-08-29T00:28:14.978512+00:00,outside on top,902B6F7B-D0F4-EC70-1C01-8D7DE6A68397,-76,31.0,87.80000000000001,30.2,86.36,31.0,87.80000000000001,31.3,88.34,31.0,87.80000000000001,30.6,87.08000000000001,100.0
2026-08-29T00:28:16.980396+00:00,outside on top,902B6F7B-D0F4-EC70-1C01-8D7DE6A68397,-64,30.8,87.44,30.1,86.18,30.8,87.44,31.1,87.98,30.8,87.44,30.4,86.72,100.0
2026-08-29T00:28:18.985104+00:00,outside on top,902B6F7B-D0F4-EC70-1C01-8D7DE6A68397,-65,30.7,87.25999999999999,30.1,86.18,30.8,87.44,31.0,87.80000000000001,30.7,87.25999999999999,30.4,86.72,100.0
2026-08-29T00:28:20.990509+00:00,outside on top,902B6F7B-D0F4-EC70-1C01-8D7DE6A68397,-64,30.7,87.25999999999999,30.3,86.53999999999999,30.8,87.44,31.0,87.80000000000001,30.7,87.25999999999999,30.3,86.53999999999999,100.0
2026-08-29T00:28:22.995914+00:00,outside on top,902B6F7B-D0F4-EC70-1C01-8D7DE6A68397,-64,30.7,87.25999999999999,30.3,86.53999999999999,30.8,87.44,31.0,87.80000000000001,30.7,87.25999999999999,30.3,86.53999999999999,100.0
2026-08-29T00:28:24.999775+00:00,outside on top,902B6F7B-D0F4-EC70-1C01-8D7DE6A68397,-65,30.6,87.08000000000001,30.0,86.0,30.6,87.08000000000001,30.9,87.62,30.6,87.08000000000001,30.2,86.36,100.0
2026-08-29T00:28:27.005068+00:00,outside on top,902B6F7B-D0F4-EC70-1C01-8D7DE6A68397,-68,30.5,86.9,30.1,86.18,30.6,87.08000000000001,30.8,87.44,30.5,86.9,30.2,86.36,100.0
2026-08-29T00:28:29.010980+00:00,outside on top,902B6F7B-D0F4-EC70-1C01-8D7DE6A68397,-75,30.5,86.9,29.9,85.82,30.5,86.9,30.8,87.44,30.5,86.9,30.2,86.36,100.0
2026-08-29T00:28:31.015789+00:00,outside on top,902B6F7B-D0F4-EC70-1C01-8D7DE6A68397,-72,30.4,86.72,30.1,86.18,30.5,86.9,30.7,87.25999999999999,30.4,86.72,30.1,86.18,100.0
2026-08-29T00:28:33.021358+00:00,outside on top,902B6F7B-D0F4-EC70-1C01-8D7DE6A68397,-61,30.4,86.72,29.9,85.82,30.5,86.9,30.7,87.25999999999999,30.4,86.72,30.1,86.18,100.0
2026-08-29T00:28:35.028245+00:00,outside on top,902B6F7B-D0F4-EC70-1C01-8D7DE6A68397,-61,30.4,86.72,29.9,85.82,30.5,86.9,30.7,87.25999999999999,30.4,86.72,30.1,86.18,100.0
2026-08-29T00:28:37.033770+00:00,outside on top,902B6F7B-D0F4-EC70-1C01-8D7DE6A68397,-59,30.3,86.53999999999999,29.9,85.82,30.4,86.72,30.6,87.08000000000001,30.3,86.53999999999999,30.0,86.0,100.0
2026-08-29T00:28:39.039358+00:00,outside on top,902B6F7B-D0F4-EC70-1C01-8D7DE6A68397,-59,30.3,86.53999999999999,29.9,85.82,30.4,86.72,30.6,87.08000000000001,30.3,86.53999999999999,30.0,86.0,100.0
2026-08-29T00:28:41.046748+00:00,outside on top,902B6F7B-D0F4-EC70-1C01-8D7DE6A68397,-60,30.3,86.53999999999999,29.9,85.82,30.4,86.72,30.6,87.08000000000001,30.3,86.53999999999999,30.0,86.0,100.0
2026-08-29T00:28:43.052017+00:00,outside on top,902B6F7B-D0F4-EC70-1C01-8D7DE6A68397,-60,30.3,86.53999999999999,29.9,85.82,30.4,86.72,30.6,87.08000000000001,30.3,86.53999999999999,30.0,86.0,100.0
2026-08-29T00:28:45.059371+00:00,outside on top,902B6F7B-D0F4-EC70-1C01-8D7DE6A68397,-59,30.3,86.53999999999999,29.9,85.82,30.4,86.72,30.6,87.08000000000001,30.3,86.53999999999999,30.0,86.0,100.0
2026-08-29T00:28:47.064377+00:00,outside on top,902B6F7B-D0F4-EC70-1C01-8D7DE6A68397,-59,30.3,86.53999999999999,29.9,85.82,30.4,86.72,30.6,87.08000000000001,30.3,86.53999999999999,30.0,86.0,100.0
2026-08-29T00:28:49.073555+00:00,outside on top,902B6F7B-D0F4-EC70-1C01-8D7DE6A68397,-53,30.1,86.18,30.0,86.0,30.2,86.36,30.3,86.53999999999999,30.1,86.18,29.8,85.64,100.0
2026-08-29T00:28:51.080460+00:00,outside on top,902B6F7B-D0F4-EC70-1C01-8D7DE6A68397,-55,30.1,86.18,29.9,85.82,30.1,86.18,30.3,86.53999999999999,30.1,86.18,29.8,85.64,100.0
2026-08-29T00:28:53.085678+00:00,outside on top,902B6F7B-D0F4-EC70-1C01-8D7DE6A68397,-54,30.1,86.18,29.9,85.82,30.1,86.18,30.3,86.53999999999999,30.1,86.18,29.8,85.64,100.0
2026-08-29T00:28:55.092073+00:00,outside on top,902B6F7B-D0F4-EC70-1C01-8D7DE6A68397,-54,30.1,86.18,29.9,85.82,30.1,86.18,30.3,86.53999999999999,30.1,86.18,29.8,85.64,100.0
2026-08-29T00:28:57.097242+00:00,outside on top,902B6F7B-D0F4-EC70-1C01-8D7DE6A68397,-55,29.9,85.82,29.8,85.64,30.0,86.0,30.2,86.36,29.9,85.82,29.7,85.46000000000001,100.0
2026-08-29T00:28:59.101743+00:00,outside on top,902B6F7B-D0F4-EC70-1C01-8D7DE6A68397,-55,29.9,85.82,29.8,85.64,30.0,86.0,30.2,86.36,29.9,85.82,29.7,85.46000000000001,100.0
2026-08-29T00:29:01.109601+00:00,outside on top,902B6F7B-D0F4-EC70-1C01-8D7DE6A68397,-54,29.9,85.82,29.8,85.64,30.0,86.0,30.2,86.36,29.9,85.82,29.7,85.46000000000001,100.0
2026-08-29T00:29:03.116088+00:00,outside on top,902B6F7B-D0F4-EC70-1C01-8D7DE6A68397,-50,29.8,85.64,29.8,85.64,29.9,85.82,30.1,86.18,29.8,85.64,29.7,85.46000000000001,100.0
2026-08-29T00:29:05.123442+00:00,outside on top,902B6F7B-D0F4-EC70-1C01-8D7DE6A68397,-50,29.8,85.64,29.8,85.64,29.9,85.82,30.1,86.18,29.8,85.64,29.7,85.46000000000001,100.0
2026-08-29T00:29:07.129873+00:00,outside on top,902B6F7B-D0F4-EC70-1C01-8D7DE6A68397,-44,30.1,86.18,29.9,85.82,30.1,86.18,30.8,87.44,30.2,86.36,30.0,86.0,100.0
2026-08-29T00:29:09.134731+00:00,outside on top,902B6F7B-D0F4-EC70-1C01-8D7DE6A68397,-43,30.6,87.08000000000001,30.2,86.36,30.6,87.08000000000001,31.5,88.7,31.0,87.80000000000001,30.5,86.9,100.0
2026-08-29T00:29:11.140507+00:00,outside on top,902B6F7B-D0F4-EC70-1C01-8D7DE6A68397,-38,30.8,87.44,30.3,86.53999999999999,30.8,87.44,31.8,89.24000000000001,31.4,88.52,30.9,87.62,100.0
2026-08-29T00:29:13.147000+00:00,outside on top,902B6F7B-D0F4-EC70-1C01-8D7DE6A68397,-59,30.8,87.44,30.4,86.72,30.8,87.44,32.0,89.6,31.7,89.06,31.2,88.16,100.0
2026-08-29T00:29:15.151903+00:00,outside on top,902B6F7B-D0F4-EC70-1C01-8D7DE6A68397,-59,30.8,87.44,30.4,86.72,30.8,87.44,32.0,89.6,31.7,89.06,31.2,88.16,100.0
2026-08-29T00:29:17.163380+00:00,outside on top,902B6F7B-D0F4-EC70-1C01-8D7DE6A68397,-68,30.8,87.44,30.4,86.72,30.8,87.44,32.0,89.6,31.7,89.06,31.2,88.16,100.0
2026-08-29T00:29:19.171528+00:00,outside on top,902B6F7B-D0F4-EC70-1C01-8D7DE6A68397,-56,31.8,89.24000000000001,30.7,87.25999999999999,31.8,89.24000000000001,33.1,91.58000000000001,32.7,90.86000000000001,32.3,90.13999999999999,100.0
2026-08-29T00:29:21.173498+00:00,outside on top,902B6F7B-D0F4-EC70-1C01-8D7DE6A68397,-57,31.9,89.42,30.8,87.44,31.9,89.42,33.0,91.4,32.8,91.03999999999999,32.5,90.5,100.0
2026-08-29T00:29:23.178284+00:00,outside on top,902B6F7B-D0F4-EC70-1C01-8D7DE6A68397,-55,31.9,89.42,30.9,87.62,31.9,89.42,32.9,91.22,32.7,90.86000000000001,32.5,90.5,100.0
2026-08-29T00:29:25.189549+00:00,outside on top,902B6F7B-D0F4-EC70-1C01-8D7DE6A68397,-53,31.9,89.42,30.9,87.62,31.9,89.42,32.7,90.86000000000001,32.6,90.68,32.5,90.5,100.0
2026-08-29T00:29:27.198476+00:00,outside on top,902B6F7B-D0F4-EC70-1C01-8D7DE6A68397,-56,31.9,89.42,30.9,87.62,31.9,89.42,32.7,90.86000000000001,32.6,90.68,32.5,90.5,100.0
2026-08-29T00:29:29.204988+00:00,outside on top,902B6F7B-D0F4-EC70-1C01-8D7DE6A68397,-56,31.8,89.24000000000001,31.0,87.80000000000001,31.8,89.24000000000001,32.4,90.32,32.5,90.5,32.4,90.32,100.0
2026-08-29T00:29:31.211000+00:00,outside on top,902B6F7B-D0F4-EC70-1C01-8D7DE6A68397,-70,31.8,89.24000000000001,31.0,87.80000000000001,31.8,89.24000000000001,32.3,90.13999999999999,32.4,90.32,32.3,90.13999999999999,100.0
2026-08-29T00:29:33.216214+00:00,outside on top,902B6F7B-D0F4-EC70-1C01-8D7DE6A68397,-70,31.8,89.24000000000001,31.0,87.80000000000001,31.8,89.24000000000001,32.3,90.13999999999999,32.4,90.32,32.3,90.13999999999999,100.0
2026-08-29T00:29:35.222481+00:00,outside on top,902B6F7B-D0F4-EC70-1C01-8D7DE6A68397,-53,31.8,89.24000000000001,31.0,87.80000000000001,31.8,89.24000000000001,32.3,90.13999999999999,32.4,90.32,32.3,90.13999999999999,100.0
2026-08-29T00:29:37.228105+00:00,outside on top,902B6F7B-D0F4-EC70-1C01-8D7DE6A68397,-52,31.6,88.88,30.9,87.62,31.6,88.88,32.0,89.6,32.1,89.78,32.1,89.78,100.0
2026-08-29T00:29:39.235939+00:00,outside on top,902B6F7B-D0F4-EC70-1C01-8D7DE6A68397,-52,31.6,88.88,30.9,87.62,31.6,88.88,32.0,89.6,32.1,89.78,32.1,89.78,100.0
2026-08-29T00:29:41.243439+00:00,outside on top,902B6F7B-D0F4-EC70-1C01-8D7DE6A68397,-52,31.6,88.88,30.9,87.62,31.6,88.88,32.0,89.6,32.1,89.78,32.1,89.78,100.0
2026-08-29T00:29:43.249030+00:00,outside on top,902B6F7B-D0F4-EC70-1C01-8D7DE6A68397,-52,31.6,88.88,30.9,87.62,31.6,88.88,32.0,89.6,32.1,89.78,32.1,89.78,100.0
2026-08-29T00:29:45.254247+00:00,outside on top,902B6F7B-D0F4-EC70-1C01-8D7DE6A68397,-52,31.4,88.52,30.8,87.44,31.4,88.52,31.7,89.06,31.8,89.24000000000001,31.7,89.06,100.0
2026-08-29T00:29:47.259967+00:00,outside on top,902B6F7B-D0F4-EC70-1C01-8D7DE6A68397,-52,31.3,88.34,30.7,87.25999999999999,31.3,88.34,31.6,88.88,31.7,89.06,31.7,89.06,100.0
2026-08-29T00:29:49.265682+00:00,outside on top,902B6F7B-D0F4-EC70-1C01-8D7DE6A68397,-54,31.3,88.34,30.8,87.44,31.3,88.34,31.6,88.88,31.6,88.88,31.6,88.88,100.0
2026-08-29T00:29:51.268873+00:00,outside on top,902B6F7B-D0F4-EC70-1C01-8D7DE6A68397,-54,31.3,88.34,30.8,87.44,31.3,88.34,31.6,88.88,31.6,88.88,31.6,88.88,100.0
2026-08-29T00:29:53.274409+00:00,outside on top,902B6F7B-D0F4-EC70-1C01-8D7DE6A68397,-51,31.2,88.16,30.7,87.25999999999999,31.2,88.16,31.4,88.52,31.5,88.7,31.4,88.52,100.0
2026-08-29T00:29:55.276446+00:00,outside on top,902B6F7B-D0F4-EC70-1C01-8D7DE6A68397,-51,31.2,88.16,30.7,87.25999999999999,31.2,88.16,31.4,88.52,31.5,88.7,31.4,88.52,100.0
2026-08-29T00:29:57.282808+00:00,outside on top,902B6F7B-D0F4-EC70-1C01-8D7DE6A68397,-66,31.1,87.98,30.7,87.25999999999999,31.1,87.98,31.3,88.34,31.3,88.34,31.3,88.34,100.0
2026-08-29T00:29:59.288075+00:00,outside on top,902B6F7B-D0F4-EC70-1C01-8D7DE6A68397,-66,31.1,87.98,30.7,87.25999999999999,31.1,87.98,31.3,88.34,31.3,88.34,31.3,88.34,100.0
2026-08-29T00:30:01.295192+00:00,outside on top,902B6F7B-D0F4-EC70-1C01-8D7DE6A68397,-51,31.1,87.98,30.7,87.25999999999999,31.1,87.98,31.3,88.34,31.3,88.34,31.3,88.34,100.0
2026-08-29T00:30:03.302885+00:00,outside on top,902B6F7B-D0F4-EC70-1C01-8D7DE6A68397,-53,30.9,87.62,30.6,87.08000000000001,30.9,87.62,31.1,87.98,31.1,87.98,31.1,87.98,100.0
2026-08-29T00:30:05.305752+00:00,outside on top,902B6F7B-D0F4-EC70-1C01-8D7DE6A68397,-53,30.9,87.62,30.6,87.08000000000001,30.9,87.62,31.1,87.98,31.1,87.98,31.1,87.98,100.0
2026-08-29T00:30:07.311068+00:00,outside on top,902B6F7B-D0F4-EC70-1C01-8D7DE6A68397,-53,30.9,87.62,30.6,87.08000000000001,30.9,87.62,31.1,87.98,31.1,87.98,31.1,87.98,100.0
2026-08-29T00:30:09.317433+00:00,outside on top,902B6F7B-D0F4-EC70-1C01-8D7DE6A68397,-53,30.9,87.62,30.6,87.08000000000001,30.9,87.62,31.1,87.98,31.1,87.98,31.1,87.98,100.0
2026-08-29T00:30:11.324930+00:00,outside on top,902B6F7B-D0F4-EC70-1C01-8D7DE6A68397,-57,30.9,87.62,30.6,87.08000000000001,30.9,87.62,31.1,87.98,31.1,87.98,31.1,87.98,100.0
2026-08-29T00:30:13.331967+00:00,outside on top,902B6F7B-D0F4-EC70-1C01-8D7DE6A68397,-53,30.6,87.08000000000001,30.6,87.08000000000001,30.6,87.08000000000001,30.9,87.62,30.8,87.44,30.8,87.44,100.0
2026-08-29T00:30:15.338499+00:00,outside on top,902B6F7B-D0F4-EC70-1C01-8D7DE6A68397,-53,30.6,87.08000000000001,30.6,87.08000000000001,30.6,87.08000000000001,30.9,87.62,30.8,87.44,30.8,87.44,100.0
2026-08-29T00:30:17.346127+00:00,outside on top,902B6F7B-D0F4-EC70-1C01-8D7DE6A68397,-53,30.6,87.08000000000001,30.6,87.08000000000001,30.6,87.08000000000001,30.9,87.62,30.8,87.44,30.8,87.44,100.0
2026-08-29T00:30:19.355015+00:00,outside on top,902B6F7B-D0F4-EC70-1C01-8D7DE6A68397,-53,30.6,87.08000000000001,30.6,87.08000000000001,30.6,87.08000000000001,30.9,87.62,30.8,87.44,30.8,87.44,100.0
2026-08-29T00:30:21.367269+00:00,outside on top,902B6F7B-D0F4-EC70-1C01-8D7DE6A68397,-57,30.5,86.9,30.5,86.9,30.5,86.9,30.7,87.25999999999999,30.6,87.08000000000001,30.6,87.08000000000001,100.0
2026-08-29T00:30:23.377986+00:00,outside on top,902B6F7B-D0F4-EC70-1C01-8D7DE6A68397,-57,30.5,86.9,30.5,86.9,30.5,86.9,30.7,87.25999999999999,30.6,87.08000000000001,30.6,87.08000000000001,100.0
2026-08-29T00:30:25.383920+00:00,outside on top,902B6F7B-D0F4-EC70-1C01-8D7DE6A68397,-57,30.5,86.9,30.5,86.9,30.5,86.9,30.7,87.25999999999999,30.6,87.08000000000001,30.6,87.08000000000001,100.0
2026-08-29T00:30:27.396413+00:00,outside on top,902B6F7B-D0F4-EC70-1C01-8D7DE6A68397,-53,30.3,86.53999999999999,30.4,86.72,30.3,86.53999999999999,30.5,86.9,30.5,86.9,30.5,86.9,100.0
2026-08-29T00:30:29.403373+00:00,outside on top,902B6F7B-D0F4-EC70-1C01-8D7DE6A68397,-68,30.3,86.53999999999999,30.3,86.53999999999999,30.3,86.53999999999999,30.5,86.9,30.4,86.72,30.4,86.72,100.0
2026-08-29T00:30:31.412538+00:00,outside on top,902B6F7B-D0F4-EC70-1C01-8D7DE6A68397,-68,30.3,86.53999999999999,30.3,86.53999999999999,30.3,86.53999999999999,30.5,86.9,30.4,86.72,30.4,86.72,100.0
2026-08-29T00:30:33.422398+00:00,outside on top,902B6F7B-D0F4-EC70-1C01-8D7DE6A68397,-68,30.3,86.53999999999999,30.3,86.53999999999999,30.3,86.53999999999999,30.5,86.9,30.4,86.72,30.4,86.72,100.0
2026-08-29T00:30:35.435976+00:00,outside on top,902B6F7B-D0F4-EC70-1C01-8D7DE6A68397,-68,30.3,86.53999999999999,30.3,86.53999999999999,30.3,86.53999999999999,30.5,86.9,30.4,86.72,30.4,86.72,100.0
2026-08-29T00:30:37.444543+00:00,outside on top,902B6F7B-D0F4-EC70-1C01-8D7DE6A68397,-65,30.1,86.18,30.3,86.53999999999999,30.1,86.18,30.3,86.53999999999999,30.2,86.36,30.3,86.53999999999999,100.0
2026-08-29T00:30:39.459571+00:00,outside on top,902B6F7B-D0F4-EC70-1C01-8D7DE6A68397,-63,30.1,86.18,30.3,86.53999999999999,30.1,86.18,30.3,86.53999999999999,30.2,86.36,30.3,86.53999999999999,100.0
2026-08-29T00:30:41.470825+00:00,outside on top,902B6F7B-D0F4-EC70-1C01-8D7DE6A68397,-63,30.1,86.18,30.3,86.53999999999999,30.1,86.18,30.3,86.53999999999999,30.2,86.36,30.3,86.53999999999999,100.0
2026-08-29T00:30:43.479924+00:00,outside on top,902B6F7B-D0F4-EC70-1C01-8D7DE6A68397,-63,30.0,86.0,30.3,86.53999999999999,30.0,86.0,30.2,86.36,30.1,86.18,30.2,86.36,100.0
2026-08-29T00:30:45.488857+00:00,outside on top,902B6F7B-D0F4-EC70-1C01-8D7DE6A68397,-61,29.9,85.82,30.2,86.36,29.9,85.82,30.1,86.18,30.1,86.18,30.1,86.18,100.0
2026-08-29T00:30:47.503416+00:00,outside on top,902B6F7B-D0F4-EC70-1C01-8D7DE6A68397,-59,29.9,85.82,30.2,86.36,29.9,85.82,30.1,86.18,30.1,86.18,30.1,86.18,100.0
2026-08-29T00:30:49.513675+00:00,outside on top,902B6F7B-D0F4-EC70-1C01-8D7DE6A68397,-59,29.9,85.82,30.2,86.36,29.9,85.82,30.1,86.18,30.1,86.18,30.1,86.18,100.0
2026-08-29T00:30:51.521604+00:00,outside on top,902B6F7B-D0F4-EC70-1C01-8D7DE6A68397,-59,29.9,85.82,30.2,86.36,29.9,85.82,30.1,86.18,30.1,86.18,30.1,86.18,100.0
2026-08-29T00:30:53.531662+00:00,outside on top,902B6F7B-D0F4-EC70-1C01-8D7DE6A68397,-59,29.9,85.82,30.2,86.36,29.9,85.82,30.1,86.18,30.1,86.18,30.1,86.18,100.0
2026-08-29T00:30:55.536324+00:00,outside on top,902B6F7B-D0F4-EC70-1C01-8D7DE6A68397,-59,29.9,85.82,30.2,86.36,29.9,85.82,30.1,86.18,30.1,86.18,30.1,86.18,100.0
2026-08-29T00:30:57.564594+00:00,outside on top,902B6F7B-D0F4-EC70-1C01-8D7DE6A68397,-61,29.8,85.64,30.1,86.18,29.8,85.64,29.9,85.82,29.9,85.82,30.0,86.0,100.0
2026-08-29T00:30:59.582369+00:00,outside on top,902B6F7B-D0F4-EC70-1C01-8D7DE6A68397,-62,29.7,85.46000000000001,30.2,86.36,29.7,85.46000000000001,29.9,85.82,29.8,85.64,29.9,85.82,100.0
2026-08-29T00:31:01.598297+00:00,outside on top,902B6F7B-D0F4-EC70-1C01-8D7DE6A68397,-58,29.7,85.46000000000001,30.0,86.0,29.7,85.46000000000001,29.8,85.64,29.8,85.64,29.9,85.82,100.0
2026-08-29T00:31:03.606957+00:00,outside on top,902B6F7B-D0F4-EC70-1C01-8D7DE6A68397,-62,29.7,85.46000000000001,30.0,86.0,29.7,85.46000000000001,29.8,85.64,29.8,85.64,29.9,85.82,100.0
2026-08-29T00:31:05.617873+00:00,outside on top,902B6F7B-D0F4-EC70-1C01-8D7DE6A68397,-57,29.6,85.28,30.1,86.18,29.6,85.28,29.8,85.64,29.7,85.46000000000001,29.8,85.64,100.0
2026-08-29T00:31:07.628964+00:00,outside on top,902B6F7B-D0F4-EC70-1C01-8D7DE6A68397,-57,29.6,85.28,30.1,86.18,29.6,85.28,29.8,85.64,29.7,85.46000000000001,29.8,85.64,100.0
2026-08-29T00:31:09.646438+00:00,outside on top,902B6F7B-D0F4-EC70-1C01-8D7DE6A68397,-57,29.6,85.28,30.1,86.18,29.6,85.28,29.8,85.64,29.7,85.46000000000001,29.8,85.64,100.0
2026-08-29T00:31:11.654862+00:00,outside on top,902B6F7B-D0F4-EC70-1C01-8D7DE6A68397,-73,29.6,85.28,30.1,86.18,29.6,85.28,29.8,85.64,29.7,85.46000000000001,29.8,85.64,100.0
2026-08-29T00:31:13.665252+00:00,outside on top,902B6F7B-D0F4-EC70-1C01-8D7DE6A68397,-62,29.5,85.1,30.0,86.0,29.5,85.1,29.6,85.28,29.6,85.28,29.7,85.46000000000001,100.0
2026-08-29T00:31:15.678971+00:00,outside on top,902B6F7B-D0F4-EC70-1C01-8D7DE6A68397,-62,29.5,85.1,30.0,86.0,29.5,85.1,29.6,85.28,29.6,85.28,29.7,85.46000000000001,100.0
2026-08-29T00:31:17.686761+00:00,outside on top,902B6F7B-D0F4-EC70-1C01-8D7DE6A68397,-62,29.5,85.1,30.0,86.0,29.5,85.1,29.6,85.28,29.6,85.28,29.7,85.46000000000001,100.0
2026-08-29T00:31:19.696979+00:00,outside on top,902B6F7B-D0F4-EC70-1C01-8D7DE6A68397,-62,29.5,85.1,30.0,86.0,29.5,85.1,29.6,85.28,29.6,85.28,29.7,85.46000000000001,100.0
2026-08-29T00:31:21.713521+00:00,outside on top,902B6F7B-D0F4-EC70-1C01-8D7DE6A68397,-72,29.5,85.1,30.0,86.0,29.5,85.1,29.6,85.28,29.6,85.28,29.7,85.46000000000001,100.0
2026-08-29T00:31:23.720792+00:00,outside on top,902B6F7B-D0F4-EC70-1C01-8D7DE6A68397,-69,29.3,84.74000000000001,29.8,85.64,29.3,84.74000000000001,29.5,85.1,29.4,84.92,29.6,85.28,100.0
2026-08-29T00:31:25.730189+00:00,outside on top,902B6F7B-D0F4-EC70-1C01-8D7DE6A68397,-69,29.3,84.74000000000001,29.8,85.64,29.3,84.74000000000001,29.5,85.1,29.4,84.92,29.6,85.28,100.0
2026-08-29T00:31:27.737404+00:00,outside on top,902B6F7B-D0F4-EC70-1C01-8D7DE6A68397,-58,29.3,84.74000000000001,29.8,85.64,29.3,84.74000000000001,29.5,85.1,29.4,84.92,29.6,85.28,100.0
2026-08-29T00:31:29.747447+00:00,outside on top,902B6F7B-D0F4-EC70-1C01-8D7DE6A68397,-62,29.2,84.56,29.9,85.82,29.2,84.56,29.4,84.92,29.3,84.74000000000001,29.5,85.1,100.0
2026-08-29T00:31:31.754202+00:00,outside on top,902B6F7B-D0F4-EC70-1C01-8D7DE6A68397,-58,29.2,84.56,29.8,85.64,29.2,84.56,29.3,84.74000000000001,29.3,84.74000000000001,29.4,84.92,100.0
2026-08-29T00:31:33.764975+00:00,outside on top,902B6F7B-D0F4-EC70-1C01-8D7DE6A68397,-58,29.2,84.56,29.8,85.64,29.2,84.56,29.3,84.74000000000001,29.3,84.74000000000001,29.4,84.92,100.0
2026-08-29T00:31:35.776264+00:00,outside on top,902B6F7B-D0F4-EC70-1C01-8D7DE6A68397,-57,29.2,84.56,29.8,85.64,29.2,84.56,29.3,84.74000000000001,29.3,84.74000000000001,29.4,84.92,100.0
2026-08-29T00:31:37.784748+00:00,outside on top,902B6F7B-D0F4-EC70-1C01-8D7DE6A68397,-57,29.2,84.56,29.8,85.64,29.2,84.56,29.3,84.74000000000001,29.3,84.74000000000001,29.4,84.92,100.0
2026-08-29T00:31:39.797725+00:00,outside on top,902B6F7B-D0F4-EC70-1C01-8D7DE6A68397,-71,29.1,84.38,29.8,85.64,29.1,84.38,29.3,84.74000000000001,29.2,84.56,29.4,84.92,100.0
2026-08-29T00:31:41.804353+00:00,outside on top,902B6F7B-D0F4-EC70-1C01-8D7DE6A68397,-62,29.1,84.38,29.8,85.64,29.1,84.38,29.3,84.74000000000001,29.2,84.56,29.4,84.92,100.0
2026-08-29T00:31:43.815209+00:00,outside on top,902B6F7B-D0F4-EC70-1C01-8D7DE6A68397,-62,29.1,84.38,29.8,85.64,29.1,84.38,29.3,84.74000000000001,29.2,84.56,29.4,84.92,100.0
2026-08-29T00:31:45.823326+00:00,outside on top,902B6F7B-D0F4-EC70-1C01-8D7DE6A68397,-68,29.0,84.2,29.7,85.46000000000001,29.0,84.2,29.2,84.56,29.1,84.38,29.3,84.74000000000001,100.0
2026-08-29T00:31:47.871752+00:00,outside on top,902B6F7B-D0F4-EC70-1C01-8D7DE6A68397,-60,28.9,84.02,29.6,85.28,28.9,84.02,29.1,84.38,29.1,84.38,29.3,84.74000000000001,100.0
2026-08-29T00:31:49.885348+00:00,outside on top,902B6F7B-D0F4-EC70-1C01-8D7DE6A68397,-56,28.9,84.02,29.7,85.46000000000001,28.9,84.02,29.1,84.38,29.1,84.38,29.3,84.74000000000001,100.0
2026-08-29T00:31:51.897014+00:00,outside on top,902B6F7B-D0F4-EC70-1C01-8D7DE6A68397,-56,28.9,84.02,29.7,85.46000000000001,28.9,84.02,29.1,84.38,29.1,84.38,29.3,84.74000000000001,100.0
2026-08-29T00:31:53.902870+00:00,outside on top,902B6F7B-D0F4-EC70-1C01-8D7DE6A68397,-56,28.9,84.02,29.7,85.46000000000001,28.9,84.02,29.1,84.38,29.1,84.38,29.3,84.74000000000001,100.0
2026-08-29T00:31:55.919871+00:00,outside on top,902B6F7B-D0F4-EC70-1C01-8D7DE6A68397,-56,28.9,84.02,29.7,85.46000000000001,28.9,84.02,29.1,84.38,29.1,84.38,29.3,84.74000000000001,100.0
2026-08-29T00:31:57.932645+00:00,outside on top,902B6F7B-D0F4-EC70-1C01-8D7DE6A68397,-59,28.8,83.84,29.6,85.28,28.8,83.84,29.0,84.2,29.0,84.2,29.2,84.56,100.0
2026-08-29T00:31:59.935807+00:00,outside on top,902B6F7B-D0F4-EC70-1C01-8D7DE6A68397,-68,28.8,83.84,29.6,85.28,28.8,83.84,29.0,84.2,29.0,84.2,29.2,84.56,100.0
2026-08-29T00:32:01.947283+00:00,outside on top,902B6F7B-D0F4-EC70-1C01-8D7DE6A68397,-68,28.8,83.84,29.6,85.28,28.8,83.84,29.0,84.2,29.0,84.2,29.2,84.56,100.0
2026-08-29T00:32:03.956383+00:00,outside on top,902B6F7B-D0F4-EC70-1C01-8D7DE6A68397,-59,28.8,83.84,29.6,85.28,28.8,83.84,29.0,84.2,29.0,84.2,29.2,84.56,100.0
2026-08-29T00:32:05.967136+00:00,outside on top,902B6F7B-D0F4-EC70-1C01-8D7DE6A68397,-59,28.7,83.66,29.5,85.1,28.7,83.66,28.9,84.02,28.9,84.02,29.1,84.38,100.0
2026-08-29T00:32:07.981102+00:00,outside on top,902B6F7B-D0F4-EC70-1C01-8D7DE6A68397,-58,28.7,83.66,29.5,85.1,28.7,83.66,28.9,84.02,28.9,84.02,29.1,84.38,100.0
2026-08-29T00:32:10.015338+00:00,outside on top,902B6F7B-D0F4-EC70-1C01-8D7DE6A68397,-58,28.7,83.66,29.5,85.1,28.7,83.66,28.9,84.02,28.9,84.02,29.1,84.38,100.0
2026-08-29T00:32:12.024415+00:00,outside on top,902B6F7B-D0F4-EC70-1C01-8D7DE6A68397,-58,28.7,83.66,29.5,85.1,28.7,83.66,28.9,84.02,28.9,84.02,29.1,84.38,100.0
2026-08-29T00:32:14.038060+00:00,outside on top,902B6F7B-D0F4-EC70-1C01-8D7DE6A68397,-59,28.7,83.66,29.5,85.1,28.7,83.66,28.9,84.02,28.9,84.02,29.1,84.38,100.0
2026-08-29T00:32:16.053372+00:00,outside on top,902B6F7B-D0F4-EC70-1C01-8D7DE6A68397,-58,28.6,83.48,29.3,84.74000000000001,28.6,83.48,28.8,83.84,28.7,83.66,29.0,84.2,100.0
2026-08-29T00:32:18.068069+00:00,outside on top,902B6F7B-D0F4-EC70-1C01-8D7DE6A68397,-66,28.6,83.48,29.3,84.74000000000001,28.6,83.48,28.7,83.66,28.7,83.66,29.0,84.2,100.0
2026-08-29T00:32:20.075940+00:00,outside on top,902B6F7B-D0F4-EC70-1C01-8D7DE6A68397,-59,28.6,83.48,29.4,84.92,28.6,83.48,28.7,83.66,28.7,83.66,29.0,84.2,100.0
2026-08-29T00:32:22.085577+00:00,outside on top,902B6F7B-D0F4-EC70-1C01-8D7DE6A68397,-59,28.6,83.48,29.4,84.92,28.6,83.48,28.7,83.66,28.7,83.66,29.0,84.2,100.0
2026-08-29T00:32:24.090178+00:00,outside on top,902B6F7B-D0F4-EC70-1C01-8D7DE6A68397,-59,28.6,83.48,29.4,84.92,28.6,83.48,28.7,83.66,28.7,83.66,29.0,84.2,100.0
2026-08-29T00:32:26.096145+00:00,outside on top,902B6F7B-D0F4-EC70-1C01-8D7DE6A68397,-57,28.5,83.30000000000001,29.3,84.74000000000001,28.5,83.30000000000001,28.7,83.66,28.7,83.66,28.9,84.02,100.0
2026-08-29T00:32:28.103290+00:00,outside on top,902B6F7B-D0F4-EC70-1C01-8D7DE6A68397,-57,28.5,83.30000000000001,29.3,84.74000000000001,28.5,83.30000000000001,28.7,83.66,28.7,83.66,28.9,84.02,100.0
2026-08-29T00:32:30.110297+00:00,outside on top,902B6F7B-D0F4-EC70-1C01-8D7DE6A68397,-57,28.5,83.30000000000001,29.3,84.74000000000001,28.5,83.30000000000001,28.7,83.66,28.7,83.66,28.9,84.02,100.0
2026-08-29T00:32:32.123899+00:00,outside on top,902B6F7B-D0F4-EC70-1C01-8D7DE6A68397,-57,28.5,83.30000000000001,29.3,84.74000000000001,28.5,83.30000000000001,28.7,83.66,28.7,83.66,28.9,84.02,100.0
2026-08-29T00:32:34.135954+00:00,outside on top,902B6F7B-D0F4-EC70-1C01-8D7DE6A68397,-58,28.4,83.12,29.3,84.74000000000001,28.4,83.12,28.6,83.48,28.6,83.48,28.8,83.84,100.0
2026-08-29T00:32:36.147412+00:00,outside on top,902B6F7B-D0F4-EC70-1C01-8D7DE6A68397,-58,28.4,83.12,29.3,84.74000000000001,28.4,83.12,28.6,83.48,28.6,83.48,28.8,83.84,100.0
2026-08-29T00:32:38.161923+00:00,outside on top,902B6F7B-D0F4-EC70-1C01-8D7DE6A68397,-57,28.4,83.12,29.3,84.74000000000001,28.4,83.12,28.6,83.48,28.6,83.48,28.8,83.84,100.0
2026-08-29T00:32:40.170130+00:00,outside on top,902B6F7B-D0F4-EC70-1C01-8D7DE6A68397,-60,28.4,83.12,29.2,84.56,28.4,83.12,28.5,83.30000000000001,28.5,83.30000000000001,28.8,83.84,100.0
2026-08-29T00:32:42.180706+00:00,outside on top,902B6F7B-D0F4-EC70-1C01-8D7DE6A68397,-60,28.4,83.12,29.2,84.56,28.4,83.12,28.5,83.30000000000001,28.5,83.30000000000001,28.8,83.84,100.0
2026-08-29T00:32:44.190979+00:00,outside on top,902B6F7B-D0F4-EC70-1C01-8D7DE6A68397,-60,28.4,83.12,29.2,84.56,28.4,83.12,28.5,83.30000000000001,28.5,83.30000000000001,28.8,83.84,100.0
2026-08-29T00:32:46.200776+00:00,outside on top,902B6F7B-D0F4-EC70-1C01-8D7DE6A68397,-60,28.4,83.12,29.2,84.56,28.4,83.12,28.5,83.30000000000001,28.5,83.30000000000001,28.8,83.84,100.0
2026-08-29T00:32:48.216506+00:00,outside on top,902B6F7B-D0F4-EC70-1C01-8D7DE6A68397,-60,28.3,82.94,29.1,84.38,28.3,82.94,28.5,83.30000000000001,28.5,83.30000000000001,28.7,83.66,100.0
2026-08-29T00:32:50.227453+00:00,outside on top,902B6F7B-D0F4-EC70-1C01-8D7DE6A68397,-58,28.3,82.94,29.2,84.56,28.3,82.94,28.5,83.30000000000001,28.5,83.30000000000001,28.7,83.66,100.0
2026-08-29T00:32:52.242043+00:00,outside on top,902B6F7B-D0F4-EC70-1C01-8D7DE6A68397,-58,28.3,82.94,29.2,84.56,28.3,82.94,28.5,83.30000000000001,28.5,83.30000000000001,28.7,83.66,100.0
2026-08-29T00:32:54.251612+00:00,outside on top,902B6F7B-D0F4-EC70-1C01-8D7DE6A68397,-59,28.3,82.94,29.2,84.56,28.3,82.94,28.4,83.12,28.4,83.12,28.7,83.66,100.0
2026-08-29T00:32:56.386466+00:00,outside on top,902B6F7B-D0F4-EC70-1C01-8D7DE6A68397,-69,28.3,82.94,29.1,84.38,28.3,82.94,28.4,83.12,28.4,83.12,28.7,83.66,100.0
2026-08-29T00:32:58.410105+00:00,outside on top,902B6F7B-D0F4-EC70-1C01-8D7DE6A68397,-69,28.3,82.94,29.1,84.38,28.3,82.94,28.4,83.12,28.4,83.12,28.7,83.66,100.0
2026-08-29T00:33:00.422468+00:00,outside on top,902B6F7B-D0F4-EC70-1C01-8D7DE6A68397,-69,28.3,82.94,29.1,84.38,28.3,82.94,28.4,83.12,28.4,83.12,28.7,83.66,100.0
2026-08-29T00:33:02.432187+00:00,outside on top,902B6F7B-D0F4-EC70-1C01-8D7DE6A68397,-50,28.2,82.75999999999999,29.0,84.2,28.2,82.75999999999999,28.4,83.12,28.4,83.12,28.7,83.66,100.0
2026-08-29T00:33:04.440649+00:00,outside on top,902B6F7B-D0F4-EC70-1C01-8D7DE6A68397,-50,28.2,82.75999999999999,29.0,84.2,28.2,82.75999999999999,28.4,83.12,28.4,83.12,28.7,83.66,100.0
2026-08-29T00:33:06.453579+00:00,outside on top,902B6F7B-D0F4-EC70-1C01-8D7DE6A68397,-50,28.2,82.75999999999999,29.0,84.2,28.2,82.75999999999999,28.4,83.12,28.4,83.12,28.7,83.66,100.0
2026-08-29T00:33:08.463588+00:00,outside on top,902B6F7B-D0F4-EC70-1C01-8D7DE6A68397,-72,28.2,82.75999999999999,29.0,84.2,28.2,82.75999999999999,28.4,83.12,28.4,83.12,28.7,83.66,100.0
2026-08-29T00:33:10.471117+00:00,outside on top,902B6F7B-D0F4-EC70-1C01-8D7DE6A68397,-50,28.2,82.75999999999999,29.0,84.2,28.2,82.75999999999999,28.3,82.94,28.3,82.94,28.6,83.48,100.0
2026-08-29T00:33:12.480939+00:00,outside on top,902B6F7B-D0F4-EC70-1C01-8D7DE6A68397,-50,28.2,82.75999999999999,29.0,84.2,28.2,82.75999999999999,28.3,82.94,28.3,82.94,28.6,83.48,100.0
2026-08-29T00:33:14.488287+00:00,outside on top,902B6F7B-D0F4-EC70-1C01-8D7DE6A68397,-50,28.2,82.75999999999999,29.0,84.2,28.2,82.75999999999999,28.3,82.94,28.3,82.94,28.6,83.48,100.0
2026-08-29T00:33:16.498661+00:00,outside on top,902B6F7B-D0F4-EC70-1C01-8D7DE6A68397,-58,28.2,82.75999999999999,29.0,84.2,28.2,82.75999999999999,28.3,82.94,28.3,82.94,28.6,83.48,100.0
2026-08-29T00:33:18.506575+00:00,outside on top,902B6F7B-D0F4-EC70-1C01-8D7DE6A68397,-58,28.2,82.75999999999999,29.0,84.2,28.2,82.75999999999999,28.3,82.94,28.3,82.94,28.6,83.48,100.0
2026-08-29T00:33:20.517313+00:00,outside on top,902B6F7B-D0F4-EC70-1C01-8D7DE6A68397,-58,28.2,82.75999999999999,29.0,84.2,28.2,82.75999999999999,28.3,82.94,28.3,82.94,28.6,83.48,100.0
2026-08-29T00:33:22.526526+00:00,outside on top,902B6F7B-D0F4-EC70-1C01-8D7DE6A68397,-58,28.2,82.75999999999999,29.0,84.2,28.2,82.75999999999999,28.3,82.94,28.3,82.94,28.6,83.48,100.0
2026-08-29T00:33:24.534916+00:00,outside on top,902B6F7B-D0F4-EC70-1C01-8D7DE6A68397,-59,28.1,82.58000000000001,28.8,83.84,28.1,82.58000000000001,28.2,82.75999999999999,28.2,82.75999999999999,28.5,83.30000000000001,100.0
2026-08-29T00:33:26.546680+00:00,outside on top,902B6F7B-D0F4-EC70-1C01-8D7DE6A68397,-60,28.0,82.4,28.7,83.66,28.0,82.4,28.2,82.75999999999999,28.2,82.75999999999999,28.5,83.30000000000001,100.0
2026-08-29T00:33:28.567087+00:00,outside on top,902B6F7B-D0F4-EC70-1C01-8D7DE6A68397,-66,28.0,82.4,28.7,83.66,28.0,82.4,28.2,82.75999999999999,28.2,82.75999999999999,28.5,83.30000000000001,100.0
2026-08-29T00:33:30.585784+00:00,outside on top,902B6F7B-D0F4-EC70-1C01-8D7DE6A68397,-66,28.0,82.4,28.7,83.66,28.0,82.4,28.2,82.75999999999999,28.2,82.75999999999999,28.5,83.30000000000001,100.0
2026-08-29T00:33:32.597648+00:00,outside on top,902B6F7B-D0F4-EC70-1C01-8D7DE6A68397,-58,28.0,82.4,28.7,83.66,28.0,82.4,28.2,82.75999999999999,28.2,82.75999999999999,28.5,83.30000000000001,100.0
2026-08-29T00:33:34.606223+00:00,outside on top,902B6F7B-D0F4-EC70-1C01-8D7DE6A68397,-58,28.0,82.4,28.8,83.84,28.0,82.4,28.2,82.75999999999999,28.2,82.75999999999999,28.4,83.12,100.0
2026-08-29T00:33:36.613221+00:00,outside on top,902B6F7B-D0F4-EC70-1C01-8D7DE6A68397,-60,28.0,82.4,28.7,83.66,28.0,82.4,28.1,82.58000000000001,28.2,82.75999999999999,28.4,83.12,100.0
2026-08-29T00:33:38.620445+00:00,outside on top,902B6F7B-D0F4-EC70-1C01-8D7DE6A68397,-48,28.0,82.4,28.7,83.66,28.0,82.4,28.1,82.58000000000001,28.1,82.58000000000001,28.4,83.12,100.0
2026-08-29T00:33:40.628416+00:00,outside on top,902B6F7B-D0F4-EC70-1C01-8D7DE6A68397,-48,28.0,82.4,28.7,83.66,28.0,82.4,28.1,82.58000000000001,28.1,82.58000000000001,28.4,83.12,100.0
2026-08-29T00:33:42.636079+00:00,outside on top,902B6F7B-D0F4-EC70-1C01-8D7DE6A68397,-48,28.0,82.4,28.7,83.66,28.0,82.4,28.1,82.58000000000001,28.1,82.58000000000001,28.4,83.12,100.0
2026-08-29T00:33:44.647340+00:00,outside on top,902B6F7B-D0F4-EC70-1C01-8D7DE6A68397,-48,28.0,82.4,28.7,83.66,28.0,82.4,28.1,82.58000000000001,28.1,82.58000000000001,28.4,83.12,100.0
2026-08-29T00:33:46.654351+00:00,outside on top,902B6F7B-D0F4-EC70-1C01-8D7DE6A68397,-58,28.0,82.4,28.7,83.66,28.0,82.4,28.1,82.58000000000001,28.1,82.58000000000001,28.4,83.12,100.0
2026-08-29T00:33:48.665216+00:00,outside on top,902B6F7B-D0F4-EC70-1C01-8D7DE6A68397,-60,27.9,82.22,28.8,83.84,27.9,82.22,28.1,82.58000000000001,28.1,82.58000000000001,28.4,83.12,100.0
2026-08-29T00:33:50.668571+00:00,outside on top,902B6F7B-D0F4-EC70-1C01-8D7DE6A68397,-70,27.9,82.22,28.7,83.66,27.9,82.22,28.1,82.58000000000001,28.1,82.58000000000001,28.4,83.12,100.0
2026-08-29T00:33:52.682119+00:00,outside on top,902B6F7B-D0F4-EC70-1C01-8D7DE6A68397,-50,27.9,82.22,28.6,83.48,27.9,82.22,28.0,82.4,28.1,82.58000000000001,28.4,83.12,100.0
2026-08-29T00:33:54.689760+00:00,outside on top,902B6F7B-D0F4-EC70-1C01-8D7DE6A68397,-50,27.9,82.22,28.6,83.48,27.9,82.22,28.0,82.4,28.1,82.58000000000001,28.4,83.12,100.0
2026-08-29T00:33:56.700999+00:00,outside on top,902B6F7B-D0F4-EC70-1C01-8D7DE6A68397,-50,27.9,82.22,28.6,83.48,27.9,82.22,28.0,82.4,28.1,82.58000000000001,28.4,83.12,100.0
2026-08-29T00:33:58.709693+00:00,outside on top,902B6F7B-D0F4-EC70-1C01-8D7DE6A68397,-50,27.9,82.22,28.6,83.48,27.9,82.22,28.0,82.4,28.1,82.58000000000001,28.4,83.12,100.0
2026-08-29T00:34:00.714329+00:00,outside on top,902B6F7B-D0F4-EC70-1C01-8D7DE6A68397,-49,27.8,82.03999999999999,28.7,83.66,27.8,82.03999999999999,28.0,82.4,28.0,82.4,28.3,82.94,100.0
2026-08-29T00:34:02.722004+00:00,outside on top,902B6F7B-D0F4-EC70-1C01-8D7DE6A68397,-60,27.8,82.03999999999999,28.7,83.66,27.8,82.03999999999999,28.0,82.4,28.0,82.4,28.3,82.94,100.0
2026-08-29T00:34:04.732625+00:00,outside on top,902B6F7B-D0F4-EC70-1C01-8D7DE6A68397,-69,27.8,82.03999999999999,28.6,83.48,27.8,82.03999999999999,28.0,82.4,28.0,82.4,28.3,82.94,100.0
2026-08-29T00:34:06.740259+00:00,outside on top,902B6F7B-D0F4-EC70-1C01-8D7DE6A68397,-47,27.8,82.03999999999999,28.6,83.48,27.8,82.03999999999999,28.0,82.4,28.0,82.4,28.3,82.94,100.0
2026-08-29T00:34:08.750156+00:00,outside on top,902B6F7B-D0F4-EC70-1C01-8D7DE6A68397,-47,27.8,82.03999999999999,28.6,83.48,27.8,82.03999999999999,28.0,82.4,28.0,82.4,28.3,82.94,100.0
2026-08-29T00:34:10.757672+00:00,outside on top,902B6F7B-D0F4-EC70-1C01-8D7DE6A68397,-60,27.8,82.03999999999999,28.6,83.48,27.8,82.03999999999999,27.9,82.22,28.0,82.4,28.2,82.75999999999999,100.0
2026-08-29T00:34:12.774055+00:00,outside on top,902B6F7B-D0F4-EC70-1C01-8D7DE6A68397,-60,27.8,82.03999999999999,28.6,83.48,27.8,82.03999999999999,27.9,82.22,28.0,82.4,28.2,82.75999999999999,100.0
2026-08-29T00:34:14.796116+00:00,outside on top,902B6F7B-D0F4-EC70-1C01-8D7DE6A68397,127,27.8,82.03999999999999,28.6,83.48,27.8,82.03999999999999,27.9,82.22,28.0,82.4,28.2,82.75999999999999,100.0
2026-08-29T00:34:16.819806+00:00,outside on top,902B6F7B-D0F4-EC70-1C01-8D7DE6A68397,127,27.8,82.03999999999999,28.6,83.48,27.8,82.03999999999999,27.9,82.22,28.0,82.4,28.2,82.75999999999999,100.0
2026-08-29T00:34:18.831216+00:00,outside on top,902B6F7B-D0F4-EC70-1C01-8D7DE6A68397,-60,27.8,82.03999999999999,28.6,83.48,27.8,82.03999999999999,27.9,82.22,28.0,82.4,28.2,82.75999999999999,100.0
2026-08-29T00:34:20.842376+00:00,outside on top,902B6F7B-D0F4-EC70-1C01-8D7DE6A68397,-60,27.8,82.03999999999999,28.6,83.48,27.8,82.03999999999999,27.9,82.22,28.0,82.4,28.2,82.75999999999999,100.0
2026-08-29T00:34:22.853993+00:00,outside on top,902B6F7B-D0F4-EC70-1C01-8D7DE6A68397,-60,27.8,82.03999999999999,28.6,83.48,27.8,82.03999999999999,27.9,82.22,28.0,82.4,28.2,82.75999999999999,100.0
2026-08-29T00:34:24.872002+00:00,outside on top,902B6F7B-D0F4-EC70-1C01-8D7DE6A68397,-60,27.8,82.03999999999999,28.6,83.48,27.8,82.03999999999999,27.9,82.22,28.0,82.4,28.2,82.75999999999999,100.0
2026-08-29T00:34:26.885659+00:00,outside on top,902B6F7B-D0F4-EC70-1C01-8D7DE6A68397,-58,27.6,81.68,28.5,83.30000000000001,27.6,81.68,27.8,82.03999999999999,27.9,82.22,28.1,82.58000000000001,100.0
2026-08-29T00:34:28.900173+00:00,outside on top,902B6F7B-D0F4-EC70-1C01-8D7DE6A68397,-47,27.6,81.68,28.5,83.30000000000001,27.6,81.68,27.8,82.03999999999999,27.9,82.22,28.1,82.58000000000001,100.0
2026-08-29T00:34:30.913051+00:00,outside on top,902B6F7B-D0F4-EC70-1C01-8D7DE6A68397,-47,27.6,81.68,28.5,83.30000000000001,27.6,81.68,27.8,82.03999999999999,27.9,82.22,28.1,82.58000000000001,100.0
2026-08-29T00:34:32.921474+00:00,outside on top,902B6F7B-D0F4-EC70-1C01-8D7DE6A68397,-60,27.6,81.68,28.5,83.30000000000001,27.6,81.68,27.8,82.03999999999999,27.8,82.03999999999999,28.1,82.58000000000001,100.0
2026-08-29T00:34:34.932417+00:00,outside on top,902B6F7B-D0F4-EC70-1C01-8D7DE6A68397,-59,27.6,81.68,28.5,83.30000000000001,27.6,81.68,27.8,82.03999999999999,27.8,82.03999999999999,28.1,82.58000000000001,100.0
2026-08-29T00:34:36.938737+00:00,outside on top,902B6F7B-D0F4-EC70-1C01-8D7DE6A68397,-60,27.6,81.68,28.4,83.12,27.6,81.68,27.8,82.03999999999999,27.8,82.03999999999999,28.1,82.58000000000001,100.0
2026-08-29T00:34:38.943667+00:00,outside on top,902B6F7B-D0F4-EC70-1C01-8D7DE6A68397,-70,27.6,81.68,28.5,83.30000000000001,27.6,81.68,27.7,81.86,27.8,82.03999999999999,28.1,82.58000000000001,100.0
2026-08-29T00:34:40.980948+00:00,outside on top,902B6F7B-D0F4-EC70-1C01-8D7DE6A68397,-58,27.6,81.68,28.5,83.30000000000001,27.6,81.68,27.7,81.86,27.8,82.03999999999999,28.1,82.58000000000001,100.0
2026-08-29T00:34:42.988920+00:00,outside on top,902B6F7B-D0F4-EC70-1C01-8D7DE6A68397,-60,27.6,81.68,28.3,82.94,27.6,81.68,27.7,81.86,27.8,82.03999999999999,28.1,82.58000000000001,100.0
2026-08-29T00:34:45.000272+00:00,outside on top,902B6F7B-D0F4-EC70-1C01-8D7DE6A68397,-60,27.6,81.68,28.3,82.94,27.6,81.68,27.7,81.86,27.8,82.03999999999999,28.1,82.58000000000001,100.0
2026-08-29T00:34:47.017036+00:00,outside on top,902B6F7B-D0F4-EC70-1C01-8D7DE6A68397,-50,27.6,81.68,28.5,83.30000000000001,27.6,81.68,27.7,81.86,27.8,82.03999999999999,28.1,82.58000000000001,100.0
2026-08-29T00:34:49.033898+00:00,outside on top,902B6F7B-D0F4-EC70-1C01-8D7DE6A68397,-50,27.6,81.68,28.5,83.30000000000001,27.6,81.68,27.7,81.86,27.8,82.03999999999999,28.1,82.58000000000001,100.0
2026-08-29T00:34:51.045401+00:00,outside on top,902B6F7B-D0F4-EC70-1C01-8D7DE6A68397,-60,27.5,81.5,28.3,82.94,27.5,81.5,27.7,81.86,27.7,81.86,28.0,82.4,100.0
2026-08-29T00:34:53.053275+00:00,outside on top,902B6F7B-D0F4-EC70-1C01-8D7DE6A68397,-67,27.5,81.5,28.3,82.94,27.5,81.5,27.7,81.86,27.7,81.86,28.0,82.4,100.0
2026-08-29T00:34:55.067066+00:00,outside on top,902B6F7B-D0F4-EC70-1C01-8D7DE6A68397,-67,27.5,81.5,28.3,82.94,27.5,81.5,27.7,81.86,27.7,81.86,28.0,82.4,100.0
2026-08-29T00:34:57.075528+00:00,outside on top,902B6F7B-D0F4-EC70-1C01-8D7DE6A68397,-43,27.5,81.5,28.3,82.94,27.5,81.5,27.7,81.86,27.7,81.86,28.0,82.4,100.0
2026-08-29T00:34:59.085069+00:00,outside on top,902B6F7B-D0F4-EC70-1C01-8D7DE6A68397,-60,27.5,81.5,28.0,82.4,27.5,81.5,27.7,81.86,27.7,81.86,28.0,82.4,100.0
2026-08-29T00:35:01.096977+00:00,outside on top,902B6F7B-D0F4-EC70-1C01-8D7DE6A68397,-69,27.5,81.5,28.2,82.75999999999999,27.5,81.5,27.7,81.86,27.7,81.86,28.0,82.4,100.0
2026-08-29T00:35:03.104891+00:00,outside on top,902B6F7B-D0F4-EC70-1C01-8D7DE6A68397,-58,27.5,81.5,28.3,82.94,27.5,81.5,27.7,81.86,27.7,81.86,28.0,82.4,100.0
2026-08-29T00:35:05.115695+00:00,outside on top,902B6F7B-D0F4-EC70-1C01-8D7DE6A68397,-43,27.5,81.5,28.3,82.94,27.5,81.5,27.7,81.86,27.7,81.86,28.0,82.4,100.0
2026-08-29T00:35:07.124000+00:00,outside on top,902B6F7B-D0F4-EC70-1C01-8D7DE6A68397,-43,27.5,81.5,28.3,82.94,27.5,81.5,27.7,81.86,27.7,81.86,28.0,82.4,100.0
2026-08-29T00:35:09.134025+00:00,outside on top,902B6F7B-D0F4-EC70-1C01-8D7DE6A68397,-58,27.5,81.5,28.3,82.94,27.5,81.5,27.7,81.86,27.7,81.86,28.0,82.4,100.0
2026-08-29T00:35:11.138825+00:00,outside on top,902B6F7B-D0F4-EC70-1C01-8D7DE6A68397,-60,27.5,81.5,28.3,82.94,27.5,81.5,27.6,81.68,27.7,81.86,27.9,82.22,100.0
2026-08-29T00:35:13.149177+00:00,outside on top,902B6F7B-D0F4-EC70-1C01-8D7DE6A68397,-58,27.4,81.32,28.1,82.58000000000001,27.4,81.32,27.6,81.68,27.6,81.68,27.9,82.22,100.0
2026-08-29T00:35:15.179886+00:00,outside on top,902B6F7B-D0F4-EC70-1C01-8D7DE6A68397,-58,27.4,81.32,28.1,82.58000000000001,27.4,81.32,27.6,81.68,27.6,81.68,27.9,82.22,100.0
2026-08-29T00:35:17.189177+00:00,outside on top,902B6F7B-D0F4-EC70-1C01-8D7DE6A68397,-58,27.4,81.32,28.1,82.58000000000001,27.4,81.32,27.6,81.68,27.6,81.68,27.9,82.22,100.0
2026-08-29T00:35:19.198292+00:00,outside on top,902B6F7B-D0F4-EC70-1C01-8D7DE6A68397,-58,27.4,81.32,28.1,82.58000000000001,27.4,81.32,27.6,81.68,27.6,81.68,27.9,82.22,100.0
2026-08-29T00:35:21.206717+00:00,outside on top,902B6F7B-D0F4-EC70-1C01-8D7DE6A68397,-58,27.4,81.32,28.4,83.12,27.4,81.32,27.6,81.68,27.6,81.68,27.9,82.22,100.0
2026-08-29T00:35:23.220844+00:00,outside on top,902B6F7B-D0F4-EC70-1C01-8D7DE6A68397,-58,27.4,81.32,28.4,83.12,27.4,81.32,27.6,81.68,27.6,81.68,27.9,82.22,100.0
2026-08-29T00:35:25.228538+00:00,outside on top,902B6F7B-D0F4-EC70-1C01-8D7DE6A68397,-58,27.4,81.32,28.4,83.12,27.4,81.32,27.6,81.68,27.6,81.68,27.9,82.22,100.0
2026-08-29T00:35:27.241678+00:00,outside on top,902B6F7B-D0F4-EC70-1C01-8D7DE6A68397,-69,27.4,81.32,28.2,82.75999999999999,27.4,81.32,27.5,81.5,27.6,81.68,27.9,82.22,100.0
2026-08-29T00:35:29.253035+00:00,outside on top,902B6F7B-D0F4-EC70-1C01-8D7DE6A68397,-60,27.4,81.32,28.1,82.58000000000001,27.4,81.32,27.5,81.5,27.6,81.68,27.8,82.03999999999999,100.0
2026-08-29T00:35:31.262968+00:00,outside on top,902B6F7B-D0F4-EC70-1C01-8D7DE6A68397,-49,27.4,81.32,28.1,82.58000000000001,27.4,81.32,27.5,81.5,27.6,81.68,27.8,82.03999999999999,100.0
2026-08-29T00:35:33.271760+00:00,outside on top,902B6F7B-D0F4-EC70-1C01-8D7DE6A68397,-49,27.4,81.32,28.1,82.58000000000001,27.4,81.32,27.5,81.5,27.6,81.68,27.8,82.03999999999999,100.0
2026-08-29T00:35:35.280772+00:00,outside on top,902B6F7B-D0F4-EC70-1C01-8D7DE6A68397,-69,27.4,81.32,28.1,82.58000000000001,27.4,81.32,27.5,81.5,27.5,81.5,27.8,82.03999999999999,100.0
2026-08-29T00:35:37.289549+00:00,outside on top,902B6F7B-D0F4-EC70-1C01-8D7DE6A68397,-60,27.3,81.14,28.1,82.58000000000001,27.3,81.14,27.5,81.5,27.5,81.5,27.8,82.03999999999999,100.0
2026-08-29T00:35:39.298390+00:00,outside on top,902B6F7B-D0F4-EC70-1C01-8D7DE6A68397,-60,27.3,81.14,28.1,82.58000000000001,27.3,81.14,27.5,81.5,27.5,81.5,27.8,82.03999999999999,100.0
2026-08-29T00:35:41.301963+00:00,outside on top,902B6F7B-D0F4-EC70-1C01-8D7DE6A68397,-60,27.3,81.14,28.1,82.58000000000001,27.3,81.14,27.5,81.5,27.5,81.5,27.8,82.03999999999999,100.0
2026-08-29T00:35:43.312718+00:00,outside on top,902B6F7B-D0F4-EC70-1C01-8D7DE6A68397,-60,27.3,81.14,28.1,82.58000000000001,27.3,81.14,27.5,81.5,27.5,81.5,27.8,82.03999999999999,100.0
2026-08-29T00:35:45.323531+00:00,outside on top,902B6F7B-D0F4-EC70-1C01-8D7DE6A68397,-69,27.3,81.14,28.1,82.58000000000001,27.3,81.14,27.5,81.5,27.5,81.5,27.8,82.03999999999999,100.0
2026-08-29T00:35:47.333345+00:00,outside on top,902B6F7B-D0F4-EC70-1C01-8D7DE6A68397,-69,27.3,81.14,28.1,82.58000000000001,27.3,81.14,27.5,81.5,27.5,81.5,27.8,82.03999999999999,100.0
2026-08-29T00:35:49.344090+00:00,outside on top,902B6F7B-D0F4-EC70-1C01-8D7DE6A68397,-43,27.3,81.14,27.8,82.03999999999999,27.3,81.14,27.5,81.5,27.5,81.5,27.8,82.03999999999999,100.0
2026-08-29T00:35:51.350059+00:00,outside on top,902B6F7B-D0F4-EC70-1C01-8D7DE6A68397,-43,27.3,81.14,27.8,82.03999999999999,27.3,81.14,27.5,81.5,27.5,81.5,27.8,82.03999999999999,100.0
2026-08-29T00:35:53.357604+00:00,outside on top,902B6F7B-D0F4-EC70-1C01-8D7DE6A68397,-43,27.3,81.14,27.8,82.03999999999999,27.3,81.14,27.5,81.5,27.5,81.5,27.8,82.03999999999999,100.0
2026-08-29T00:35:55.370154+00:00,outside on top,902B6F7B-D0F4-EC70-1C01-8D7DE6A68397,-58,27.3,81.14,27.8,82.03999999999999,27.3,81.14,27.5,81.5,27.5,81.5,27.8,82.03999999999999,100.0
2026-08-29T00:35:57.378322+00:00,outside on top,902B6F7B-D0F4-EC70-1C01-8D7DE6A68397,-60,27.3,81.14,27.8,82.03999999999999,27.3,81.14,27.4,81.32,27.5,81.5,27.7,81.86,100.0
2026-08-29T00:35:59.386151+00:00,outside on top,902B6F7B-D0F4-EC70-1C01-8D7DE6A68397,-69,27.3,81.14,27.8,82.03999999999999,27.3,81.14,27.4,81.32,27.5,81.5,27.7,81.86,100.0
2026-08-29T00:36:01.398962+00:00,outside on top,902B6F7B-D0F4-EC70-1C01-8D7DE6A68397,-69,27.3,81.14,27.8,82.03999999999999,27.3,81.14,27.4,81.32,27.5,81.5,27.7,81.86,100.0
2026-08-29T00:36:03.406725+00:00,outside on top,902B6F7B-D0F4-EC70-1C01-8D7DE6A68397,-69,27.3,81.14,27.8,82.03999999999999,27.3,81.14,27.4,81.32,27.5,81.5,27.7,81.86,100.0
2026-08-29T00:36:05.416862+00:00,outside on top,902B6F7B-D0F4-EC70-1C01-8D7DE6A68397,-69,27.3,81.14,27.8,82.03999999999999,27.3,81.14,27.4,81.32,27.5,81.5,27.7,81.86,100.0
2026-08-29T00:36:07.425567+00:00,outside on top,902B6F7B-D0F4-EC70-1C01-8D7DE6A68397,-59,27.2,80.96000000000001,27.8,82.03999999999999,27.2,80.96000000000001,27.4,81.32,27.4,81.32,27.7,81.86,100.0
2026-08-29T00:36:09.434230+00:00,outside on top,902B6F7B-D0F4-EC70-1C01-8D7DE6A68397,-59,27.2,80.96000000000001,28.0,82.4,27.2,80.96000000000001,27.4,81.32,27.4,81.32,27.7,81.86,100.0
2026-08-29T00:36:11.440971+00:00,outside on top,902B6F7B-D0F4-EC70-1C01-8D7DE6A68397,-59,27.2,80.96000000000001,28.0,82.4,27.2,80.96000000000001,27.4,81.32,27.4,81.32,27.7,81.86,100.0
2026-08-29T00:36:13.450873+00:00,outside on top,902B6F7B-D0F4-EC70-1C01-8D7DE6A68397,-59,27.2,80.96000000000001,28.0,82.4,27.2,80.96000000000001,27.4,81.32,27.4,81.32,27.7,81.86,100.0
2026-08-29T00:36:15.456142+00:00,outside on top,902B6F7B-D0F4-EC70-1C01-8D7DE6A68397,-58,27.2,80.96000000000001,28.0,82.4,27.2,80.96000000000001,27.4,81.32,27.4,81.32,27.7,81.86,100.0
2026-08-29T00:36:17.465167+00:00,outside on top,902B6F7B-D0F4-EC70-1C01-8D7DE6A68397,-60,27.2,80.96000000000001,27.8,82.03999999999999,27.2,80.96000000000001,27.4,81.32,27.4,81.32,27.7,81.86,100.0
2026-08-29T00:36:19.482423+00:00,outside on top,902B6F7B-D0F4-EC70-1C01-8D7DE6A68397,127,27.2,80.96000000000001,27.8,82.03999999999999,27.2,80.96000000000001,27.4,81.32,27.4,81.32,27.7,81.86,100.0
2026-08-29T00:36:21.492151+00:00,outside on top,902B6F7B-D0F4-EC70-1C01-8D7DE6A68397,127,27.2,80.96000000000001,27.8,82.03999999999999,27.2,80.96000000000001,27.4,81.32,27.4,81.32,27.7,81.86,100.0
2026-08-29T00:36:23.501887+00:00,outside on top,902B6F7B-D0F4-EC70-1C01-8D7DE6A68397,-58,27.2,80.96000000000001,27.7,81.86,27.2,80.96000000000001,27.4,81.32,27.4,81.32,27.6,81.68,100.0
2026-08-29T00:36:25.517305+00:00,outside on top,902B6F7B-D0F4-EC70-1C01-8D7DE6A68397,-60,27.2,80.96000000000001,27.6,81.68,27.2,80.96000000000001,27.3,81.14,27.4,81.32,27.6,81.68,100.0
2026-08-29T00:36:27.532401+00:00,outside on top,902B6F7B-D0F4-EC70-1C01-8D7DE6A68397,-59,27.2,80.96000000000001,27.7,81.86,27.2,80.96000000000001,27.3,81.14,27.4,81.32,27.6,81.68,100.0
2026-08-29T00:36:29.541446+00:00,outside on top,902B6F7B-D0F4-EC70-1C01-8D7DE6A68397,-59,27.2,80.96000000000001,27.7,81.86,27.2,80.96000000000001,27.3,81.14,27.4,81.32,27.6,81.68,100.0
2026-08-29T00:36:31.553470+00:00,outside on top,902B6F7B-D0F4-EC70-1C01-8D7DE6A68397,-59,27.2,80.96000000000001,27.7,81.86,27.2,80.96000000000001,27.3,81.14,27.4,81.32,27.6,81.68,100.0
2026-08-29T00:36:33.565870+00:00,outside on top,902B6F7B-D0F4-EC70-1C01-8D7DE6A68397,-58,27.2,80.96000000000001,27.7,81.86,27.2,80.96000000000001,27.3,81.14,27.3,81.14,27.6,81.68,100.0
2026-08-29T00:36:35.572509+00:00,outside on top,902B6F7B-D0F4-EC70-1C01-8D7DE6A68397,-59,27.2,80.96000000000001,27.7,81.86,27.2,80.96000000000001,27.3,81.14,27.3,81.14,27.6,81.68,100.0
2026-08-29T00:36:37.584187+00:00,outside on top,902B6F7B-D0F4-EC70-1C01-8D7DE6A68397,-59,27.2,80.96000000000001,27.7,81.86,27.2,80.96000000000001,27.3,81.14,27.3,81.14,27.6,81.68,100.0
2026-08-29T00:36:39.597048+00:00,outside on top,902B6F7B-D0F4-EC70-1C01-8D7DE6A68397,-60,27.2,80.96000000000001,27.7,81.86,27.2,80.96000000000001,27.3,81.14,27.3,81.14,27.6,81.68,100.0
2026-08-29T00:36:41.606101+00:00,outside on top,902B6F7B-D0F4-EC70-1C01-8D7DE6A68397,-58,27.1,80.78,27.5,81.5,27.1,80.78,27.3,81.14,27.3,81.14,27.6,81.68,100.0
2026-08-29T00:36:43.616144+00:00,outside on top,902B6F7B-D0F4-EC70-1C01-8D7DE6A68397,-58,27.1,80.78,27.5,81.5,27.1,80.78,27.3,81.14,27.3,81.14,27.6,81.68,100.0
2026-08-29T00:36:45.699006+00:00,outside on top,902B6F7B-D0F4-EC70-1C01-8D7DE6A68397,-43,27.1,80.78,27.5,81.5,27.1,80.78,27.3,81.14,27.3,81.14,27.6,81.68,100.0
2026-08-29T00:36:47.709326+00:00,outside on top,902B6F7B-D0F4-EC70-1C01-8D7DE6A68397,-43,27.1,80.78,27.5,81.5,27.1,80.78,27.3,81.14,27.3,81.14,27.6,81.68,100.0
2026-08-29T00:36:49.719340+00:00,outside on top,902B6F7B-D0F4-EC70-1C01-8D7DE6A68397,-59,27.1,80.78,27.5,81.5,27.1,80.78,27.3,81.14,27.3,81.14,27.5,81.5,100.0
2026-08-29T00:36:51.740949+00:00,outside on top,902B6F7B-D0F4-EC70-1C01-8D7DE6A68397,-69,27.1,80.78,27.5,81.5,27.1,80.78,27.3,81.14,27.3,81.14,27.5,81.5,100.0
2026-08-29T00:36:53.759367+00:00,outside on top,902B6F7B-D0F4-EC70-1C01-8D7DE6A68397,-58,27.1,80.78,27.6,81.68,27.1,80.78,27.3,81.14,27.3,81.14,27.5,81.5,100.0
2026-08-29T00:36:55.770253+00:00,outside on top,902B6F7B-D0F4-EC70-1C01-8D7DE6A68397,-58,27.1,80.78,27.6,81.68,27.1,80.78,27.3,81.14,27.3,81.14,27.5,81.5,100.0
2026-08-29T00:36:57.781080+00:00,outside on top,902B6F7B-D0F4-EC70-1C01-8D7DE6A68397,-59,27.1,80.78,27.5,81.5,27.1,80.78,27.3,81.14,27.3,81.14,27.5,81.5,100.0
2026-08-29T00:36:59.787897+00:00,outside on top,902B6F7B-D0F4-EC70-1C01-8D7DE6A68397,-69,27.1,80.78,27.5,81.5,27.1,80.78,27.3,81.14,27.3,81.14,27.5,81.5,100.0
2026-08-29T00:37:01.799838+00:00,outside on top,902B6F7B-D0F4-EC70-1C01-8D7DE6A68397,-43,27.1,80.78,27.6,81.68,27.1,80.78,27.2,80.96000000000001,27.3,81.14,27.5,81.5,100.0
2026-08-29T00:37:03.809319+00:00,outside on top,902B6F7B-D0F4-EC70-1C01-8D7DE6A68397,-70,27.1,80.78,27.5,81.5,27.1,80.78,27.2,80.96000000000001,27.3,81.14,27.5,81.5,100.0
2026-08-29T00:37:05.819475+00:00,outside on top,902B6F7B-D0F4-EC70-1C01-8D7DE6A68397,-70,27.1,80.78,27.5,81.5,27.1,80.78,27.2,80.96000000000001,27.3,81.14,27.5,81.5,100.0
2026-08-29T00:37:07.831742+00:00,outside on top,902B6F7B-D0F4-EC70-1C01-8D7DE6A68397,-58,27.1,80.78,27.6,81.68,27.1,80.78,27.2,80.96000000000001,27.2,80.96000000000001,27.5,81.5,100.0
2026-08-29T00:37:09.839931+00:00,outside on top,902B6F7B-D0F4-EC70-1C01-8D7DE6A68397,-58,27.1,80.78,27.6,81.68,27.1,80.78,27.2,80.96000000000001,27.2,80.96000000000001,27.5,81.5,100.0
2026-08-29T00:37:11.846512+00:00,outside on top,902B6F7B-D0F4-EC70-1C01-8D7DE6A68397,-58,27.1,80.78,27.6,81.68,27.1,80.78,27.2,80.96000000000001,27.2,80.96000000000001,27.5,81.5,100.0
2026-08-29T00:37:13.854266+00:00,outside on top,902B6F7B-D0F4-EC70-1C01-8D7DE6A68397,-67,27.1,80.78,27.5,81.5,27.1,80.78,27.2,80.96000000000001,27.2,80.96000000000001,27.5,81.5,100.0
2026-08-29T00:37:15.865887+00:00,outside on top,902B6F7B-D0F4-EC70-1C01-8D7DE6A68397,-58,27.1,80.78,27.5,81.5,27.1,80.78,27.2,80.96000000000001,27.2,80.96000000000001,27.5,81.5,100.0
2026-08-29T00:37:17.872783+00:00,outside on top,902B6F7B-D0F4-EC70-1C01-8D7DE6A68397,-59,27.1,80.78,27.5,81.5,27.1,80.78,27.2,80.96000000000001,27.2,80.96000000000001,27.5,81.5,100.0
2026-08-29T00:37:19.885026+00:00,outside on top,902B6F7B-D0F4-EC70-1C01-8D7DE6A68397,127,27.1,80.78,27.5,81.5,27.1,80.78,27.2,80.96000000000001,27.2,80.96000000000001,27.5,81.5,100.0
2026-08-29T00:37:21.892516+00:00,outside on top,902B6F7B-D0F4-EC70-1C01-8D7DE6A68397,127,27.1,80.78,27.5,81.5,27.1,80.78,27.2,80.96000000000001,27.2,80.96000000000001,27.5,81.5,100.0
2026-08-29T00:37:23.907254+00:00,outside on top,902B6F7B-D0F4-EC70-1C01-8D7DE6A68397,-58,27.0,80.6,27.5,81.5,27.0,80.6,27.2,80.96000000000001,27.2,80.96000000000001,27.4,81.32,100.0
2026-08-29T00:37:25.918501+00:00,outside on top,902B6F7B-D0F4-EC70-1C01-8D7DE6A68397,-60,27.0,80.6,27.5,81.5,27.0,80.6,27.2,80.96000000000001,27.2,80.96000000000001,27.4,81.32,100.0
2026-08-29T00:37:27.932549+00:00,outside on top,902B6F7B-D0F4-EC70-1C01-8D7DE6A68397,-59,27.0,80.6,27.4,81.32,27.0,80.6,27.2,80.96000000000001,27.2,80.96000000000001,27.4,81.32,100.0
2026-08-29T00:37:29.957807+00:00,outside on top,902B6F7B-D0F4-EC70-1C01-8D7DE6A68397,-59,27.0,80.6,27.4,81.32,27.0,80.6,27.2,80.96000000000001,27.2,80.96000000000001,27.4,81.32,100.0
2026-08-29T00:37:31.969345+00:00,outside on top,902B6F7B-D0F4-EC70-1C01-8D7DE6A68397,-58,27.0,80.6,27.4,81.32,27.0,80.6,27.2,80.96000000000001,27.2,80.96000000000001,27.4,81.32,100.0
2026-08-29T00:37:33.977112+00:00,outside on top,902B6F7B-D0F4-EC70-1C01-8D7DE6A68397,-43,27.0,80.6,27.6,81.68,27.0,80.6,27.1,80.78,27.2,80.96000000000001,27.4,81.32,100.0
2026-08-29T00:37:35.985696+00:00,outside on top,902B6F7B-D0F4-EC70-1C01-8D7DE6A68397,-43,27.0,80.6,27.6,81.68,27.0,80.6,27.1,80.78,27.2,80.96000000000001,27.4,81.32,100.0
2026-08-29T00:37:38.006894+00:00,outside on top,902B6F7B-D0F4-EC70-1C01-8D7DE6A68397,-43,27.0,80.6,27.6,81.68,27.0,80.6,27.1,80.78,27.2,80.96000000000001,27.4,81.32,100.0
2026-08-29T00:37:40.015474+00:00,outside on top,902B6F7B-D0F4-EC70-1C01-8D7DE6A68397,-58,27.0,80.6,27.6,81.68,27.0,80.6,27.1,80.78,27.2,80.96000000000001,27.4,81.32,100.0
2026-08-29T00:37:42.026051+00:00,outside on top,902B6F7B-D0F4-EC70-1C01-8D7DE6A68397,-60,27.0,80.6,27.5,81.5,27.0,80.6,27.1,80.78,27.1,80.78,27.4,81.32,100.0
2026-08-29T00:37:44.039564+00:00,outside on top,902B6F7B-D0F4-EC70-1C01-8D7DE6A68397,-60,27.0,80.6,27.5,81.5,27.0,80.6,27.1,80.78,27.1,80.78,27.4,81.32,100.0
2026-08-29T00:37:46.049999+00:00,outside on top,902B6F7B-D0F4-EC70-1C01-8D7DE6A68397,-69,27.0,80.6,27.3,81.14,27.0,80.6,27.1,80.78,27.1,80.78,27.4,81.32,100.0
2026-08-29T00:37:48.058758+00:00,outside on top,902B6F7B-D0F4-EC70-1C01-8D7DE6A68397,-66,27.0,80.6,27.4,81.32,27.0,80.6,27.1,80.78,27.1,80.78,27.4,81.32,100.0
2026-08-29T00:37:50.069155+00:00,outside on top,902B6F7B-D0F4-EC70-1C01-8D7DE6A68397,-58,27.0,80.6,27.4,81.32,27.0,80.6,27.1,80.78,27.1,80.78,27.4,81.32,100.0
2026-08-29T00:37:52.080621+00:00,outside on top,902B6F7B-D0F4-EC70-1C01-8D7DE6A68397,-69,27.0,80.6,27.4,81.32,27.0,80.6,27.1,80.78,27.1,80.78,27.4,81.32,100.0
2026-08-29T00:37:54.089211+00:00,outside on top,902B6F7B-D0F4-EC70-1C01-8D7DE6A68397,-58,26.9,80.42,27.3,81.14,26.9,80.42,27.1,80.78,27.1,80.78,27.4,81.32,100.0
2026-08-29T00:37:56.100796+00:00,outside on top,902B6F7B-D0F4-EC70-1C01-8D7DE6A68397,-58,26.9,80.42,27.3,81.14,26.9,80.42,27.1,80.78,27.1,80.78,27.4,81.32,100.0
2026-08-29T00:37:58.111557+00:00,outside on top,902B6F7B-D0F4-EC70-1C01-8D7DE6A68397,-58,26.9,80.42,27.5,81.5,26.9,80.42,27.1,80.78,27.1,80.78,27.3,81.14,100.0
2026-08-29T00:38:00.125017+00:00,outside on top,902B6F7B-D0F4-EC70-1C01-8D7DE6A68397,-58,26.9,80.42,27.5,81.5,26.9,80.42,27.1,80.78,27.1,80.78,27.3,81.14,100.0
2026-08-29T00:38:02.143633+00:00,outside on top,902B6F7B-D0F4-EC70-1C01-8D7DE6A68397,-47,26.9,80.42,27.4,81.32,26.9,80.42,27.1,80.78,27.1,80.78,27.3,81.14,100.0
2026-08-29T00:38:04.153115+00:00,outside on top,902B6F7B-D0F4-EC70-1C01-8D7DE6A68397,-47,26.9,80.42,27.4,81.32,26.9,80.42,27.1,80.78,27.1,80.78,27.3,81.14,100.0
2026-08-29T00:38:06.169090+00:00,outside on top,902B6F7B-D0F4-EC70-1C01-8D7DE6A68397,-58,26.9,80.42,27.4,81.32,26.9,80.42,27.1,80.78,27.1,80.78,27.3,81.14,100.0
2026-08-29T00:38:08.180348+00:00,outside on top,902B6F7B-D0F4-EC70-1C01-8D7DE6A68397,-60,26.9,80.42,27.3,81.14,26.9,80.42,27.1,80.78,27.1,80.78,27.3,81.14,100.0
2026-08-29T00:38:10.190374+00:00,outside on top,902B6F7B-D0F4-EC70-1C01-8D7DE6A68397,-59,26.9,80.42,27.2,80.96000000000001,26.9,80.42,27.1,80.78,27.1,80.78,27.3,81.14,100.0
2026-08-29T00:38:12.203782+00:00,outside on top,902B6F7B-D0F4-EC70-1C01-8D7DE6A68397,-50,26.9,80.42,27.2,80.96000000000001,26.9,80.42,27.1,80.78,27.1,80.78,27.3,81.14,100.0
2026-08-29T00:38:14.210028+00:00,outside on top,902B6F7B-D0F4-EC70-1C01-8D7DE6A68397,-50,26.9,80.42,27.2,80.96000000000001,26.9,80.42,27.1,80.78,27.1,80.78,27.3,81.14,100.0
2026-08-29T00:38:16.220158+00:00,outside on top,902B6F7B-D0F4-EC70-1C01-8D7DE6A68397,-69,26.9,80.42,27.3,81.14,26.9,80.42,27.0,80.6,27.1,80.78,27.3,81.14,100.0
2026-08-29T00:38:18.232471+00:00,outside on top,902B6F7B-D0F4-EC70-1C01-8D7DE6A68397,-60,26.9,80.42,27.3,81.14,26.9,80.42,27.0,80.6,27.1,80.78,27.3,81.14,100.0
2026-08-29T00:38:20.247197+00:00,outside on top,902B6F7B-D0F4-EC70-1C01-8D7DE6A68397,-69,26.9,80.42,27.3,81.14,26.9,80.42,27.0,80.6,27.1,80.78,27.3,81.14,100.0
2026-08-29T00:38:22.257346+00:00,outside on top,902B6F7B-D0F4-EC70-1C01-8D7DE6A68397,-69,26.9,80.42,27.3,81.14,26.9,80.42,27.0,80.6,27.1,80.78,27.3,81.14,100.0
2026-08-29T00:38:24.267773+00:00,outside on top,902B6F7B-D0F4-EC70-1C01-8D7DE6A68397,-69,26.9,80.42,27.3,81.14,26.9,80.42,27.0,80.6,27.1,80.78,27.3,81.14,100.0
2026-08-29T00:38:26.277090+00:00,outside on top,902B6F7B-D0F4-EC70-1C01-8D7DE6A68397,-58,26.9,80.42,27.2,80.96000000000001,26.9,80.42,27.0,80.6,27.0,80.6,27.3,81.14,100.0
2026-08-29T00:38:28.289068+00:00,outside on top,902B6F7B-D0F4-EC70-1C01-8D7DE6A68397,-43,26.9,80.42,27.2,80.96000000000001,26.9,80.42,27.0,80.6,27.0,80.6,27.3,81.14,100.0
2026-08-29T00:38:30.298024+00:00,outside on top,902B6F7B-D0F4-EC70-1C01-8D7DE6A68397,-59,26.9,80.42,27.3,81.14,26.9,80.42,27.0,80.6,27.0,80.6,27.3,81.14,100.0
2026-08-29T00:38:32.307923+00:00,outside on top,902B6F7B-D0F4-EC70-1C01-8D7DE6A68397,-59,26.9,80.42,27.3,81.14,26.9,80.42,27.0,80.6,27.0,80.6,27.3,81.14,100.0
2026-08-29T00:38:34.321808+00:00,outside on top,902B6F7B-D0F4-EC70-1C01-8D7DE6A68397,-59,26.9,80.42,27.3,81.14,26.9,80.42,27.0,80.6,27.0,80.6,27.3,81.14,100.0
2026-08-29T00:38:36.335347+00:00,outside on top,902B6F7B-D0F4-EC70-1C01-8D7DE6A68397,-60,26.8,80.24000000000001,27.3,81.14,26.8,80.24000000000001,27.0,80.6,27.0,80.6,27.2,80.96000000000001,100.0
2026-08-29T00:38:38.345112+00:00,outside on top,902B6F7B-D0F4-EC70-1C01-8D7DE6A68397,-60,26.8,80.24000000000001,27.1,80.78,26.8,80.24000000000001,27.0,80.6,27.0,80.6,27.2,80.96000000000001,100.0
2026-08-29T00:38:40.353260+00:00,outside on top,902B6F7B-D0F4-EC70-1C01-8D7DE6A68397,-60,26.8,80.24000000000001,27.1,80.78,26.8,80.24000000000001,27.0,80.6,27.0,80.6,27.2,80.96000000000001,100.0
2026-08-29T00:38:42.361341+00:00,outside on top,902B6F7B-D0F4-EC70-1C01-8D7DE6A68397,-58,26.8,80.24000000000001,27.4,81.32,26.8,80.24000000000001,27.0,80.6,27.0,80.6,27.2,80.96000000000001,100.0
2026-08-29T00:38:44.369237+00:00,outside on top,902B6F7B-D0F4-EC70-1C01-8D7DE6A68397,-58,26.8,80.24000000000001,27.3,81.14,26.8,80.24000000000001,27.0,80.6,27.0,80.6,27.2,80.96000000000001,100.0
2026-08-29T00:38:46.377074+00:00,outside on top,902B6F7B-D0F4-EC70-1C01-8D7DE6A68397,-58,26.8,80.24000000000001,27.3,81.14,26.8,80.24000000000001,27.0,80.6,27.0,80.6,27.2,80.96000000000001,100.0
2026-08-29T00:38:48.391636+00:00,outside on top,902B6F7B-D0F4-EC70-1C01-8D7DE6A68397,-58,26.8,80.24000000000001,27.3,81.14,26.8,80.24000000000001,27.0,80.6,27.0,80.6,27.2,80.96000000000001,100.0
2026-08-29T00:38:50.403550+00:00,outside on top,902B6F7B-D0F4-EC70-1C01-8D7DE6A68397,-59,26.8,80.24000000000001,27.2,80.96000000000001,26.8,80.24000000000001,27.0,80.6,27.0,80.6,27.2,80.96000000000001,100.0
2026-08-29T00:38:52.410842+00:00,outside on top,902B6F7B-D0F4-EC70-1C01-8D7DE6A68397,-58,26.8,80.24000000000001,27.2,80.96000000000001,26.8,80.24000000000001,27.0,80.6,27.0,80.6,27.2,80.96000000000001,100.0
2026-08-29T00:38:54.419380+00:00,outside on top,902B6F7B-D0F4-EC70-1C01-8D7DE6A68397,-58,26.8,80.24000000000001,27.1,80.78,26.8,80.24000000000001,27.0,80.6,27.0,80.6,27.2,80.96000000000001,100.0
2026-08-29T00:38:56.437510+00:00,outside on top,902B6F7B-D0F4-EC70-1C01-8D7DE6A68397,-43,26.8,80.24000000000001,27.4,81.32,26.8,80.24000000000001,27.0,80.6,27.0,80.6,27.2,80.96000000000001,100.0
2026-08-29T00:38:58.455524+00:00,outside on top,902B6F7B-D0F4-EC70-1C01-8D7DE6A68397,-43,26.8,80.24000000000001,27.4,81.32,26.8,80.24000000000001,27.0,80.6,27.0,80.6,27.2,80.96000000000001,100.0
2026-08-29T00:39:00.466982+00:00,outside on top,902B6F7B-D0F4-EC70-1C01-8D7DE6A68397,-59,26.8,80.24000000000001,27.2,80.96000000000001,26.8,80.24000000000001,27.0,80.6,27.0,80.6,27.2,80.96000000000001,100.0
2026-08-29T00:39:02.474320+00:00,outside on top,902B6F7B-D0F4-EC70-1C01-8D7DE6A68397,-58,26.8,80.24000000000001,27.1,80.78,26.8,80.24000000000001,26.9,80.42,27.0,80.6,27.2,80.96000000000001,100.0
2026-08-29T00:39:04.482011+00:00,outside on top,902B6F7B-D0F4-EC70-1C01-8D7DE6A68397,-58,26.8,80.24000000000001,27.1,80.78,26.8,80.24000000000001,26.9,80.42,27.0,80.6,27.2,80.96000000000001,100.0
2026-08-29T00:39:06.490969+00:00,outside on top,902B6F7B-D0F4-EC70-1C01-8D7DE6A68397,-58,26.8,80.24000000000001,27.1,80.78,26.8,80.24000000000001,26.9,80.42,27.0,80.6,27.2,80.96000000000001,100.0
2026-08-29T00:39:08.497726+00:00,outside on top,902B6F7B-D0F4-EC70-1C01-8D7DE6A68397,-58,26.8,80.24000000000001,27.1,80.78,26.8,80.24000000000001,26.9,80.42,27.0,80.6,27.2,80.96000000000001,100.0
2026-08-29T00:39:10.506599+00:00,outside on top,902B6F7B-D0F4-EC70-1C01-8D7DE6A68397,-58,26.8,80.24000000000001,27.1,80.78,26.8,80.24000000000001,26.9,80.42,26.9,80.42,27.2,80.96000000000001,100.0
2026-08-29T00:39:12.523540+00:00,outside on top,902B6F7B-D0F4-EC70-1C01-8D7DE6A68397,-58,26.8,80.24000000000001,27.1,80.78,26.8,80.24000000000001,26.9,80.42,26.9,80.42,27.2,80.96000000000001,100.0
2026-08-29T00:39:14.534219+00:00,outside on top,902B6F7B-D0F4-EC70-1C01-8D7DE6A68397,-68,26.8,80.24000000000001,27.2,80.96000000000001,26.8,80.24000000000001,26.9,80.42,26.9,80.42,27.2,80.96000000000001,100.0
2026-08-29T00:39:16.542999+00:00,outside on top,902B6F7B-D0F4-EC70-1C01-8D7DE6A68397,-69,26.8,80.24000000000001,27.2,80.96000000000001,26.8,80.24000000000001,26.9,80.42,26.9,80.42,27.2,80.96000000000001,100.0
2026-08-29T00:39:18.553051+00:00,outside on top,902B6F7B-D0F4-EC70-1C01-8D7DE6A68397,-69,26.8,80.24000000000001,27.2,80.96000000000001,26.8,80.24000000000001,26.9,80.42,26.9,80.42,27.2,80.96000000000001,100.0
2026-08-29T00:39:20.564814+00:00,outside on top,902B6F7B-D0F4-EC70-1C01-8D7DE6A68397,-69,26.8,80.24000000000001,27.2,80.96000000000001,26.8,80.24000000000001,26.9,80.42,26.9,80.42,27.2,80.96000000000001,100.0
2026-08-29T00:39:22.572377+00:00,outside on top,902B6F7B-D0F4-EC70-1C01-8D7DE6A68397,-59,26.8,80.24000000000001,27.0,80.6,26.8,80.24000000000001,26.9,80.42,26.9,80.42,27.1,80.78,100.0
2026-08-29T00:39:24.583056+00:00,outside on top,902B6F7B-D0F4-EC70-1C01-8D7DE6A68397,-59,26.8,80.24000000000001,27.0,80.6,26.8,80.24000000000001,26.9,80.42,26.9,80.42,27.1,80.78,100.0
2026-08-29T00:39:26.593976+00:00,outside on top,902B6F7B-D0F4-EC70-1C01-8D7DE6A68397,-47,26.8,80.24000000000001,27.1,80.78,26.8,80.24000000000001,26.9,80.42,26.9,80.42,27.1,80.78,100.0
2026-08-29T00:39:28.603222+00:00,outside on top,902B6F7B-D0F4-EC70-1C01-8D7DE6A68397,-47,26.8,80.24000000000001,27.1,80.78,26.8,80.24000000000001,26.9,80.42,26.9,80.42,27.1,80.78,100.0
2026-08-29T00:39:30.622613+00:00,outside on top,902B6F7B-D0F4-EC70-1C01-8D7DE6A68397,-47,26.8,80.24000000000001,27.1,80.78,26.8,80.24000000000001,26.9,80.42,26.9,80.42,27.1,80.78,100.0
2026-08-29T00:39:32.633595+00:00,outside on top,902B6F7B-D0F4-EC70-1C01-8D7DE6A68397,-60,26.8,80.24000000000001,27.1,80.78,26.8,80.24000000000001,26.9,80.42,26.9,80.42,27.1,80.78,100.0
2026-08-29T00:39:34.641493+00:00,outside on top,902B6F7B-D0F4-EC70-1C01-8D7DE6A68397,-69,26.8,80.24000000000001,27.0,80.6,26.8,80.24000000000001,26.9,80.42,26.9,80.42,27.1,80.78,100.0
2026-08-29T00:39:36.654722+00:00,outside on top,902B6F7B-D0F4-EC70-1C01-8D7DE6A68397,-69,26.8,80.24000000000001,27.0,80.6,26.8,80.24000000000001,26.9,80.42,26.9,80.42,27.1,80.78,100.0
2026-08-29T00:39:38.670010+00:00,outside on top,902B6F7B-D0F4-EC70-1C01-8D7DE6A68397,-69,26.8,80.24000000000001,27.0,80.6,26.8,80.24000000000001,26.9,80.42,26.9,80.42,27.1,80.78,100.0
2026-08-29T00:39:40.681319+00:00,outside on top,902B6F7B-D0F4-EC70-1C01-8D7DE6A68397,-68,26.8,80.24000000000001,27.0,80.6,26.8,80.24000000000001,26.9,80.42,26.9,80.42,27.1,80.78,100.0
2026-08-29T00:39:42.691454+00:00,outside on top,902B6F7B-D0F4-EC70-1C01-8D7DE6A68397,-68,26.8,80.24000000000001,27.0,80.6,26.8,80.24000000000001,26.9,80.42,26.9,80.42,27.1,80.78,100.0
2026-08-29T00:39:44.708779+00:00,outside on top,902B6F7B-D0F4-EC70-1C01-8D7DE6A68397,-68,26.8,80.24000000000001,27.0,80.6,26.8,80.24000000000001,26.9,80.42,26.9,80.42,27.1,80.78,100.0
2026-08-29T00:39:46.729537+00:00,outside on top,902B6F7B-D0F4-EC70-1C01-8D7DE6A68397,-58,26.7,80.06,27.0,80.6,26.7,80.06,26.9,80.42,26.9,80.42,27.1,80.78,100.0
2026-08-29T00:39:48.735599+00:00,outside on top,902B6F7B-D0F4-EC70-1C01-8D7DE6A68397,-68,26.7,80.06,27.2,80.96000000000001,26.7,80.06,26.9,80.42,26.9,80.42,27.1,80.78,100.0
2026-08-29T00:39:50.744011+00:00,outside on top,902B6F7B-D0F4-EC70-1C01-8D7DE6A68397,127,26.7,80.06,27.0,80.6,26.7,80.06,26.9,80.42,26.9,80.42,27.1,80.78,100.0
2026-08-29T00:39:52.750680+00:00,outside on top,902B6F7B-D0F4-EC70-1C01-8D7DE6A68397,127,26.7,80.06,27.0,80.6,26.7,80.06,26.9,80.42,26.9,80.42,27.1,80.78,100.0
2026-08-29T00:39:54.758464+00:00,outside on top,902B6F7B-D0F4-EC70-1C01-8D7DE6A68397,-58,26.7,80.06,27.0,80.6,26.7,80.06,26.9,80.42,26.9,80.42,27.1,80.78,100.0
2026-08-29T00:39:56.783540+00:00,outside on top,902B6F7B-D0F4-EC70-1C01-8D7DE6A68397,-60,26.7,80.06,27.1,80.78,26.7,80.06,26.9,80.42,26.9,80.42,27.1,80.78,100.0
2026-08-29T00:39:58.786429+00:00,outside on top,902B6F7B-D0F4-EC70-1C01-8D7DE6A68397,-60,26.7,80.06,27.1,80.78,26.7,80.06,26.9,80.42,26.9,80.42,27.1,80.78,100.0
2026-08-29T00:40:00.803771+00:00,outside on top,902B6F7B-D0F4-EC70-1C01-8D7DE6A68397,-69,26.7,80.06,27.0,80.6,26.7,80.06,26.9,80.42,26.9,80.42,27.1,80.78,100.0
2026-08-29T00:40:02.810667+00:00,outside on top,902B6F7B-D0F4-EC70-1C01-8D7DE6A68397,-69,26.7,80.06,27.0,80.6,26.7,80.06,26.9,80.42,26.9,80.42,27.1,80.78,100.0
2026-08-29T00:40:04.832314+00:00,outside on top,902B6F7B-D0F4-EC70-1C01-8D7DE6A68397,-69,26.7,80.06,27.0,80.6,26.7,80.06,26.9,80.42,26.9,80.42,27.1,80.78,100.0
2026-08-29T00:40:06.851036+00:00,outside on top,902B6F7B-D0F4-EC70-1C01-8D7DE6A68397,-60,26.7,80.06,27.0,80.6,26.7,80.06,26.8,80.24000000000001,26.8,80.24000000000001,27.0,80.6,100.0
2026-08-29T00:40:08.857918+00:00,outside on top,902B6F7B-D0F4-EC70-1C01-8D7DE6A68397,-67,26.7,80.06,27.0,80.6,26.7,80.06,26.8,80.24000000000001,26.8,80.24000000000001,27.0,80.6,100.0
2026-08-29T00:40:10.868542+00:00,outside on top,902B6F7B-D0F4-EC70-1C01-8D7DE6A68397,-67,26.7,80.06,27.0,80.6,26.7,80.06,26.8,80.24000000000001,26.8,80.24000000000001,27.0,80.6,100.0
2026-08-29T00:40:12.874772+00:00,outside on top,902B6F7B-D0F4-EC70-1C01-8D7DE6A68397,-58,26.7,80.06,27.0,80.6,26.7,80.06,26.8,80.24000000000001,26.8,80.24000000000001,27.0,80.6,100.0
2026-08-29T00:40:14.884071+00:00,outside on top,902B6F7B-D0F4-EC70-1C01-8D7DE6A68397,-58,26.7,80.06,27.0,80.6,26.7,80.06,26.8,80.24000000000001,26.8,80.24000000000001,27.0,80.6,100.0
2026-08-29T00:40:16.887919+00:00,outside on top,902B6F7B-D0F4-EC70-1C01-8D7DE6A68397,-69,26.7,80.06,27.0,80.6,26.7,80.06,26.8,80.24000000000001,26.8,80.24000000000001,27.0,80.6,100.0
2026-08-29T00:40:18.899546+00:00,outside on top,902B6F7B-D0F4-EC70-1C01-8D7DE6A68397,-69,26.7,80.06,26.9,80.42,26.7,80.06,26.8,80.24000000000001,26.8,80.24000000000001,27.0,80.6,100.0
2026-08-29T00:40:20.904922+00:00,outside on top,902B6F7B-D0F4-EC70-1C01-8D7DE6A68397,-59,26.7,80.06,26.9,80.42,26.7,80.06,26.8,80.24000000000001,26.8,80.24000000000001,27.0,80.6,100.0
2026-08-29T00:40:22.912211+00:00,outside on top,902B6F7B-D0F4-EC70-1C01-8D7DE6A68397,-59,26.7,80.06,26.9,80.42,26.7,80.06,26.8,80.24000000000001,26.8,80.24000000000001,27.0,80.6,100.0
2026-08-29T00:40:24.916473+00:00,outside on top,902B6F7B-D0F4-EC70-1C01-8D7DE6A68397,-58,26.7,80.06,27.1,80.78,26.7,80.06,26.8,80.24000000000001,26.8,80.24000000000001,27.0,80.6,100.0
2026-08-29T00:40:26.921956+00:00,outside on top,902B6F7B-D0F4-EC70-1C01-8D7DE6A68397,-43,26.7,80.06,26.9,80.42,26.7,80.06,26.8,80.24000000000001,26.8,80.24000000000001,27.0,80.6,100.0
2026-08-29T00:40:28.932117+00:00,outside on top,902B6F7B-D0F4-EC70-1C01-8D7DE6A68397,-43,26.7,80.06,26.9,80.42,26.7,80.06,26.8,80.24000000000001,26.8,80.24000000000001,27.0,80.6,100.0
2026-08-29T00:40:30.941649+00:00,outside on top,902B6F7B-D0F4-EC70-1C01-8D7DE6A68397,-69,26.7,80.06,27.0,80.6,26.7,80.06,26.8,80.24000000000001,26.8,80.24000000000001,27.0,80.6,100.0
2026-08-29T00:40:32.947576+00:00,outside on top,902B6F7B-D0F4-EC70-1C01-8D7DE6A68397,-58,26.7,80.06,27.0,80.6,26.7,80.06,26.8,80.24000000000001,26.8,80.24000000000001,27.0,80.6,100.0
2026-08-29T00:40:34.952797+00:00,outside on top,902B6F7B-D0F4-EC70-1C01-8D7DE6A68397,-59,26.7,80.06,27.0,80.6,26.7,80.06,26.8,80.24000000000001,26.8,80.24000000000001,27.0,80.6,100.0
2026-08-29T00:40:36.957892+00:00,outside on top,902B6F7B-D0F4-EC70-1C01-8D7DE6A68397,-59,26.7,80.06,27.0,80.6,26.7,80.06,26.8,80.24000000000001,26.8,80.24000000000001,27.0,80.6,100.0
2026-08-29T00:40:38.970261+00:00,outside on top,902B6F7B-D0F4-EC70-1C01-8D7DE6A68397,-59,26.7,80.06,27.0,80.6,26.7,80.06,26.8,80.24000000000001,26.8,80.24000000000001,27.0,80.6,100.0
2026-08-29T00:40:40.976626+00:00,outside on top,902B6F7B-D0F4-EC70-1C01-8D7DE6A68397,-59,26.7,80.06,27.0,80.6,26.7,80.06,26.8,80.24000000000001,26.8,80.24000000000001,27.0,80.6,100.0
2026-08-29T00:40:42.984475+00:00,outside on top,902B6F7B-D0F4-EC70-1C01-8D7DE6A68397,-59,26.7,80.06,27.0,80.6,26.7,80.06,26.8,80.24000000000001,26.8,80.24000000000001,27.0,80.6,100.0
2026-08-29T00:40:44.992149+00:00,outside on top,902B6F7B-D0F4-EC70-1C01-8D7DE6A68397,-69,26.7,80.06,27.0,80.6,26.7,80.06,26.8,80.24000000000001,26.8,80.24000000000001,26.9,80.42,100.0
2026-08-29T00:40:47.004830+00:00,outside on top,902B6F7B-D0F4-EC70-1C01-8D7DE6A68397,-69,26.7,80.06,27.0,80.6,26.7,80.06,26.8,80.24000000000001,26.8,80.24000000000001,26.9,80.42,100.0
2026-08-29T00:40:49.018672+00:00,outside on top,902B6F7B-D0F4-EC70-1C01-8D7DE6A68397,-60,26.7,80.06,27.0,80.6,26.7,80.06,26.8,80.24000000000001,26.8,80.24000000000001,26.9,80.42,100.0
2026-08-29T00:40:51.024293+00:00,outside on top,902B6F7B-D0F4-EC70-1C01-8D7DE6A68397,-46,26.7,80.06,26.8,80.24000000000001,26.7,80.06,26.8,80.24000000000001,26.8,80.24000000000001,26.9,80.42,100.0
2026-08-29T00:40:53.031773+00:00,outside on top,902B6F7B-D0F4-EC70-1C01-8D7DE6A68397,-46,26.7,80.06,26.8,80.24000000000001,26.7,80.06,26.8,80.24000000000001,26.8,80.24000000000001,26.9,80.42,100.0
2026-08-29T00:40:55.038333+00:00,outside on top,902B6F7B-D0F4-EC70-1C01-8D7DE6A68397,-57,26.7,80.06,27.0,80.6,26.7,80.06,26.8,80.24000000000001,26.8,80.24000000000001,26.9,80.42,100.0
2026-08-29T00:40:57.044117+00:00,outside on top,902B6F7B-D0F4-EC70-1C01-8D7DE6A68397,-69,26.7,80.06,27.1,80.78,26.7,80.06,26.8,80.24000000000001,26.8,80.24000000000001,26.9,80.42,100.0
2026-08-29T00:40:59.050159+00:00,outside on top,902B6F7B-D0F4-EC70-1C01-8D7DE6A68397,-47,26.7,80.06,27.1,80.78,26.7,80.06,26.8,80.24000000000001,26.8,80.24000000000001,26.9,80.42,100.0
2026-08-29T00:41:01.070043+00:00,outside on top,902B6F7B-D0F4-EC70-1C01-8D7DE6A68397,-47,26.7,80.06,27.1,80.78,26.7,80.06,26.8,80.24000000000001,26.8,80.24000000000001,26.9,80.42,100.0
2026-08-29T00:41:03.073730+00:00,outside on top,902B6F7B-D0F4-EC70-1C01-8D7DE6A68397,-47,26.7,80.06,27.1,80.78,26.7,80.06,26.8,80.24000000000001,26.8,80.24000000000001,26.9,80.42,100.0
2026-08-29T00:41:05.088788+00:00,outside on top,902B6F7B-D0F4-EC70-1C01-8D7DE6A68397,-47,26.7,80.06,27.1,80.78,26.7,80.06,26.8,80.24000000000001,26.8,80.24000000000001,26.9,80.42,100.0
2026-08-29T00:41:07.099008+00:00,outside on top,902B6F7B-D0F4-EC70-1C01-8D7DE6A68397,-60,26.7,80.06,27.0,80.6,26.7,80.06,26.8,80.24000000000001,26.7,80.06,26.9,80.42,100.0
2026-08-29T00:41:09.107508+00:00,outside on top,902B6F7B-D0F4-EC70-1C01-8D7DE6A68397,-60,26.7,80.06,27.0,80.6,26.7,80.06,26.8,80.24000000000001,26.7,80.06,26.9,80.42,100.0
2026-08-29T00:41:11.116079+00:00,outside on top,902B6F7B-D0F4-EC70-1C01-8D7DE6A68397,-60,26.7,80.06,27.0,80.6,26.7,80.06,26.8,80.24000000000001,26.7,80.06,26.9,80.42,100.0
2026-08-29T00:41:13.139379+00:00,outside on top,902B6F7B-D0F4-EC70-1C01-8D7DE6A68397,-54,26.6,79.88,26.9,80.42,26.6,79.88,26.7,80.06,26.7,80.06,26.9,80.42,100.0
2026-08-29T00:41:15.150949+00:00,outside on top,902B6F7B-D0F4-EC70-1C01-8D7DE6A68397,-54,26.6,79.88,26.9,80.42,26.6,79.88,26.7,80.06,26.7,80.06,26.9,80.42,100.0
2026-08-29T00:41:17.156364+00:00,outside on top,902B6F7B-D0F4-EC70-1C01-8D7DE6A68397,-65,26.6,79.88,26.9,80.42,26.6,79.88,26.7,80.06,26.7,80.06,26.9,80.42,100.0
2026-08-29T00:41:19.166660+00:00,outside on top,902B6F7B-D0F4-EC70-1C01-8D7DE6A68397,-71,26.6,79.88,26.8,80.24000000000001,26.6,79.88,26.7,80.06,26.7,80.06,26.9,80.42,100.0
2026-08-29T00:41:21.173299+00:00,outside on top,902B6F7B-D0F4-EC70-1C01-8D7DE6A68397,-61,26.6,79.88,26.8,80.24000000000001,26.6,79.88,26.7,80.06,26.7,80.06,26.9,80.42,100.0
2026-08-29T00:41:23.179114+00:00,outside on top,902B6F7B-D0F4-EC70-1C01-8D7DE6A68397,-59,26.6,79.88,26.8,80.24000000000001,26.6,79.88,26.7,80.06,26.7,80.06,26.9,80.42,100.0
2026-08-29T00:41:25.188077+00:00,outside on top,902B6F7B-D0F4-EC70-1C01-8D7DE6A68397,-55,26.6,79.88,26.9,80.42,26.6,79.88,26.7,80.06,26.7,80.06,26.9,80.42,100.0
2026-08-29T00:41:27.194539+00:00,outside on top,902B6F7B-D0F4-EC70-1C01-8D7DE6A68397,-57,26.6,79.88,26.9,80.42,26.6,79.88,26.7,80.06,26.7,80.06,26.9,80.42,100.0
2026-08-29T00:41:29.201961+00:00,outside on top,902B6F7B-D0F4-EC70-1C01-8D7DE6A68397,-60,26.6,79.88,26.9,80.42,26.6,79.88,26.7,80.06,26.7,80.06,26.9,80.42,100.0
2026-08-29T00:41:31.209966+00:00,outside on top,902B6F7B-D0F4-EC70-1C01-8D7DE6A68397,-59,26.6,79.88,26.8,80.24000000000001,26.6,79.88,26.7,80.06,26.7,80.06,26.9,80.42,100.0
2026-08-29T00:41:33.212290+00:00,outside on top,902B6F7B-D0F4-EC70-1C01-8D7DE6A68397,-55,26.6,79.88,26.8,80.24000000000001,26.6,79.88,26.7,80.06,26.7,80.06,26.9,80.42,100.0
2026-08-29T00:41:35.219859+00:00,outside on top,902B6F7B-D0F4-EC70-1C01-8D7DE6A68397,-59,26.6,79.88,26.8,80.24000000000001,26.6,79.88,26.7,80.06,26.7,80.06,26.9,80.42,100.0
2026-08-29T00:41:37.227660+00:00,outside on top,902B6F7B-D0F4-EC70-1C01-8D7DE6A68397,-57,26.6,79.88,26.9,80.42,26.6,79.88,26.7,80.06,26.7,80.06,26.9,80.42,100.0
2026-08-29T00:41:39.234921+00:00,outside on top,902B6F7B-D0F4-EC70-1C01-8D7DE6A68397,-57,26.6,79.88,26.8,80.24000000000001,26.6,79.88,26.7,80.06,26.7,80.06,26.9,80.42,100.0
2026-08-29T00:41:41.241749+00:00,outside on top,902B6F7B-D0F4-EC70-1C01-8D7DE6A68397,-69,26.6,79.88,26.8,80.24000000000001,26.6,79.88,26.7,80.06,26.7,80.06,26.9,80.42,100.0
2026-08-29T00:41:43.248739+00:00,outside on top,902B6F7B-D0F4-EC70-1C01-8D7DE6A68397,-69,26.6,79.88,26.8,80.24000000000001,26.6,79.88,26.7,80.06,26.7,80.06,26.9,80.42,100.0
2026-08-29T00:41:45.253241+00:00,outside on top,902B6F7B-D0F4-EC70-1C01-8D7DE6A68397,-69,26.6,79.88,26.8,80.24000000000001,26.6,79.88,26.7,80.06,26.7,80.06,26.9,80.42,100.0
2026-08-29T00:41:47.260940+00:00,outside on top,902B6F7B-D0F4-EC70-1C01-8D7DE6A68397,-69,26.6,79.88,26.8,80.24000000000001,26.6,79.88,26.7,80.06,26.7,80.06,26.9,80.42,100.0
2026-08-29T00:41:49.263429+00:00,outside on top,902B6F7B-D0F4-EC70-1C01-8D7DE6A68397,-69,26.6,79.88,26.8,80.24000000000001,26.6,79.88,26.7,80.06,26.7,80.06,26.9,80.42,100.0
2026-08-29T00:41:51.268755+00:00,outside on top,902B6F7B-D0F4-EC70-1C01-8D7DE6A68397,-50,26.6,79.88,26.9,80.42,26.6,79.88,26.7,80.06,26.7,80.06,26.8,80.24000000000001,100.0
2026-08-29T00:41:53.278513+00:00,outside on top,902B6F7B-D0F4-EC70-1C01-8D7DE6A68397,-52,26.6,79.88,26.9,80.42,26.6,79.88,26.7,80.06,26.7,80.06,26.8,80.24000000000001,100.0
2026-08-29T00:41:55.285736+00:00,outside on top,902B6F7B-D0F4-EC70-1C01-8D7DE6A68397,-52,26.6,79.88,26.9,80.42,26.6,79.88,26.7,80.06,26.7,80.06,26.8,80.24000000000001,100.0
2026-08-29T00:41:57.292343+00:00,outside on top,902B6F7B-D0F4-EC70-1C01-8D7DE6A68397,-44,26.6,79.88,26.9,80.42,26.6,79.88,26.7,80.06,26.7,80.06,26.8,80.24000000000001,100.0
2026-08-29T00:41:59.298802+00:00,outside on top,902B6F7B-D0F4-EC70-1C01-8D7DE6A68397,-44,26.6,79.88,26.9,80.42,26.6,79.88,26.7,80.06,26.7,80.06,26.8,80.24000000000001,100.0
2026-08-29T00:42:01.306090+00:00,outside on top,902B6F7B-D0F4-EC70-1C01-8D7DE6A68397,-45,26.6,79.88,26.9,80.42,26.6,79.88,26.7,80.06,26.7,80.06,26.8,80.24000000000001,100.0
2026-08-29T00:42:03.312749+00:00,outside on top,902B6F7B-D0F4-EC70-1C01-8D7DE6A68397,-47,26.6,79.88,26.7,80.06,26.6,79.88,26.7,80.06,26.7,80.06,26.8,80.24000000000001,100.0
2026-08-29T00:42:05.321430+00:00,outside on top,902B6F7B-D0F4-EC70-1C01-8D7DE6A68397,-44,26.6,79.88,26.7,80.06,26.6,79.88,26.7,80.06,26.7,80.06,26.8,80.24000000000001,100.0
2026-08-29T00:42:07.328257+00:00,outside on top,902B6F7B-D0F4-EC70-1C01-8D7DE6A68397,-44,26.6,79.88,26.7,80.06,26.6,79.88,26.7,80.06,26.7,80.06,26.8,80.24000000000001,100.0
2026-08-29T00:42:09.337141+00:00,outside on top,902B6F7B-D0F4-EC70-1C01-8D7DE6A68397,-44,26.6,79.88,26.7,80.06,26.6,79.88,26.7,80.06,26.7,80.06,26.8,80.24000000000001,100.0
2026-08-29T00:42:11.346098+00:00,outside on top,902B6F7B-D0F4-EC70-1C01-8D7DE6A68397,-47,26.6,79.88,26.7,80.06,26.6,79.88,26.7,80.06,26.7,80.06,26.8,80.24000000000001,100.0
2026-08-29T00:42:13.354192+00:00,outside on top,902B6F7B-D0F4-EC70-1C01-8D7DE6A68397,-47,26.6,79.88,26.7,80.06,26.6,79.88,26.7,80.06,26.7,80.06,26.8,80.24000000000001,100.0
2026-08-29T00:42:15.361584+00:00,outside on top,902B6F7B-D0F4-EC70-1C01-8D7DE6A68397,-58,26.6,79.88,26.8,80.24000000000001,26.6,79.88,26.7,80.06,26.7,80.06,26.8,80.24000000000001,100.0
2026-08-29T00:42:17.368899+00:00,outside on top,902B6F7B-D0F4-EC70-1C01-8D7DE6A68397,-45,26.5,79.7,26.8,80.24000000000001,26.5,79.7,26.7,80.06,26.7,80.06,26.8,80.24000000000001,100.0
2026-08-29T00:42:19.375935+00:00,outside on top,902B6F7B-D0F4-EC70-1C01-8D7DE6A68397,-47,26.5,79.7,26.8,80.24000000000001,26.5,79.7,26.7,80.06,26.7,80.06,26.8,80.24000000000001,100.0
2026-08-29T00:42:21.380030+00:00,outside on top,902B6F7B-D0F4-EC70-1C01-8D7DE6A68397,-44,26.5,79.7,26.8,80.24000000000001,26.5,79.7,26.7,80.06,26.7,80.06,26.8,80.24000000000001,100.0
2026-08-29T00:42:23.387587+00:00,outside on top,902B6F7B-D0F4-EC70-1C01-8D7DE6A68397,-52,26.6,79.88,26.6,79.88,26.6,79.88,26.7,80.06,26.7,80.06,26.8,80.24000000000001,100.0
2026-08-29T00:42:25.398631+00:00,outside on top,902B6F7B-D0F4-EC70-1C01-8D7DE6A68397,-44,26.6,79.88,26.9,80.42,26.6,79.88,26.7,80.06,26.7,80.06,26.8,80.24000000000001,100.0
2026-08-29T00:42:27.408379+00:00,outside on top,902B6F7B-D0F4-EC70-1C01-8D7DE6A68397,-44,26.6,79.88,26.9,80.42,26.6,79.88,26.7,80.06,26.7,80.06,26.8,80.24000000000001,100.0
2026-08-29T00:42:29.417473+00:00,outside on top,902B6F7B-D0F4-EC70-1C01-8D7DE6A68397,-44,26.6,79.88,26.9,80.42,26.6,79.88,26.7,80.06,26.7,80.06,26.8,80.24000000000001,100.0
2026-08-29T00:42:31.425400+00:00,outside on top,902B6F7B-D0F4-EC70-1C01-8D7DE6A68397,-44,26.6,79.88,26.9,80.42,26.6,79.88,26.7,80.06,26.7,80.06,26.8,80.24000000000001,100.0
2026-08-29T00:42:33.434654+00:00,outside on top,902B6F7B-D0F4-EC70-1C01-8D7DE6A68397,-44,26.5,79.7,26.7,80.06,26.5,79.7,26.7,80.06,26.7,80.06,26.8,80.24000000000001,100.0
2026-08-29T00:42:35.443740+00:00,outside on top,902B6F7B-D0F4-EC70-1C01-8D7DE6A68397,-44,26.5,79.7,26.7,80.06,26.5,79.7,26.7,80.06,26.7,80.06,26.8,80.24000000000001,100.0
2026-08-29T00:42:37.452335+00:00,outside on top,902B6F7B-D0F4-EC70-1C01-8D7DE6A68397,-47,26.5,79.7,26.6,79.88,26.5,79.7,26.7,80.06,26.6,79.88,26.8,80.24000000000001,100.0
2026-08-29T00:42:39.460490+00:00,outside on top,902B6F7B-D0F4-EC70-1C01-8D7DE6A68397,-44,26.5,79.7,26.6,79.88,26.5,79.7,26.7,80.06,26.6,79.88,26.8,80.24000000000001,100.0
2026-08-29T00:42:41.469347+00:00,outside on top,902B6F7B-D0F4-EC70-1C01-8D7DE6A68397,-51,26.5,79.7,26.8,80.24000000000001,26.5,79.7,26.7,80.06,26.6,79.88,26.8,80.24000000000001,100.0
2026-08-29T00:42:43.478590+00:00,outside on top,902B6F7B-D0F4-EC70-1C01-8D7DE6A68397,-44,26.5,79.7,26.9,80.42,26.5,79.7,26.6,79.88,26.6,79.88,26.8,80.24000000000001,100.0
2026-08-29T00:42:45.488674+00:00,outside on top,902B6F7B-D0F4-EC70-1C01-8D7DE6A68397,-44,26.5,79.7,26.9,80.42,26.5,79.7,26.6,79.88,26.6,79.88,26.8,80.24000000000001,100.0
2026-08-29T00:42:47.499383+00:00,outside on top,902B6F7B-D0F4-EC70-1C01-8D7DE6A68397,-47,26.5,79.7,26.7,80.06,26.5,79.7,26.7,80.06,26.6,79.88,26.8,80.24000000000001,100.0
2026-08-29T00:42:49.505038+00:00,outside on top,902B6F7B-D0F4-EC70-1C01-8D7DE6A68397,-44,26.5,79.7,26.7,80.06,26.5,79.7,26.7,80.06,26.6,79.88,26.8,80.24000000000001,100.0
2026-08-29T00:42:51.514147+00:00,outside on top,902B6F7B-D0F4-EC70-1C01-8D7DE6A68397,-44,26.5,79.7,26.7,80.06,26.5,79.7,26.7,80.06,26.6,79.88,26.8,80.24000000000001,100.0
2026-08-29T00:42:53.524465+00:00,outside on top,902B6F7B-D0F4-EC70-1C01-8D7DE6A68397,-44,26.5,79.7,26.7,80.06,26.5,79.7,26.7,80.06,26.6,79.88,26.8,80.24000000000001,100.0
2026-08-29T00:42:55.536274+00:00,outside on top,902B6F7B-D0F4-EC70-1C01-8D7DE6A68397,-44,26.5,79.7,26.7,80.06,26.5,79.7,26.7,80.06,26.6,79.88,26.8,80.24000000000001,100.0
2026-08-29T00:42:57.545319+00:00,outside on top,902B6F7B-D0F4-EC70-1C01-8D7DE6A68397,-44,26.5,79.7,26.7,80.06,26.5,79.7,26.7,80.06,26.6,79.88,26.8,80.24000000000001,100.0
2026-08-29T00:42:59.554151+00:00,outside on top,902B6F7B-D0F4-EC70-1C01-8D7DE6A68397,-58,26.5,79.7,26.7,80.06,26.5,79.7,26.6,79.88,26.6,79.88,26.7,80.06,100.0
2026-08-29T00:43:01.563656+00:00,outside on top,902B6F7B-D0F4-EC70-1C01-8D7DE6A68397,-58,26.5,79.7,26.7,80.06,26.5,79.7,26.6,79.88,26.6,79.88,26.7,80.06,100.0
2026-08-29T00:43:03.584150+00:00,outside on top,902B6F7B-D0F4-EC70-1C01-8D7DE6A68397,-58,26.5,79.7,26.7,80.06,26.5,79.7,26.6,79.88,26.6,79.88,26.7,80.06,100.0
2026-08-29T00:43:05.597593+00:00,outside on top,902B6F7B-D0F4-EC70-1C01-8D7DE6A68397,-58,26.5,79.7,26.7,80.06,26.5,79.7,26.6,79.88,26.6,79.88,26.7,80.06,100.0
2026-08-29T00:43:07.609312+00:00,outside on top,902B6F7B-D0F4-EC70-1C01-8D7DE6A68397,-58,26.5,79.7,26.7,80.06,26.5,79.7,26.6,79.88,26.6,79.88,26.7,80.06,100.0
2026-08-29T00:43:09.619808+00:00,outside on top,902B6F7B-D0F4-EC70-1C01-8D7DE6A68397,-59,26.5,79.7,26.6,79.88,26.5,79.7,26.6,79.88,26.6,79.88,26.7,80.06,100.0
2026-08-29T00:43:11.628068+00:00,outside on top,902B6F7B-D0F4-EC70-1C01-8D7DE6A68397,-59,26.5,79.7,26.6,79.88,26.5,79.7,26.6,79.88,26.6,79.88,26.7,80.06,100.0
2026-08-29T00:43:13.637390+00:00,outside on top,902B6F7B-D0F4-EC70-1C01-8D7DE6A68397,-59,26.5,79.7,26.6,79.88,26.5,79.7,26.6,79.88,26.6,79.88,26.7,80.06,100.0
2026-08-29T00:43:15.646396+00:00,outside on top,902B6F7B-D0F4-EC70-1C01-8D7DE6A68397,-44,26.5,79.7,26.6,79.88,26.5,79.7,26.6,79.88,26.6,79.88,26.7,80.06,100.0
2026-08-29T00:43:17.662013+00:00,outside on top,902B6F7B-D0F4-EC70-1C01-8D7DE6A68397,-44,26.5,79.7,26.7,80.06,26.5,79.7,26.6,79.88,26.6,79.88,26.7,80.06,100.0
2026-08-29T00:43:19.669996+00:00,outside on top,902B6F7B-D0F4-EC70-1C01-8D7DE6A68397,-58,26.5,79.7,26.7,80.06,26.5,79.7,26.6,79.88,26.6,79.88,26.7,80.06,100.0
2026-08-29T00:43:21.680763+00:00,outside on top,902B6F7B-D0F4-EC70-1C01-8D7DE6A68397,-58,26.5,79.7,26.7,80.06,26.5,79.7,26.6,79.88,26.6,79.88,26.7,80.06,100.0
2026-08-29T00:43:23.689574+00:00,outside on top,902B6F7B-D0F4-EC70-1C01-8D7DE6A68397,-44,26.5,79.7,26.7,80.06,26.5,79.7,26.6,79.88,26.6,79.88,26.7,80.06,100.0
2026-08-29T00:43:25.698450+00:00,outside on top,902B6F7B-D0F4-EC70-1C01-8D7DE6A68397,-43,26.5,79.7,26.7,80.06,26.5,79.7,26.6,79.88,26.6,79.88,26.7,80.06,100.0
2026-08-29T00:43:27.707299+00:00,outside on top,902B6F7B-D0F4-EC70-1C01-8D7DE6A68397,-44,26.5,79.7,26.5,79.7,26.5,79.7,26.6,79.88,26.6,79.88,26.7,80.06,100.0
2026-08-29T00:43:29.716115+00:00,outside on top,902B6F7B-D0F4-EC70-1C01-8D7DE6A68397,-51,26.5,79.7,26.6,79.88,26.5,79.7,26.6,79.88,26.6,79.88,26.7,80.06,100.0
2026-08-29T00:43:31.725271+00:00,outside on top,902B6F7B-D0F4-EC70-1C01-8D7DE6A68397,-51,26.5,79.7,26.6,79.88,26.5,79.7,26.6,79.88,26.6,79.88,26.7,80.06,100.0
2026-08-29T00:43:33.734078+00:00,outside on top,902B6F7B-D0F4-EC70-1C01-8D7DE6A68397,-51,26.5,79.7,26.6,79.88,26.5,79.7,26.6,79.88,26.6,79.88,26.7,80.06,100.0
2026-08-29T00:43:35.742403+00:00,outside on top,902B6F7B-D0F4-EC70-1C01-8D7DE6A68397,-43,26.5,79.7,26.4,79.52,26.5,79.7,26.6,79.88,26.6,79.88,26.7,80.06,100.0
2026-08-29T00:43:37.751171+00:00,outside on top,902B6F7B-D0F4-EC70-1C01-8D7DE6A68397,-43,26.5,79.7,26.4,79.52,26.5,79.7,26.6,79.88,26.6,79.88,26.7,80.06,100.0
2026-08-29T00:43:39.761169+00:00,outside on top,902B6F7B-D0F4-EC70-1C01-8D7DE6A68397,-43,26.5,79.7,26.4,79.52,26.5,79.7,26.6,79.88,26.6,79.88,26.7,80.06,100.0
2026-08-29T00:43:41.771105+00:00,outside on top,902B6F7B-D0F4-EC70-1C01-8D7DE6A68397,-44,26.5,79.7,26.4,79.52,26.5,79.7,26.6,79.88,26.6,79.88,26.7,80.06,100.0
2026-08-29T00:43:43.781199+00:00,outside on top,902B6F7B-D0F4-EC70-1C01-8D7DE6A68397,-44,26.5,79.7,26.4,79.52,26.5,79.7,26.6,79.88,26.6,79.88,26.7,80.06,100.0
2026-08-29T00:43:45.792920+00:00,outside on top,902B6F7B-D0F4-EC70-1C01-8D7DE6A68397,-44,26.5,79.7,26.7,80.06,26.5,79.7,26.6,79.88,26.6,79.88,26.7,80.06,100.0
2026-08-29T00:43:47.802206+00:00,outside on top,902B6F7B-D0F4-EC70-1C01-8D7DE6A68397,-57,26.5,79.7,26.7,80.06,26.5,79.7,26.6,79.88,26.6,79.88,26.7,80.06,100.0
2026-08-29T00:43:49.811311+00:00,outside on top,902B6F7B-D0F4-EC70-1C01-8D7DE6A68397,-57,26.5,79.7,26.7,80.06,26.5,79.7,26.6,79.88,26.6,79.88,26.7,80.06,100.0
2026-08-29T00:43:51.819813+00:00,outside on top,902B6F7B-D0F4-EC70-1C01-8D7DE6A68397,-46,26.5,79.7,26.8,80.24000000000001,26.5,79.7,26.6,79.88,26.6,79.88,26.7,80.06,100.0
2026-08-29T00:43:53.828456+00:00,outside on top,902B6F7B-D0F4-EC70-1C01-8D7DE6A68397,-43,26.5,79.7,26.7,80.06,26.5,79.7,26.6,79.88,26.6,79.88,26.7,80.06,100.0
2026-08-29T00:43:55.837881+00:00,outside on top,902B6F7B-D0F4-EC70-1C01-8D7DE6A68397,-43,26.5,79.7,26.7,80.06,26.5,79.7,26.6,79.88,26.6,79.88,26.7,80.06,100.0
2026-08-29T00:43:57.848028+00:00,outside on top,902B6F7B-D0F4-EC70-1C01-8D7DE6A68397,-43,26.5,79.7,26.7,80.06,26.5,79.7,26.6,79.88,26.6,79.88,26.7,80.06,100.0
2026-08-29T00:43:59.856219+00:00,outside on top,902B6F7B-D0F4-EC70-1C01-8D7DE6A68397,-43,26.5,79.7,26.7,80.06,26.5,79.7,26.6,79.88,26.6,79.88,26.7,80.06,100.0
2026-08-29T00:44:01.865875+00:00,outside on top,902B6F7B-D0F4-EC70-1C01-8D7DE6A68397,-43,26.4,79.52,26.6,79.88,26.4,79.52,26.6,79.88,26.5,79.7,26.7,80.06,100.0
2026-08-29T00:44:03.875596+00:00,outside on top,902B6F7B-D0F4-EC70-1C01-8D7DE6A68397,-46,26.4,79.52,26.6,79.88,26.4,79.52,26.6,79.88,26.5,79.7,26.7,80.06,100.0
2026-08-29T00:44:05.884975+00:00,outside on top,902B6F7B-D0F4-EC70-1C01-8D7DE6A68397,-46,26.4,79.52,26.6,79.88,26.4,79.52,26.6,79.88,26.5,79.7,26.7,80.06,100.0
2026-08-29T00:44:07.895520+00:00,outside on top,902B6F7B-D0F4-EC70-1C01-8D7DE6A68397,-46,26.4,79.52,26.6,79.88,26.4,79.52,26.6,79.88,26.5,79.7,26.7,80.06,100.0
2026-08-29T00:44:09.904738+00:00,outside on top,902B6F7B-D0F4-EC70-1C01-8D7DE6A68397,-44,26.5,79.7,26.6,79.88,26.5,79.7,26.6,79.88,26.5,79.7,26.7,80.06,100.0
2026-08-29T00:44:11.913341+00:00,outside on top,902B6F7B-D0F4-EC70-1C01-8D7DE6A68397,-43,26.5,79.7,26.6,79.88,26.5,79.7,26.6,79.88,26.5,79.7,26.7,80.06,100.0
2026-08-29T00:44:13.922564+00:00,outside on top,902B6F7B-D0F4-EC70-1C01-8D7DE6A68397,-52,26.5,79.7,26.5,79.7,26.5,79.7,26.6,79.88,26.5,79.7,26.7,80.06,100.0
2026-08-29T00:44:15.930897+00:00,outside on top,902B6F7B-D0F4-EC70-1C01-8D7DE6A68397,-52,26.5,79.7,26.5,79.7,26.5,79.7,26.6,79.88,26.5,79.7,26.7,80.06,100.0
2026-08-29T00:44:17.936029+00:00,outside on top,902B6F7B-D0F4-EC70-1C01-8D7DE6A68397,-46,26.4,79.52,26.4,79.52,26.4,79.52,26.6,79.88,26.5,79.7,26.7,80.06,100.0
2026-08-29T00:44:19.945176+00:00,outside on top,902B6F7B-D0F4-EC70-1C01-8D7DE6A68397,-43,26.4,79.52,26.4,79.52,26.4,79.52,26.6,79.88,26.5,79.7,26.7,80.06,100.0
2026-08-29T00:44:21.953245+00:00,outside on top,902B6F7B-D0F4-EC70-1C01-8D7DE6A68397,-44,26.5,79.7,26.4,79.52,26.5,79.7,26.6,79.88,26.5,79.7,26.7,80.06,100.0
2026-08-29T00:44:23.961211+00:00,outside on top,902B6F7B-D0F4-EC70-1C01-8D7DE6A68397,-43,26.5,79.7,26.5,79.7,26.5,79.7,26.6,79.88,26.5,79.7,26.7,80.06,100.0
2026-08-29T00:44:25.975168+00:00,outside on top,902B6F7B-D0F4-EC70-1C01-8D7DE6A68397,-46,26.4,79.52,26.5,79.7,26.4,79.52,26.6,79.88,26.5,79.7,26.7,80.06,100.0
2026-08-29T00:44:27.984794+00:00,outside on top,902B6F7B-D0F4-EC70-1C01-8D7DE6A68397,-44,26.4,79.52,26.5,79.7,26.4,79.52,26.6,79.88,26.5,79.7,26.7,80.06,100.0
2026-08-29T00:44:29.990029+00:00,outside on top,902B6F7B-D0F4-EC70-1C01-8D7DE6A68397,-50,26.5,79.7,26.3,79.34,26.5,79.7,26.6,79.88,26.5,79.7,26.7,80.06,100.0
2026-08-29T00:44:31.998805+00:00,outside on top,902B6F7B-D0F4-EC70-1C01-8D7DE6A68397,-50,26.5,79.7,26.3,79.34,26.5,79.7,26.6,79.88,26.5,79.7,26.7,80.06,100.0
2026-08-29T00:44:34.010151+00:00,outside on top,902B6F7B-D0F4-EC70-1C01-8D7DE6A68397,-50,26.5,79.7,26.3,79.34,26.5,79.7,26.6,79.88,26.5,79.7,26.7,80.06,100.0
2026-08-29T00:44:36.019075+00:00,outside on top,902B6F7B-D0F4-EC70-1C01-8D7DE6A68397,-44,26.5,79.7,26.4,79.52,26.5,79.7,26.6,79.88,26.5,79.7,26.7,80.06,100.0
2026-08-29T00:44:38.029117+00:00,outside on top,902B6F7B-D0F4-EC70-1C01-8D7DE6A68397,-44,26.4,79.52,26.6,79.88,26.4,79.52,26.6,79.88,26.5,79.7,26.7,80.06,100.0
2026-08-29T00:44:40.038774+00:00,outside on top,902B6F7B-D0F4-EC70-1C01-8D7DE6A68397,-46,26.5,79.7,26.4,79.52,26.5,79.7,26.6,79.88,26.5,79.7,26.7,80.06,100.0
2026-08-29T00:44:42.047420+00:00,outside on top,902B6F7B-D0F4-EC70-1C01-8D7DE6A68397,-44,26.5,79.7,26.4,79.52,26.5,79.7,26.6,79.88,26.5,79.7,26.7,80.06,100.0
2026-08-29T00:44:44.056990+00:00,outside on top,902B6F7B-D0F4-EC70-1C01-8D7DE6A68397,-43,26.4,79.52,26.5,79.7,26.4,79.52,26.6,79.88,26.5,79.7,26.7,80.06,100.0
2026-08-29T00:44:46.070519+00:00,outside on top,902B6F7B-D0F4-EC70-1C01-8D7DE6A68397,-51,26.4,79.52,26.5,79.7,26.4,79.52,26.6,79.88,26.5,79.7,26.7,80.06,100.0
2026-08-29T00:44:48.080597+00:00,outside on top,902B6F7B-D0F4-EC70-1C01-8D7DE6A68397,-51,26.4,79.52,26.5,79.7,26.4,79.52,26.6,79.88,26.5,79.7,26.7,80.06,100.0
2026-08-29T00:44:50.084695+00:00,outside on top,902B6F7B-D0F4-EC70-1C01-8D7DE6A68397,-51,26.4,79.52,26.5,79.7,26.4,79.52,26.6,79.88,26.5,79.7,26.7,80.06,100.0
2026-08-29T00:44:52.096331+00:00,outside on top,902B6F7B-D0F4-EC70-1C01-8D7DE6A68397,-43,26.4,79.52,26.4,79.52,26.4,79.52,26.6,79.88,26.5,79.7,26.6,79.88,100.0
2026-08-29T00:44:54.107120+00:00,outside on top,902B6F7B-D0F4-EC70-1C01-8D7DE6A68397,-44,26.4,79.52,26.4,79.52,26.4,79.52,26.6,79.88,26.5,79.7,26.6,79.88,100.0
2026-08-29T00:44:56.117763+00:00,outside on top,902B6F7B-D0F4-EC70-1C01-8D7DE6A68397,-46,26.4,79.52,26.4,79.52,26.4,79.52,26.6,79.88,26.5,79.7,26.6,79.88,100.0
2026-08-29T00:44:58.126395+00:00,outside on top,902B6F7B-D0F4-EC70-1C01-8D7DE6A68397,-46,26.4,79.52,26.4,79.52,26.4,79.52,26.6,79.88,26.5,79.7,26.6,79.88,100.0
2026-08-29T00:45:00.135049+00:00,outside on top,902B6F7B-D0F4-EC70-1C01-8D7DE6A68397,-46,26.4,79.52,26.4,79.52,26.4,79.52,26.5,79.7,26.5,79.7,26.6,79.88,100.0
2026-08-29T00:45:02.157147+00:00,outside on top,902B6F7B-D0F4-EC70-1C01-8D7DE6A68397,-46,26.4,79.52,26.3,79.34,26.4,79.52,26.5,79.7,26.5,79.7,26.6,79.88,100.0
2026-08-29T00:45:04.166900+00:00,outside on top,902B6F7B-D0F4-EC70-1C01-8D7DE6A68397,-43,26.4,79.52,26.3,79.34,26.4,79.52,26.5,79.7,26.5,79.7,26.6,79.88,100.0
2026-08-29T00:45:06.179431+00:00,outside on top,902B6F7B-D0F4-EC70-1C01-8D7DE6A68397,-44,26.4,79.52,26.3,79.34,26.4,79.52,26.5,79.7,26.5,79.7,26.6,79.88,100.0
2026-08-29T00:45:08.199714+00:00,outside on top,902B6F7B-D0F4-EC70-1C01-8D7DE6A68397,-43,26.4,79.52,26.3,79.34,26.4,79.52,26.5,79.7,26.5,79.7,26.6,79.88,100.0
2026-08-29T00:45:10.210005+00:00,outside on top,902B6F7B-D0F4-EC70-1C01-8D7DE6A68397,-43,26.4,79.52,26.3,79.34,26.4,79.52,26.5,79.7,26.5,79.7,26.6,79.88,100.0
2026-08-29T00:45:12.219168+00:00,outside on top,902B6F7B-D0F4-EC70-1C01-8D7DE6A68397,-43,26.4,79.52,26.3,79.34,26.4,79.52,26.5,79.7,26.5,79.7,26.6,79.88,100.0
2026-08-29T00:45:14.227012+00:00,outside on top,902B6F7B-D0F4-EC70-1C01-8D7DE6A68397,-43,26.4,79.52,26.3,79.34,26.4,79.52,26.5,79.7,26.5,79.7,26.6,79.88,100.0
2026-08-29T00:45:16.237303+00:00,outside on top,902B6F7B-D0F4-EC70-1C01-8D7DE6A68397,-52,26.4,79.52,26.5,79.7,26.4,79.52,26.5,79.7,26.5,79.7,26.6,79.88,100.0
2026-08-29T00:45:18.247093+00:00,outside on top,902B6F7B-D0F4-EC70-1C01-8D7DE6A68397,-43,26.4,79.52,26.5,79.7,26.4,79.52,26.5,79.7,26.5,79.7,26.6,79.88,100.0
2026-08-29T00:45:20.258222+00:00,outside on top,902B6F7B-D0F4-EC70-1C01-8D7DE6A68397,-46,26.4,79.52,26.3,79.34,26.4,79.52,26.5,79.7,26.5,79.7,26.6,79.88,100.0
2026-08-29T00:45:22.269474+00:00,outside on top,902B6F7B-D0F4-EC70-1C01-8D7DE6A68397,-57,26.4,79.52,26.3,79.34,26.4,79.52,26.5,79.7,26.5,79.7,26.6,79.88,100.0
2026-08-29T00:45:24.282685+00:00,outside on top,902B6F7B-D0F4-EC70-1C01-8D7DE6A68397,-57,26.4,79.52,26.3,79.34,26.4,79.52,26.5,79.7,26.5,79.7,26.6,79.88,100.0
2026-08-29T00:45:26.291409+00:00,outside on top,902B6F7B-D0F4-EC70-1C01-8D7DE6A68397,-46,26.4,79.52,26.4,79.52,26.4,79.52,26.5,79.7,26.5,79.7,26.6,79.88,100.0
2026-08-29T00:45:28.301572+00:00,outside on top,902B6F7B-D0F4-EC70-1C01-8D7DE6A68397,-46,26.4,79.52,26.4,79.52,26.4,79.52,26.5,79.7,26.5,79.7,26.6,79.88,100.0
2026-08-29T00:45:30.310322+00:00,outside on top,902B6F7B-D0F4-EC70-1C01-8D7DE6A68397,-46,26.4,79.52,26.4,79.52,26.4,79.52,26.5,79.7,26.5,79.7,26.6,79.88,100.0
2026-08-29T00:45:32.321885+00:00,outside on top,902B6F7B-D0F4-EC70-1C01-8D7DE6A68397,-43,26.4,79.52,26.4,79.52,26.4,79.52,26.5,79.7,26.5,79.7,26.6,79.88,100.0
2026-08-29T00:45:34.330549+00:00,outside on top,902B6F7B-D0F4-EC70-1C01-8D7DE6A68397,-46,26.4,79.52,26.4,79.52,26.4,79.52,26.5,79.7,26.5,79.7,26.6,79.88,100.0
2026-08-29T00:45:36.340064+00:00,outside on top,902B6F7B-D0F4-EC70-1C01-8D7DE6A68397,-55,26.4,79.52,26.4,79.52,26.4,79.52,26.5,79.7,26.5,79.7,26.6,79.88,100.0
2026-08-29T00:45:38.348816+00:00,outside on top,902B6F7B-D0F4-EC70-1C01-8D7DE6A68397,-55,26.4,79.52,26.4,79.52,26.4,79.52,26.5,79.7,26.5,79.7,26.6,79.88,100.0
2026-08-29T00:45:40.357312+00:00,outside on top,902B6F7B-D0F4-EC70-1C01-8D7DE6A68397,-43,26.4,79.52,26.4,79.52,26.4,79.52,26.5,79.7,26.5,79.7,26.6,79.88,100.0
2026-08-29T00:45:42.366827+00:00,outside on top,902B6F7B-D0F4-EC70-1C01-8D7DE6A68397,-43,26.4,79.52,26.4,79.52,26.4,79.52,26.5,79.7,26.5,79.7,26.6,79.88,100.0
2026-08-29T00:45:44.376263+00:00,outside on top,902B6F7B-D0F4-EC70-1C01-8D7DE6A68397,-46,26.4,79.52,26.3,79.34,26.4,79.52,26.5,79.7,26.4,79.52,26.6,79.88,100.0
2026-08-29T00:45:46.385586+00:00,outside on top,902B6F7B-D0F4-EC70-1C01-8D7DE6A68397,-44,26.4,79.52,26.3,79.34,26.4,79.52,26.5,79.7,26.4,79.52,26.6,79.88,100.0
2026-08-29T00:45:48.396415+00:00,outside on top,902B6F7B-D0F4-EC70-1C01-8D7DE6A68397,-43,26.4,79.52,26.3,79.34,26.4,79.52,26.5,79.7,26.5,79.7,26.6,79.88,100.0
2026-08-29T00:45:50.406119+00:00,outside on top,902B6F7B-D0F4-EC70-1C01-8D7DE6A68397,-43,26.4,79.52,26.3,79.34,26.4,79.52,26.5,79.7,26.5,79.7,26.6,79.88,100.0
2026-08-29T00:45:52.416159+00:00,outside on top,902B6F7B-D0F4-EC70-1C01-8D7DE6A68397,-43,26.4,79.52,26.3,79.34,26.4,79.52,26.5,79.7,26.5,79.7,26.6,79.88,100.0
2026-08-29T00:45:54.426821+00:00,outside on top,902B6F7B-D0F4-EC70-1C01-8D7DE6A68397,-44,26.4,79.52,26.3,79.34,26.4,79.52,26.5,79.7,26.5,79.7,26.5,79.7,100.0
2026-08-29T00:45:56.436695+00:00,outside on top,902B6F7B-D0F4-EC70-1C01-8D7DE6A68397,-44,26.4,79.52,26.3,79.34,26.4,79.52,26.5,79.7,26.5,79.7,26.5,79.7,100.0
2026-08-29T00:45:58.445368+00:00,outside on top,902B6F7B-D0F4-EC70-1C01-8D7DE6A68397,-43,26.4,79.52,26.3,79.34,26.4,79.52,26.5,79.7,26.5,79.7,26.5,79.7,100.0
2026-08-29T00:46:00.454748+00:00,outside on top,902B6F7B-D0F4-EC70-1C01-8D7DE6A68397,-44,26.4,79.52,26.4,79.52,26.4,79.52,26.5,79.7,26.4,79.52,26.5,79.7,100.0
2026-08-29T00:46:02.463188+00:00,outside on top,902B6F7B-D0F4-EC70-1C01-8D7DE6A68397,-43,26.4,79.52,26.3,79.34,26.4,79.52,26.5,79.7,26.4,79.52,26.5,79.7,100.0
2026-08-29T00:46:04.468744+00:00,outside on top,902B6F7B-D0F4-EC70-1C01-8D7DE6A68397,-43,26.4,79.52,26.3,79.34,26.4,79.52,26.5,79.7,26.4,79.52,26.5,79.7,100.0
2026-08-29T00:46:06.478478+00:00,outside on top,902B6F7B-D0F4-EC70-1C01-8D7DE6A68397,-43,26.4,79.52,26.3,79.34,26.4,79.52,26.5,79.7,26.4,79.52,26.5,79.7,100.0
2026-08-29T00:46:08.487789+00:00,outside on top,902B6F7B-D0F4-EC70-1C01-8D7DE6A68397,-43,26.4,79.52,26.4,79.52,26.4,79.52,26.5,79.7,26.4,79.52,26.5,79.7,100.0
2026-08-29T00:46:10.496918+00:00,outside on top,902B6F7B-D0F4-EC70-1C01-8D7DE6A68397,-55,26.4,79.52,26.4,79.52,26.4,79.52,26.5,79.7,26.4,79.52,26.5,79.7,100.0
2026-08-29T00:46:12.504968+00:00,outside on top,902B6F7B-D0F4-EC70-1C01-8D7DE6A68397,-55,26.4,79.52,26.4,79.52,26.4,79.52,26.5,79.7,26.4,79.52,26.5,79.7,100.0
2026-08-29T00:46:14.513866+00:00,outside on top,902B6F7B-D0F4-EC70-1C01-8D7DE6A68397,-55,26.4,79.52,26.4,79.52,26.4,79.52,26.5,79.7,26.4,79.52,26.5,79.7,100.0
2026-08-29T00:46:16.523228+00:00,outside on top,902B6F7B-D0F4-EC70-1C01-8D7DE6A68397,-44,26.4,79.52,26.2,79.16,26.4,79.52,26.5,79.7,26.4,79.52,26.5,79.7,100.0
2026-08-29T00:46:18.532027+00:00,outside on top,902B6F7B-D0F4-EC70-1C01-8D7DE6A68397,-43,26.4,79.52,26.3,79.34,26.4,79.52,26.5,79.7,26.4,79.52,26.5,79.7,100.0
2026-08-29T00:46:20.541384+00:00,outside on top,902B6F7B-D0F4-EC70-1C01-8D7DE6A68397,-46,26.4,79.52,26.3,79.34,26.4,79.52,26.5,79.7,26.4,79.52,26.5,79.7,100.0
2026-08-29T00:46:22.550674+00:00,outside on top,902B6F7B-D0F4-EC70-1C01-8D7DE6A68397,-46,26.4,79.52,26.3,79.34,26.4,79.52,26.5,79.7,26.4,79.52,26.5,79.7,100.0
2026-08-29T00:46:24.559764+00:00,outside on top,902B6F7B-D0F4-EC70-1C01-8D7DE6A68397,-43,26.3,79.34,26.3,79.34,26.3,79.34,26.5,79.7,26.4,79.52,26.5,79.7,100.0
2026-08-29T00:46:26.569272+00:00,outside on top,902B6F7B-D0F4-EC70-1C01-8D7DE6A68397,-44,26.3,79.34,26.3,79.34,26.3,79.34,26.5,79.7,26.4,79.52,26.5,79.7,100.0
2026-08-29T00:46:28.579165+00:00,outside on top,902B6F7B-D0F4-EC70-1C01-8D7DE6A68397,-46,26.4,79.52,26.4,79.52,26.4,79.52,26.5,79.7,26.4,79.52,26.5,79.7,100.0
2026-08-29T00:46:30.589975+00:00,outside on top,902B6F7B-D0F4-EC70-1C01-8D7DE6A68397,-43,26.4,79.52,26.4,79.52,26.4,79.52,26.5,79.7,26.4,79.52,26.5,79.7,100.0
2026-08-29T00:46:32.601737+00:00,outside on top,902B6F7B-D0F4-EC70-1C01-8D7DE6A68397,-43,26.4,79.52,26.4,79.52,26.4,79.52,26.5,79.7,26.4,79.52,26.5,79.7,100.0
2026-08-29T00:46:34.611243+00:00,outside on top,902B6F7B-D0F4-EC70-1C01-8D7DE6A68397,-44,26.4,79.52,26.2,79.16,26.4,79.52,26.5,79.7,26.4,79.52,26.5,79.7,100.0
2026-08-29T00:46:36.620649+00:00,outside on top,902B6F7B-D0F4-EC70-1C01-8D7DE6A68397,-46,26.3,79.34,26.4,79.52,26.3,79.34,26.4,79.52,26.4,79.52,26.5,79.7,100.0
2026-08-29T00:46:38.630780+00:00,outside on top,902B6F7B-D0F4-EC70-1C01-8D7DE6A68397,-43,26.3,79.34,26.3,79.34,26.3,79.34,26.4,79.52,26.4,79.52,26.5,79.7,100.0
2026-08-29T00:46:40.641620+00:00,outside on top,902B6F7B-D0F4-EC70-1C01-8D7DE6A68397,-43,26.3,79.34,26.3,79.34,26.3,79.34,26.4,79.52,26.4,79.52,26.5,79.7,100.0
2026-08-29T00:46:42.653231+00:00,outside on top,902B6F7B-D0F4-EC70-1C01-8D7DE6A68397,-43,26.3,79.34,26.3,79.34,26.3,79.34,26.4,79.52,26.4,79.52,26.5,79.7,100.0
2026-08-29T00:46:44.664462+00:00,outside on top,902B6F7B-D0F4-EC70-1C01-8D7DE6A68397,-44,26.4,79.52,26.4,79.52,26.4,79.52,26.4,79.52,26.4,79.52,26.5,79.7,100.0
2026-08-29T00:46:46.675900+00:00,outside on top,902B6F7B-D0F4-EC70-1C01-8D7DE6A68397,-44,26.4,79.52,26.4,79.52,26.4,79.52,26.4,79.52,26.4,79.52,26.5,79.7,100.0
2026-08-29T00:46:48.685853+00:00,outside on top,902B6F7B-D0F4-EC70-1C01-8D7DE6A68397,-44,26.3,79.34,26.3,79.34,26.3,79.34,26.5,79.7,26.4,79.52,26.5,79.7,100.0
2026-08-29T00:46:50.694786+00:00,outside on top,902B6F7B-D0F4-EC70-1C01-8D7DE6A68397,-44,26.3,79.34,26.3,79.34,26.3,79.34,26.5,79.7,26.4,79.52,26.5,79.7,100.0
2026-08-29T00:46:52.707033+00:00,outside on top,902B6F7B-D0F4-EC70-1C01-8D7DE6A68397,-43,26.3,79.34,26.3,79.34,26.3,79.34,26.5,79.7,26.4,79.52,26.5,79.7,100.0
2026-08-29T00:46:54.717133+00:00,outside on top,902B6F7B-D0F4-EC70-1C01-8D7DE6A68397,-43,26.3,79.34,26.3,79.34,26.3,79.34,26.5,79.7,26.4,79.52,26.5,79.7,100.0
2026-08-29T00:46:56.726884+00:00,outside on top,902B6F7B-D0F4-EC70-1C01-8D7DE6A68397,-44,26.3,79.34,26.2,79.16,26.3,79.34,26.4,79.52,26.4,79.52,26.5,79.7,100.0
2026-08-29T00:46:58.736394+00:00,outside on top,902B6F7B-D0F4-EC70-1C01-8D7DE6A68397,-44,26.3,79.34,26.2,79.16,26.3,79.34,26.4,79.52,26.4,79.52,26.5,79.7,100.0
2026-08-29T00:47:00.749601+00:00,outside on top,902B6F7B-D0F4-EC70-1C01-8D7DE6A68397,-46,26.3,79.34,26.2,79.16,26.3,79.34,26.4,79.52,26.4,79.52,26.5,79.7,100.0
2026-08-29T00:47:02.760873+00:00,outside on top,902B6F7B-D0F4-EC70-1C01-8D7DE6A68397,-43,26.3,79.34,26.5,79.7,26.3,79.34,26.4,79.52,26.4,79.52,26.5,79.7,100.0
2026-08-29T00:47:04.771610+00:00,outside on top,902B6F7B-D0F4-EC70-1C01-8D7DE6A68397,-43,26.3,79.34,26.5,79.7,26.3,79.34,26.4,79.52,26.4,79.52,26.5,79.7,100.0
2026-08-29T00:47:06.782077+00:00,outside on top,902B6F7B-D0F4-EC70-1C01-8D7DE6A68397,-43,26.3,79.34,26.3,79.34,26.3,79.34,26.4,79.52,26.4,79.52,26.5,79.7,100.0
2026-08-29T00:47:08.797367+00:00,outside on top,902B6F7B-D0F4-EC70-1C01-8D7DE6A68397,-46,26.3,79.34,26.3,79.34,26.3,79.34,26.5,79.7,26.4,79.52,26.5,79.7,100.0
2026-08-29T00:47:10.806319+00:00,outside on top,902B6F7B-D0F4-EC70-1C01-8D7DE6A68397,-43,26.3,79.34,26.3,79.34,26.3,79.34,26.4,79.52,26.4,79.52,26.5,79.7,100.0
2026-08-29T00:47:12.815186+00:00,outside on top,902B6F7B-D0F4-EC70-1C01-8D7DE6A68397,-44,26.3,79.34,26.3,79.34,26.3,79.34,26.4,79.52,26.4,79.52,26.5,79.7,100.0
2026-08-29T00:47:14.825273+00:00,outside on top,902B6F7B-D0F4-EC70-1C01-8D7DE6A68397,-44,26.3,79.34,26.3,79.34,26.3,79.34,26.4,79.52,26.4,79.52,26.5,79.7,100.0
2026-08-29T00:47:16.834912+00:00,outside on top,902B6F7B-D0F4-EC70-1C01-8D7DE6A68397,-46,26.3,79.34,26.3,79.34,26.3,79.34,26.4,79.52,26.4,79.52,26.5,79.7,100.0
2026-08-29T00:47:18.844666+00:00,outside on top,902B6F7B-D0F4-EC70-1C01-8D7DE6A68397,-43,26.3,79.34,26.2,79.16,26.3,79.34,26.4,79.52,26.4,79.52,26.5,79.7,100.0
2026-08-29T00:47:20.860574+00:00,outside on top,902B6F7B-D0F4-EC70-1C01-8D7DE6A68397,-44,26.3,79.34,26.2,79.16,26.3,79.34,26.4,79.52,26.4,79.52,26.5,79.7,100.0
2026-08-29T00:47:22.872005+00:00,outside on top,902B6F7B-D0F4-EC70-1C01-8D7DE6A68397,-44,26.3,79.34,26.2,79.16,26.3,79.34,26.4,79.52,26.4,79.52,26.5,79.7,100.0
2026-08-29T00:47:24.889797+00:00,outside on top,902B6F7B-D0F4-EC70-1C01-8D7DE6A68397,-52,26.3,79.34,26.3,79.34,26.3,79.34,26.4,79.52,26.3,79.34,26.5,79.7,100.0
2026-08-29T00:47:26.902807+00:00,outside on top,902B6F7B-D0F4-EC70-1C01-8D7DE6A68397,-46,26.3,79.34,26.3,79.34,26.3,79.34,26.4,79.52,26.3,79.34,26.5,79.7,100.0
2026-08-29T00:47:28.913089+00:00,outside on top,902B6F7B-D0F4-EC70-1C01-8D7DE6A68397,-43,26.3,79.34,26.3,79.34,26.3,79.34,26.4,79.52,26.3,79.34,26.4,79.52,100.0
2026-08-29T00:47:30.928107+00:00,outside on top,902B6F7B-D0F4-EC70-1C01-8D7DE6A68397,-44,26.3,79.34,26.3,79.34,26.3,79.34,26.4,79.52,26.3,79.34,26.4,79.52,100.0
2026-08-29T00:47:33.177391+00:00,outside on top,902B6F7B-D0F4-EC70-1C01-8D7DE6A68397,-51,26.3,79.34,26.2,79.16,26.3,79.34,26.4,79.52,26.4,79.52,26.5,79.7,100.0
2026-08-29T00:47:35.196504+00:00,outside on top,902B6F7B-D0F4-EC70-1C01-8D7DE6A68397,-51,26.3,79.34,26.2,79.16,26.3,79.34,26.4,79.52,26.4,79.52,26.5,79.7,100.0
2026-08-29T00:47:37.206623+00:00,outside on top,902B6F7B-D0F4-EC70-1C01-8D7DE6A68397,-51,26.3,79.34,26.2,79.16,26.3,79.34,26.4,79.52,26.4,79.52,26.5,79.7,100.0
2026-08-29T00:47:39.215175+00:00,outside on top,902B6F7B-D0F4-EC70-1C01-8D7DE6A68397,-46,26.3,79.34,26.2,79.16,26.3,79.34,26.4,79.52,26.4,79.52,26.5,79.7,100.0
2026-08-29T00:47:41.224615+00:00,outside on top,902B6F7B-D0F4-EC70-1C01-8D7DE6A68397,-56,26.3,79.34,26.2,79.16,26.3,79.34,26.4,79.52,26.3,79.34,26.4,79.52,100.0
2026-08-29T00:47:43.234633+00:00,outside on top,902B6F7B-D0F4-EC70-1C01-8D7DE6A68397,-46,26.3,79.34,26.3,79.34,26.3,79.34,26.4,79.52,26.4,79.52,26.4,79.52,100.0
2026-08-29T00:47:45.243211+00:00,outside on top,902B6F7B-D0F4-EC70-1C01-8D7DE6A68397,-44,26.3,79.34,26.2,79.16,26.3,79.34,26.4,79.52,26.4,79.52,26.4,79.52,100.0
2026-08-29T00:47:47.257298+00:00,outside on top,902B6F7B-D0F4-EC70-1C01-8D7DE6A68397,-44,26.3,79.34,26.2,79.16,26.3,79.34,26.4,79.52,26.4,79.52,26.4,79.52,100.0
2026-08-29T00:47:49.266000+00:00,outside on top,902B6F7B-D0F4-EC70-1C01-8D7DE6A68397,-43,26.3,79.34,26.2,79.16,26.3,79.34,26.4,79.52,26.3,79.34,26.4,79.52,100.0
2026-08-29T00:47:51.275773+00:00,outside on top,902B6F7B-D0F4-EC70-1C01-8D7DE6A68397,-44,26.3,79.34,26.2,79.16,26.3,79.34,26.4,79.52,26.3,79.34,26.4,79.52,100.0
2026-08-29T00:47:53.286488+00:00,outside on top,902B6F7B-D0F4-EC70-1C01-8D7DE6A68397,-43,26.3,79.34,26.2,79.16,26.3,79.34,26.4,79.52,26.3,79.34,26.4,79.52,100.0
2026-08-29T00:47:55.311333+00:00,outside on top,902B6F7B-D0F4-EC70-1C01-8D7DE6A68397,-51,26.3,79.34,26.1,78.98,26.3,79.34,26.4,79.52,26.3,79.34,26.4,79.52,100.0
2026-08-29T00:47:57.318453+00:00,outside on top,902B6F7B-D0F4-EC70-1C01-8D7DE6A68397,-51,26.3,79.34,26.1,78.98,26.3,79.34,26.4,79.52,26.3,79.34,26.4,79.52,100.0
2026-08-29T00:47:59.327334+00:00,outside on top,902B6F7B-D0F4-EC70-1C01-8D7DE6A68397,-43,26.3,79.34,26.1,78.98,26.3,79.34,26.4,79.52,26.3,79.34,26.4,79.52,100.0
2026-08-29T00:48:01.332685+00:00,outside on top,902B6F7B-D0F4-EC70-1C01-8D7DE6A68397,-43,26.3,79.34,26.3,79.34,26.3,79.34,26.4,79.52,26.3,79.34,26.4,79.52,100.0
2026-08-29T00:48:03.338931+00:00,outside on top,902B6F7B-D0F4-EC70-1C01-8D7DE6A68397,-51,26.3,79.34,26.1,78.98,26.3,79.34,26.4,79.52,26.3,79.34,26.4,79.52,100.0
2026-08-29T00:48:05.344354+00:00,outside on top,902B6F7B-D0F4-EC70-1C01-8D7DE6A68397,-51,26.3,79.34,26.1,78.98,26.3,79.34,26.4,79.52,26.3,79.34,26.4,79.52,100.0
2026-08-29T00:48:07.358410+00:00,outside on top,902B6F7B-D0F4-EC70-1C01-8D7DE6A68397,-51,26.3,79.34,26.1,78.98,26.3,79.34,26.4,79.52,26.3,79.34,26.4,79.52,100.0
2026-08-29T00:48:09.376185+00:00,outside on top,902B6F7B-D0F4-EC70-1C01-8D7DE6A68397,-44,26.3,79.34,26.3,79.34,26.3,79.34,26.4,79.52,26.3,79.34,26.4,79.52,100.0
2026-08-29T00:48:11.386475+00:00,outside on top,902B6F7B-D0F4-EC70-1C01-8D7DE6A68397,-44,26.3,79.34,26.3,79.34,26.3,79.34,26.4,79.52,26.3,79.34,26.4,79.52,100.0
2026-08-29T00:48:13.397211+00:00,outside on top,902B6F7B-D0F4-EC70-1C01-8D7DE6A68397,-44,26.3,79.34,26.3,79.34,26.3,79.34,26.4,79.52,26.3,79.34,26.4,79.52,100.0
2026-08-29T00:48:15.403502+00:00,outside on top,902B6F7B-D0F4-EC70-1C01-8D7DE6A68397,-44,26.3,79.34,26.3,79.34,26.3,79.34,26.4,79.52,26.3,79.34,26.4,79.52,100.0
2026-08-29T00:48:17.412837+00:00,outside on top,902B6F7B-D0F4-EC70-1C01-8D7DE6A68397,-44,26.3,79.34,26.3,79.34,26.3,79.34,26.4,79.52,26.3,79.34,26.4,79.52,100.0
2026-08-29T00:48:19.428964+00:00,outside on top,902B6F7B-D0F4-EC70-1C01-8D7DE6A68397,-44,26.3,79.34,26.3,79.34,26.3,79.34,26.4,79.52,26.3,79.34,26.4,79.52,100.0
2026-08-29T00:48:21.438157+00:00,outside on top,902B6F7B-D0F4-EC70-1C01-8D7DE6A68397,-43,26.3,79.34,26.3,79.34,26.3,79.34,26.4,79.52,26.3,79.34,26.4,79.52,100.0
2026-08-29T00:48:23.452084+00:00,outside on top,902B6F7B-D0F4-EC70-1C01-8D7DE6A68397,-57,26.3,79.34,26.2,79.16,26.3,79.34,26.4,79.52,26.3,79.34,26.4,79.52,100.0
2026-08-29T00:48:25.468873+00:00,outside on top,902B6F7B-D0F4-EC70-1C01-8D7DE6A68397,-57,26.3,79.34,26.2,79.16,26.3,79.34,26.4,79.52,26.3,79.34,26.4,79.52,100.0
2026-08-29T00:48:27.475316+00:00,outside on top,902B6F7B-D0F4-EC70-1C01-8D7DE6A68397,-57,26.3,79.34,26.2,79.16,26.3,79.34,26.4,79.52,26.3,79.34,26.4,79.52,100.0
2026-08-29T00:48:29.482249+00:00,outside on top,902B6F7B-D0F4-EC70-1C01-8D7DE6A68397,-46,26.3,79.34,26.3,79.34,26.3,79.34,26.4,79.52,26.3,79.34,26.4,79.52,100.0
2026-08-29T00:48:31.490291+00:00,outside on top,902B6F7B-D0F4-EC70-1C01-8D7DE6A68397,-43,26.3,79.34,26.3,79.34,26.3,79.34,26.4,79.52,26.3,79.34,26.4,79.52,100.0
2026-08-29T00:48:33.505425+00:00,outside on top,902B6F7B-D0F4-EC70-1C01-8D7DE6A68397,-44,26.2,79.16,26.2,79.16,26.2,79.16,26.4,79.52,26.3,79.34,26.4,79.52,100.0
2026-08-29T00:48:35.522439+00:00,outside on top,902B6F7B-D0F4-EC70-1C01-8D7DE6A68397,-44,26.2,79.16,26.2,79.16,26.2,79.16,26.4,79.52,26.3,79.34,26.4,79.52,100.0
2026-08-29T00:48:37.532931+00:00,outside on top,902B6F7B-D0F4-EC70-1C01-8D7DE6A68397,-46,26.3,79.34,26.1,78.98,26.3,79.34,26.4,79.52,26.3,79.34,26.4,79.52,100.0
2026-08-29T00:48:39.539784+00:00,outside on top,902B6F7B-D0F4-EC70-1C01-8D7DE6A68397,-43,26.3,79.34,26.1,78.98,26.3,79.34,26.4,79.52,26.3,79.34,26.4,79.52,99.0
2026-08-29T00:48:41.547649+00:00,outside on top,902B6F7B-D0F4-EC70-1C01-8D7DE6A68397,-46,26.2,79.16,26.1,78.98,26.2,79.16,26.4,79.52,26.3,79.34,26.4,79.52,99.0
2026-08-29T00:48:43.558251+00:00,outside on top,902B6F7B-D0F4-EC70-1C01-8D7DE6A68397,-46,26.2,79.16,26.1,78.98,26.2,79.16,26.4,79.52,26.3,79.34,26.4,79.52,99.0
2026-08-29T00:48:45.566997+00:00,outside on top,902B6F7B-D0F4-EC70-1C01-8D7DE6A68397,-46,26.2,79.16,26.1,78.98,26.2,79.16,26.4,79.52,26.3,79.34,26.4,79.52,99.0
2026-08-29T00:48:47.575059+00:00,outside on top,902B6F7B-D0F4-EC70-1C01-8D7DE6A68397,-46,26.2,79.16,26.2,79.16,26.2,79.16,26.4,79.52,26.3,79.34,26.4,79.52,99.0
2026-08-29T00:48:49.614626+00:00,outside on top,902B6F7B-D0F4-EC70-1C01-8D7DE6A68397,-46,26.2,79.16,26.2,79.16,26.2,79.16,26.4,79.52,26.3,79.34,26.4,79.52,99.0
2026-08-29T00:48:51.627671+00:00,outside on top,902B6F7B-D0F4-EC70-1C01-8D7DE6A68397,-46,26.2,79.16,26.2,79.16,26.2,79.16,26.3,79.34,26.3,79.34,26.4,79.52,99.0
2026-08-29T00:48:53.637081+00:00,outside on top,902B6F7B-D0F4-EC70-1C01-8D7DE6A68397,-57,26.2,79.16,25.9,78.62,26.2,79.16,26.3,79.34,26.3,79.34,26.4,79.52,99.0
2026-08-29T00:48:55.647268+00:00,outside on top,902B6F7B-D0F4-EC70-1C01-8D7DE6A68397,-57,26.2,79.16,25.9,78.62,26.2,79.16,26.3,79.34,26.3,79.34,26.4,79.52,99.0
2026-08-29T00:48:57.654782+00:00,outside on top,902B6F7B-D0F4-EC70-1C01-8D7DE6A68397,-57,26.2,79.16,25.9,78.62,26.2,79.16,26.3,79.34,26.3,79.34,26.4,79.52,99.0
2026-08-29T00:48:59.666177+00:00,outside on top,902B6F7B-D0F4-EC70-1C01-8D7DE6A68397,-46,26.2,79.16,26.1,78.98,26.2,79.16,26.3,79.34,26.3,79.34,26.4,79.52,99.0
2026-08-29T00:49:01.673989+00:00,outside on top,902B6F7B-D0F4-EC70-1C01-8D7DE6A68397,-43,26.3,79.34,26.1,78.98,26.3,79.34,26.4,79.52,26.3,79.34,26.4,79.52,99.0
2026-08-29T00:49:03.686300+00:00,outside on top,902B6F7B-D0F4-EC70-1C01-8D7DE6A68397,-43,26.3,79.34,26.1,78.98,26.3,79.34,26.4,79.52,26.3,79.34,26.4,79.52,99.0
2026-08-29T00:49:05.693803+00:00,outside on top,902B6F7B-D0F4-EC70-1C01-8D7DE6A68397,-43,26.3,79.34,26.1,78.98,26.3,79.34,26.4,79.52,26.3,79.34,26.4,79.52,99.0
2026-08-29T00:49:07.703104+00:00,outside on top,902B6F7B-D0F4-EC70-1C01-8D7DE6A68397,-43,26.2,79.16,26.1,78.98,26.2,79.16,26.3,79.34,26.3,79.34,26.4,79.52,99.0
2026-08-29T00:49:09.709517+00:00,outside on top,902B6F7B-D0F4-EC70-1C01-8D7DE6A68397,-44,26.2,79.16,26.3,79.34,26.2,79.16,26.3,79.34,26.3,79.34,26.4,79.52,99.0
2026-08-29T00:49:11.717852+00:00,outside on top,902B6F7B-D0F4-EC70-1C01-8D7DE6A68397,-51,26.2,79.16,26.3,79.34,26.2,79.16,26.3,79.34,26.3,79.34,26.4,79.52,99.0
2026-08-29T00:49:13.725820+00:00,outside on top,902B6F7B-D0F4-EC70-1C01-8D7DE6A68397,-46,26.2,79.16,26.1,78.98,26.2,79.16,26.3,79.34,26.3,79.34,26.4,79.52,99.0
2026-08-29T00:49:15.735049+00:00,outside on top,902B6F7B-D0F4-EC70-1C01-8D7DE6A68397,-46,26.2,79.16,26.1,78.98,26.2,79.16,26.3,79.34,26.3,79.34,26.4,79.52,99.0
2026-08-29T00:49:17.746371+00:00,outside on top,902B6F7B-D0F4-EC70-1C01-8D7DE6A68397,-46,26.2,79.16,26.1,78.98,26.2,79.16,26.3,79.34,26.3,79.34,26.4,79.52,99.0
2026-08-29T00:49:19.760751+00:00,outside on top,902B6F7B-D0F4-EC70-1C01-8D7DE6A68397,-46,26.2,79.16,26.1,78.98,26.2,79.16,26.3,79.34,26.3,79.34,26.4,79.52,99.0
2026-08-29T00:49:21.766214+00:00,outside on top,902B6F7B-D0F4-EC70-1C01-8D7DE6A68397,-44,26.2,79.16,26.1,78.98,26.2,79.16,26.3,79.34,26.3,79.34,26.4,79.52,99.0
2026-08-29T00:49:23.780581+00:00,outside on top,902B6F7B-D0F4-EC70-1C01-8D7DE6A68397,-44,26.2,79.16,26.1,78.98,26.2,79.16,26.3,79.34,26.3,79.34,26.4,79.52,99.0
2026-08-29T00:49:25.802018+00:00,outside on top,902B6F7B-D0F4-EC70-1C01-8D7DE6A68397,-56,26.2,79.16,26.1,78.98,26.2,79.16,26.3,79.34,26.3,79.34,26.4,79.52,99.0
2026-08-29T00:49:27.812204+00:00,outside on top,902B6F7B-D0F4-EC70-1C01-8D7DE6A68397,-56,26.2,79.16,26.1,78.98,26.2,79.16,26.3,79.34,26.3,79.34,26.4,79.52,99.0
2026-08-29T00:49:29.817607+00:00,outside on top,902B6F7B-D0F4-EC70-1C01-8D7DE6A68397,-56,26.2,79.16,26.1,78.98,26.2,79.16,26.3,79.34,26.3,79.34,26.4,79.52,99.0
2026-08-29T00:49:31.824455+00:00,outside on top,902B6F7B-D0F4-EC70-1C01-8D7DE6A68397,-46,26.2,79.16,26.1,78.98,26.2,79.16,26.3,79.34,26.3,79.34,26.4,79.52,99.0
2026-08-29T00:49:33.835227+00:00,outside on top,902B6F7B-D0F4-EC70-1C01-8D7DE6A68397,-43,26.2,79.16,26.1,78.98,26.2,79.16,26.3,79.34,26.3,79.34,26.4,79.52,99.0
2026-08-29T00:49:35.843539+00:00,outside on top,902B6F7B-D0F4-EC70-1C01-8D7DE6A68397,-43,26.2,79.16,26.1,78.98,26.2,79.16,26.3,79.34,26.3,79.34,26.4,79.52,99.0
2026-08-29T00:49:37.848504+00:00,outside on top,902B6F7B-D0F4-EC70-1C01-8D7DE6A68397,-43,26.2,79.16,26.1,78.98,26.2,79.16,26.3,79.34,26.3,79.34,26.4,79.52,99.0
2026-08-29T00:49:39.855415+00:00,outside on top,902B6F7B-D0F4-EC70-1C01-8D7DE6A68397,-43,26.2,79.16,26.0,78.80000000000001,26.2,79.16,26.3,79.34,26.3,79.34,26.4,79.52,99.0
2026-08-29T00:49:41.865836+00:00,outside on top,902B6F7B-D0F4-EC70-1C01-8D7DE6A68397,-46,26.2,79.16,26.1,78.98,26.2,79.16,26.3,79.34,26.2,79.16,26.4,79.52,99.0
2026-08-29T00:49:43.874904+00:00,outside on top,902B6F7B-D0F4-EC70-1C01-8D7DE6A68397,-43,26.2,79.16,26.1,78.98,26.2,79.16,26.3,79.34,26.2,79.16,26.4,79.52,99.0
2026-08-29T00:49:45.883975+00:00,outside on top,902B6F7B-D0F4-EC70-1C01-8D7DE6A68397,-43,26.2,79.16,26.1,78.98,26.2,79.16,26.3,79.34,26.2,79.16,26.4,79.52,99.0
2026-08-29T00:49:47.892511+00:00,outside on top,902B6F7B-D0F4-EC70-1C01-8D7DE6A68397,-43,26.2,79.16,26.0,78.80000000000001,26.2,79.16,26.3,79.34,26.2,79.16,26.4,79.52,99.0
2026-08-29T00:49:49.906186+00:00,outside on top,902B6F7B-D0F4-EC70-1C01-8D7DE6A68397,-46,26.2,79.16,26.1,78.98,26.2,79.16,26.3,79.34,26.2,79.16,26.3,79.34,99.0
2026-08-29T00:49:51.918267+00:00,outside on top,902B6F7B-D0F4-EC70-1C01-8D7DE6A68397,-46,26.2,79.16,26.1,78.98,26.2,79.16,26.3,79.34,26.2,79.16,26.3,79.34,99.0
2026-08-29T00:49:53.943422+00:00,outside on top,902B6F7B-D0F4-EC70-1C01-8D7DE6A68397,-46,26.2,79.16,26.1,78.98,26.2,79.16,26.3,79.34,26.2,79.16,26.3,79.34,99.0
2026-08-29T00:49:55.973457+00:00,outside on top,902B6F7B-D0F4-EC70-1C01-8D7DE6A68397,-46,26.2,79.16,26.1,78.98,26.2,79.16,26.3,79.34,26.2,79.16,26.3,79.34,99.0
2026-08-29T00:49:57.979250+00:00,outside on top,902B6F7B-D0F4-EC70-1C01-8D7DE6A68397,-44,26.2,79.16,26.0,78.80000000000001,26.2,79.16,26.3,79.34,26.2,79.16,26.4,79.52,99.0
2026-08-29T00:49:59.988867+00:00,outside on top,902B6F7B-D0F4-EC70-1C01-8D7DE6A68397,-51,26.2,79.16,26.1,78.98,26.2,79.16,26.3,79.34,26.2,79.16,26.3,79.34,99.0
2026-08-29T00:50:01.997439+00:00,outside on top,902B6F7B-D0F4-EC70-1C01-8D7DE6A68397,-51,26.2,79.16,26.1,78.98,26.2,79.16,26.3,79.34,26.2,79.16,26.3,79.34,99.0
2026-08-29T00:50:04.009455+00:00,outside on top,902B6F7B-D0F4-EC70-1C01-8D7DE6A68397,-43,26.2,79.16,26.1,78.98,26.2,79.16,26.3,79.34,26.2,79.16,26.3,79.34,99.0
2026-08-29T00:50:06.018683+00:00,outside on top,902B6F7B-D0F4-EC70-1C01-8D7DE6A68397,-44,26.2,79.16,26.1,78.98,26.2,79.16,26.3,79.34,26.2,79.16,26.3,79.34,99.0
2026-08-29T00:50:08.027544+00:00,outside on top,902B6F7B-D0F4-EC70-1C01-8D7DE6A68397,-51,26.2,79.16,25.9,78.62,26.2,79.16,26.3,79.34,26.2,79.16,26.3,79.34,99.0
2026-08-29T00:50:10.040481+00:00,outside on top,902B6F7B-D0F4-EC70-1C01-8D7DE6A68397,-51,26.2,79.16,25.9,78.62,26.2,79.16,26.3,79.34,26.2,79.16,26.3,79.34,99.0
2026-08-29T00:50:12.052716+00:00,outside on top,902B6F7B-D0F4-EC70-1C01-8D7DE6A68397,-51,26.2,79.16,25.9,78.62,26.2,79.16,26.3,79.34,26.2,79.16,26.3,79.34,99.0
2026-08-29T00:50:14.066990+00:00,outside on top,902B6F7B-D0F4-EC70-1C01-8D7DE6A68397,-44,26.2,79.16,26.2,79.16,26.2,79.16,26.3,79.34,26.2,79.16,26.3,79.34,99.0
2026-08-29T00:50:16.085346+00:00,outside on top,902B6F7B-D0F4-EC70-1C01-8D7DE6A68397,-43,26.2,79.16,26.2,79.16,26.2,79.16,26.3,79.34,26.2,79.16,26.3,79.34,99.0
2026-08-29T00:50:18.093602+00:00,outside on top,902B6F7B-D0F4-EC70-1C01-8D7DE6A68397,-43,26.2,79.16,25.9,78.62,26.2,79.16,26.3,79.34,26.2,79.16,26.3,79.34,99.0
2026-08-29T00:50:20.098255+00:00,outside on top,902B6F7B-D0F4-EC70-1C01-8D7DE6A68397,-43,26.2,79.16,25.9,78.62,26.2,79.16,26.3,79.34,26.2,79.16,26.3,79.34,99.0
2026-08-29T00:50:22.105421+00:00,outside on top,902B6F7B-D0F4-EC70-1C01-8D7DE6A68397,-43,26.2,79.16,25.9,78.62,26.2,79.16,26.3,79.34,26.2,79.16,26.3,79.34,99.0
2026-08-29T00:50:24.117570+00:00,outside on top,902B6F7B-D0F4-EC70-1C01-8D7DE6A68397,-43,26.2,79.16,26.1,78.98,26.2,79.16,26.3,79.34,26.2,79.16,26.3,79.34,99.0
2026-08-29T00:50:26.127882+00:00,outside on top,902B6F7B-D0F4-EC70-1C01-8D7DE6A68397,-43,26.2,79.16,26.1,78.98,26.2,79.16,26.3,79.34,26.2,79.16,26.3,79.34,99.0
2026-08-29T00:50:28.136119+00:00,outside on top,902B6F7B-D0F4-EC70-1C01-8D7DE6A68397,-52,26.2,79.16,26.1,78.98,26.2,79.16,26.3,79.34,26.2,79.16,26.3,79.34,99.0
2026-08-29T00:50:30.143156+00:00,outside on top,902B6F7B-D0F4-EC70-1C01-8D7DE6A68397,-52,26.2,79.16,26.1,78.98,26.2,79.16,26.3,79.34,26.2,79.16,26.3,79.34,99.0
2026-08-29T00:50:32.160204+00:00,outside on top,902B6F7B-D0F4-EC70-1C01-8D7DE6A68397,-43,26.2,79.16,26.1,78.98,26.2,79.16,26.3,79.34,26.2,79.16,26.3,79.34,99.0
2026-08-29T00:50:34.178594+00:00,outside on top,902B6F7B-D0F4-EC70-1C01-8D7DE6A68397,-43,26.2,79.16,26.0,78.80000000000001,26.2,79.16,26.3,79.34,26.2,79.16,26.3,79.34,99.0
2026-08-29T00:50:36.189580+00:00,outside on top,902B6F7B-D0F4-EC70-1C01-8D7DE6A68397,-43,26.2,79.16,26.0,78.80000000000001,26.2,79.16,26.3,79.34,26.2,79.16,26.3,79.34,99.0
2026-08-29T00:50:38.198850+00:00,outside on top,902B6F7B-D0F4-EC70-1C01-8D7DE6A68397,-43,26.2,79.16,26.0,78.80000000000001,26.2,79.16,26.3,79.34,26.2,79.16,26.3,79.34,99.0
2026-08-29T00:50:40.205667+00:00,outside on top,902B6F7B-D0F4-EC70-1C01-8D7DE6A68397,-50,26.2,79.16,25.9,78.62,26.2,79.16,26.3,79.34,26.2,79.16,26.3,79.34,99.0
2026-08-29T00:50:42.218499+00:00,outside on top,902B6F7B-D0F4-EC70-1C01-8D7DE6A68397,-50,26.2,79.16,25.9,78.62,26.2,79.16,26.3,79.34,26.2,79.16,26.3,79.34,99.0
2026-08-29T00:50:44.235175+00:00,outside on top,902B6F7B-D0F4-EC70-1C01-8D7DE6A68397,-50,26.2,79.16,25.9,78.62,26.2,79.16,26.3,79.34,26.2,79.16,26.3,79.34,99.0
2026-08-29T00:50:46.247056+00:00,outside on top,902B6F7B-D0F4-EC70-1C01-8D7DE6A68397,-54,26.2,79.16,25.9,78.62,26.2,79.16,26.3,79.34,26.2,79.16,26.3,79.34,99.0
2026-08-29T00:50:48.257135+00:00,outside on top,902B6F7B-D0F4-EC70-1C01-8D7DE6A68397,-53,26.2,79.16,26.1,78.98,26.2,79.16,26.3,79.34,26.2,79.16,26.3,79.34,99.0
2026-08-29T00:50:50.280558+00:00,outside on top,902B6F7B-D0F4-EC70-1C01-8D7DE6A68397,-55,26.1,78.98,25.9,78.62,26.1,78.98,26.3,79.34,26.2,79.16,26.3,79.34,99.0
2026-08-29T00:50:52.284213+00:00,outside on top,902B6F7B-D0F4-EC70-1C01-8D7DE6A68397,-54,26.2,79.16,25.9,78.62,26.2,79.16,26.3,79.34,26.2,79.16,26.3,79.34,99.0
2026-08-29T00:50:54.291948+00:00,outside on top,902B6F7B-D0F4-EC70-1C01-8D7DE6A68397,-56,26.2,79.16,26.0,78.80000000000001,26.2,79.16,26.3,79.34,26.2,79.16,26.3,79.34,99.0
2026-08-29T00:50:56.293679+00:00,outside on top,902B6F7B-D0F4-EC70-1C01-8D7DE6A68397,-54,26.2,79.16,26.1,78.98,26.2,79.16,26.3,79.34,26.2,79.16,26.3,79.34,99.0
2026-08-29T00:50:58.298981+00:00,outside on top,902B6F7B-D0F4-EC70-1C01-8D7DE6A68397,-56,26.2,79.16,26.3,79.34,26.2,79.16,26.3,79.34,26.2,79.16,26.3,79.34,99.0
2026-08-29T00:51:00.305708+00:00,outside on top,902B6F7B-D0F4-EC70-1C01-8D7DE6A68397,-55,26.2,79.16,26.3,79.34,26.2,79.16,26.3,79.34,26.2,79.16,26.3,79.34,99.0
2026-08-29T00:51:02.311485+00:00,outside on top,902B6F7B-D0F4-EC70-1C01-8D7DE6A68397,-56,26.2,79.16,26.1,78.98,26.2,79.16,26.3,79.34,26.2,79.16,26.3,79.34,99.0
2026-08-29T00:51:04.316739+00:00,outside on top,902B6F7B-D0F4-EC70-1C01-8D7DE6A68397,-53,26.2,79.16,26.0,78.80000000000001,26.2,79.16,26.3,79.34,26.2,79.16,26.3,79.34,99.0
2026-08-29T00:51:06.323617+00:00,outside on top,902B6F7B-D0F4-EC70-1C01-8D7DE6A68397,-53,26.2,79.16,26.0,78.80000000000001,26.2,79.16,26.3,79.34,26.2,79.16,26.3,79.34,99.0
2026-08-29T00:51:08.330033+00:00,outside on top,902B6F7B-D0F4-EC70-1C01-8D7DE6A68397,-55,26.2,79.16,26.0,78.80000000000001,26.2,79.16,26.3,79.34,26.2,79.16,26.3,79.34,99.0
2026-08-29T00:51:10.333104+00:00,outside on top,902B6F7B-D0F4-EC70-1C01-8D7DE6A68397,-55,26.1,78.98,26.0,78.80000000000001,26.1,78.98,26.3,79.34,26.2,79.16,26.3,79.34,99.0
2026-08-29T00:51:12.338507+00:00,outside on top,902B6F7B-D0F4-EC70-1C01-8D7DE6A68397,-55,26.1,78.98,26.2,79.16,26.1,78.98,26.2,79.16,26.2,79.16,26.3,79.34,99.0
2026-08-29T00:51:14.343053+00:00,outside on top,902B6F7B-D0F4-EC70-1C01-8D7DE6A68397,-56,26.2,79.16,26.0,78.80000000000001,26.2,79.16,26.3,79.34,26.2,79.16,26.3,79.34,99.0
2026-08-29T00:51:16.347003+00:00,outside on top,902B6F7B-D0F4-EC70-1C01-8D7DE6A68397,-56,26.2,79.16,26.0,78.80000000000001,26.2,79.16,26.3,79.34,26.2,79.16,26.3,79.34,99.0
2026-08-29T00:51:18.353049+00:00,outside on top,902B6F7B-D0F4-EC70-1C01-8D7DE6A68397,-55,26.2,79.16,26.1,78.98,26.2,79.16,26.3,79.34,26.2,79.16,26.3,79.34,99.0
2026-08-29T00:51:20.358010+00:00,outside on top,902B6F7B-D0F4-EC70-1C01-8D7DE6A68397,-55,26.2,79.16,26.1,78.98,26.2,79.16,26.3,79.34,26.2,79.16,26.3,79.34,99.0
2026-08-29T00:51:22.360271+00:00,outside on top,902B6F7B-D0F4-EC70-1C01-8D7DE6A68397,-54,26.2,79.16,25.9,78.62,26.2,79.16,26.3,79.34,26.2,79.16,26.3,79.34,99.0
2026-08-29T00:51:24.362315+00:00,outside on top,902B6F7B-D0F4-EC70-1C01-8D7DE6A68397,-54,26.2,79.16,26.1,78.98,26.2,79.16,26.3,79.34,26.2,79.16,26.3,79.34,99.0
2026-08-29T00:51:26.363833+00:00,outside on top,902B6F7B-D0F4-EC70-1C01-8D7DE6A68397,-54,26.2,79.16,26.0,78.80000000000001,26.2,79.16,26.3,79.34,26.2,79.16,26.3,79.34,99.0
2026-08-29T00:51:28.366719+00:00,outside on top,902B6F7B-D0F4-EC70-1C01-8D7DE6A68397,-54,26.2,79.16,26.0,78.80000000000001,26.2,79.16,26.3,79.34,26.2,79.16,26.3,79.34,99.0
2026-08-29T00:51:30.373704+00:00,outside on top,902B6F7B-D0F4-EC70-1C01-8D7DE6A68397,-53,26.1,78.98,25.7,78.25999999999999,26.1,78.98,26.2,79.16,26.2,79.16,26.3,79.34,99.0
2026-08-29T00:51:32.376036+00:00,outside on top,902B6F7B-D0F4-EC70-1C01-8D7DE6A68397,-53,26.2,79.16,26.0,78.80000000000001,26.2,79.16,26.3,79.34,26.2,79.16,26.3,79.34,99.0
2026-08-29T00:51:34.381716+00:00,outside on top,902B6F7B-D0F4-EC70-1C01-8D7DE6A68397,-53,26.2,79.16,26.1,78.98,26.2,79.16,26.3,79.34,26.2,79.16,26.3,79.34,99.0
2026-08-29T00:51:36.386148+00:00,outside on top,902B6F7B-D0F4-EC70-1C01-8D7DE6A68397,-53,26.2,79.16,26.1,78.98,26.2,79.16,26.3,79.34,26.2,79.16,26.3,79.34,99.0
2026-08-29T00:51:38.391531+00:00,outside on top,902B6F7B-D0F4-EC70-1C01-8D7DE6A68397,-53,26.2,79.16,26.1,78.98,26.2,79.16,26.3,79.34,26.2,79.16,26.3,79.34,99.0
2026-08-29T00:51:40.396630+00:00,outside on top,902B6F7B-D0F4-EC70-1C01-8D7DE6A68397,-53,26.2,79.16,26.1,78.98,26.2,79.16,26.3,79.34,26.2,79.16,26.3,79.34,99.0
2026-08-29T00:51:42.402409+00:00,outside on top,902B6F7B-D0F4-EC70-1C01-8D7DE6A68397,-53,26.2,79.16,25.8,78.44,26.2,79.16,26.3,79.34,26.2,79.16,26.3,79.34,99.0
2026-08-29T00:51:44.404868+00:00,outside on top,902B6F7B-D0F4-EC70-1C01-8D7DE6A68397,-54,26.2,79.16,25.8,78.44,26.2,79.16,26.3,79.34,26.2,79.16,26.3,79.34,99.0
2026-08-29T00:51:46.409645+00:00,outside on top,902B6F7B-D0F4-EC70-1C01-8D7DE6A68397,-54,26.2,79.16,25.8,78.44,26.2,79.16,26.3,79.34,26.2,79.16,26.3,79.34,99.0
2026-08-29T00:51:48.415269+00:00,outside on top,902B6F7B-D0F4-EC70-1C01-8D7DE6A68397,-54,26.2,79.16,25.8,78.44,26.2,79.16,26.3,79.34,26.2,79.16,26.3,79.34,99.0
2026-08-29T00:51:50.417930+00:00,outside on top,902B6F7B-D0F4-EC70-1C01-8D7DE6A68397,-54,26.2,79.16,25.8,78.44,26.2,79.16,26.3,79.34,26.2,79.16,26.3,79.34,99.0
2026-08-29T00:51:52.422005+00:00,outside on top,902B6F7B-D0F4-EC70-1C01-8D7DE6A68397,-54,26.2,79.16,25.8,78.44,26.2,79.16,26.3,79.34,26.2,79.16,26.3,79.34,99.0
2026-08-29T00:51:54.427183+00:00,outside on top,902B6F7B-D0F4-EC70-1C01-8D7DE6A68397,-56,26.2,79.16,25.9,78.62,26.2,79.16,26.3,79.34,26.2,79.16,26.3,79.34,99.0
2026-08-29T00:51:56.432929+00:00,outside on top,902B6F7B-D0F4-EC70-1C01-8D7DE6A68397,-55,26.2,79.16,25.9,78.62,26.2,79.16,26.3,79.34,26.2,79.16,26.3,79.34,99.0
2026-08-29T00:51:58.438635+00:00,outside on top,902B6F7B-D0F4-EC70-1C01-8D7DE6A68397,-55,26.2,79.16,25.9,78.62,26.2,79.16,26.3,79.34,26.2,79.16,26.3,79.34,99.0
2026-08-29T00:52:00.444434+00:00,outside on top,902B6F7B-D0F4-EC70-1C01-8D7DE6A68397,-55,26.2,79.16,25.9,78.62,26.2,79.16,26.3,79.34,26.2,79.16,26.3,79.34,99.0
2026-08-29T00:52:02.450421+00:00,outside on top,902B6F7B-D0F4-EC70-1C01-8D7DE6A68397,-55,26.2,79.16,25.9,78.62,26.2,79.16,26.3,79.34,26.2,79.16,26.3,79.34,99.0
2026-08-29T00:52:04.455636+00:00,outside on top,902B6F7B-D0F4-EC70-1C01-8D7DE6A68397,-54,26.1,78.98,26.0,78.80000000000001,26.1,78.98,26.3,79.34,26.2,79.16,26.3,79.34,99.0
2026-08-29T00:52:06.466863+00:00,outside on top,902B6F7B-D0F4-EC70-1C01-8D7DE6A68397,-56,26.2,79.16,25.9,78.62,26.2,79.16,26.3,79.34,26.2,79.16,26.3,79.34,99.0
2026-08-29T00:52:08.472670+00:00,outside on top,902B6F7B-D0F4-EC70-1C01-8D7DE6A68397,-65,26.2,79.16,25.9,78.62,26.2,79.16,26.3,79.34,26.2,79.16,26.3,79.34,99.0
2026-08-29T00:52:10.478945+00:00,outside on top,902B6F7B-D0F4-EC70-1C01-8D7DE6A68397,-65,26.2,79.16,25.9,78.62,26.2,79.16,26.3,79.34,26.2,79.16,26.3,79.34,99.0
2026-08-29T00:52:12.486412+00:00,outside on top,902B6F7B-D0F4-EC70-1C01-8D7DE6A68397,-65,26.2,79.16,25.9,78.62,26.2,79.16,26.3,79.34,26.2,79.16,26.3,79.34,99.0
2026-08-29T00:52:14.494894+00:00,outside on top,902B6F7B-D0F4-EC70-1C01-8D7DE6A68397,-56,26.2,79.16,25.9,78.62,26.2,79.16,26.3,79.34,26.2,79.16,26.3,79.34,99.0
2026-08-29T00:52:16.498979+00:00,outside on top,902B6F7B-D0F4-EC70-1C01-8D7DE6A68397,-56,26.2,79.16,25.9,78.62,26.2,79.16,26.3,79.34,26.2,79.16,26.3,79.34,99.0
2026-08-29T00:52:18.505069+00:00,outside on top,902B6F7B-D0F4-EC70-1C01-8D7DE6A68397,-56,26.2,79.16,25.9,78.62,26.2,79.16,26.3,79.34,26.2,79.16,26.3,79.34,99.0
2026-08-29T00:52:20.511743+00:00,outside on top,902B6F7B-D0F4-EC70-1C01-8D7DE6A68397,-54,26.2,79.16,25.9,78.62,26.2,79.16,26.3,79.34,26.2,79.16,26.3,79.34,99.0
2026-08-29T00:52:22.518770+00:00,outside on top,902B6F7B-D0F4-EC70-1C01-8D7DE6A68397,-57,26.1,78.98,25.9,78.62,26.1,78.98,26.2,79.16,26.2,79.16,26.3,79.34,99.0
2026-08-29T00:52:24.524528+00:00,outside on top,902B6F7B-D0F4-EC70-1C01-8D7DE6A68397,-57,26.1,78.98,25.9,78.62,26.1,78.98,26.2,79.16,26.2,79.16,26.3,79.34,99.0
2026-08-29T00:52:26.532554+00:00,outside on top,902B6F7B-D0F4-EC70-1C01-8D7DE6A68397,-57,26.1,78.98,25.9,78.62,26.1,78.98,26.2,79.16,26.2,79.16,26.3,79.34,99.0
2026-08-29T00:52:28.544644+00:00,outside on top,902B6F7B-D0F4-EC70-1C01-8D7DE6A68397,-57,26.1,78.98,25.9,78.62,26.1,78.98,26.2,79.16,26.2,79.16,26.3,79.34,99.0
2026-08-29T00:52:30.548537+00:00,outside on top,902B6F7B-D0F4-EC70-1C01-8D7DE6A68397,-56,26.1,78.98,25.9,78.62,26.1,78.98,26.3,79.34,26.2,79.16,26.3,79.34,99.0
2026-08-29T00:52:32.551814+00:00,outside on top,902B6F7B-D0F4-EC70-1C01-8D7DE6A68397,-76,26.1,78.98,26.0,78.80000000000001,26.1,78.98,26.3,79.34,26.2,79.16,26.3,79.34,99.0
2026-08-29T00:52:34.560885+00:00,outside on top,902B6F7B-D0F4-EC70-1C01-8D7DE6A68397,-55,26.1,78.98,26.1,78.98,26.1,78.98,26.3,79.34,26.2,79.16,26.3,79.34,99.0
2026-08-29T00:52:36.567771+00:00,outside on top,902B6F7B-D0F4-EC70-1C01-8D7DE6A68397,-55,26.1,78.98,26.1,78.98,26.1,78.98,26.3,79.34,26.2,79.16,26.3,79.34,99.0
2026-08-29T00:52:38.574559+00:00,outside on top,902B6F7B-D0F4-EC70-1C01-8D7DE6A68397,-55,26.1,78.98,26.1,78.98,26.1,78.98,26.3,79.34,26.2,79.16,26.3,79.34,99.0
2026-08-29T00:52:40.576641+00:00,outside on top,902B6F7B-D0F4-EC70-1C01-8D7DE6A68397,-58,26.1,78.98,26.1,78.98,26.1,78.98,26.2,79.16,26.2,79.16,26.3,79.34,99.0
2026-08-29T00:52:42.582546+00:00,outside on top,902B6F7B-D0F4-EC70-1C01-8D7DE6A68397,-61,26.1,78.98,26.1,78.98,26.1,78.98,26.2,79.16,26.2,79.16,26.3,79.34,99.0
2026-08-29T00:52:44.587180+00:00,outside on top,902B6F7B-D0F4-EC70-1C01-8D7DE6A68397,-61,26.1,78.98,26.1,78.98,26.1,78.98,26.2,79.16,26.2,79.16,26.3,79.34,99.0
2026-08-29T00:52:46.592232+00:00,outside on top,902B6F7B-D0F4-EC70-1C01-8D7DE6A68397,-52,26.2,79.16,26.1,78.98,26.2,79.16,26.3,79.34,26.2,79.16,26.5,79.7,99.0
2026-08-29T00:52:48.598796+00:00,outside on top,902B6F7B-D0F4-EC70-1C01-8D7DE6A68397,-44,26.7,80.06,26.4,79.52,26.7,80.06,27.0,80.6,26.7,80.06,27.1,80.78,99.0
2026-08-29T00:52:50.605070+00:00,outside on top,902B6F7B-D0F4-EC70-1C01-8D7DE6A68397,-47,26.7,80.06,26.4,79.52,26.7,80.06,27.0,80.6,26.7,80.06,27.1,80.78,99.0
2026-08-29T00:52:52.612364+00:00,outside on top,902B6F7B-D0F4-EC70-1C01-8D7DE6A68397,-54,27.7,81.86,26.8,80.24000000000001,28.2,82.75999999999999,28.0,82.4,27.7,81.86,28.2,82.75999999999999,99.0
2026-08-29T00:52:54.619580+00:00,outside on top,902B6F7B-D0F4-EC70-1C01-8D7DE6A68397,-61,27.7,81.86,26.8,80.24000000000001,28.2,82.75999999999999,28.0,82.4,27.7,81.86,28.2,82.75999999999999,99.0
2026-08-29T00:52:56.624793+00:00,outside on top,902B6F7B-D0F4-EC70-1C01-8D7DE6A68397,-56,28.5,83.30000000000001,26.9,80.42,29.1,84.38,28.5,83.30000000000001,28.8,83.84,29.1,84.38,99.0
2026-08-29T00:52:58.630973+00:00,outside on top,902B6F7B-D0F4-EC70-1C01-8D7DE6A68397,-56,28.5,83.30000000000001,26.9,80.42,29.1,84.38,28.5,83.30000000000001,28.8,83.84,29.1,84.38,99.0
2026-08-29T00:53:00.635574+00:00,outside on top,902B6F7B-D0F4-EC70-1C01-8D7DE6A68397,-48,29.6,85.28,27.1,80.78,29.9,85.82,29.6,85.28,30.1,86.18,29.9,85.82,99.0
2026-08-29T00:53:02.643604+00:00,outside on top,902B6F7B-D0F4-EC70-1C01-8D7DE6A68397,-43,29.6,85.28,27.1,80.78,29.9,85.82,29.6,85.28,30.1,86.18,29.9,85.82,99.0
2026-08-29T00:53:04.649529+00:00,outside on top,902B6F7B-D0F4-EC70-1C01-8D7DE6A68397,-46,30.5,86.9,27.0,80.6,30.6,87.08000000000001,30.5,86.9,30.5,86.9,30.1,86.18,99.0
2026-08-29T00:53:06.657837+00:00,outside on top,902B6F7B-D0F4-EC70-1C01-8D7DE6A68397,-46,30.5,86.9,27.0,80.6,30.6,87.08000000000001,30.5,86.9,30.5,86.9,30.1,86.18,99.0
2026-08-29T00:53:08.662915+00:00,outside on top,902B6F7B-D0F4-EC70-1C01-8D7DE6A68397,-49,31.0,87.80000000000001,27.1,80.78,31.4,88.52,31.4,88.52,31.0,87.80000000000001,30.1,86.18,99.0
2026-08-29T00:53:10.669771+00:00,outside on top,902B6F7B-D0F4-EC70-1C01-8D7DE6A68397,-57,31.1,87.98,27.0,80.6,31.6,88.88,31.5,88.7,31.1,87.98,30.2,86.36,99.0
2026-08-29T00:53:12.673099+00:00,outside on top,902B6F7B-D0F4-EC70-1C01-8D7DE6A68397,-57,31.1,87.98,27.0,80.6,31.6,88.88,31.5,88.7,31.1,87.98,30.2,86.36,99.0
2026-08-29T00:53:14.677873+00:00,outside on top,902B6F7B-D0F4-EC70-1C01-8D7DE6A68397,-62,31.6,88.88,27.1,80.78,32.3,90.13999999999999,32.4,90.32,31.6,88.88,30.6,87.08000000000001,99.0
2026-08-29T00:53:16.683589+00:00,outside on top,902B6F7B-D0F4-EC70-1C01-8D7DE6A68397,-67,31.6,88.88,27.1,80.78,32.3,90.13999999999999,32.4,90.32,31.6,88.88,30.6,87.08000000000001,99.0
2026-08-29T00:53:18.693037+00:00,outside on top,902B6F7B-D0F4-EC70-1C01-8D7DE6A68397,-67,31.6,88.88,27.1,80.78,32.3,90.13999999999999,32.4,90.32,31.6,88.88,30.6,87.08000000000001,99.0
2026-08-29T00:53:20.698072+00:00,outside on top,902B6F7B-D0F4-EC70-1C01-8D7DE6A68397,-63,31.6,88.88,27.1,80.78,32.3,90.13999999999999,32.4,90.32,31.6,88.88,30.6,87.08000000000001,99.0
2026-08-29T00:53:22.703449+00:00,outside on top,902B6F7B-D0F4-EC70-1C01-8D7DE6A68397,-63,32.4,90.32,27.2,80.96000000000001,33.3,91.94,33.4,92.12,32.4,90.32,31.2,88.16,99.0
2026-08-29T00:53:24.708653+00:00,outside on top,902B6F7B-D0F4-EC70-1C01-8D7DE6A68397,-71,32.4,90.32,27.2,80.96000000000001,33.3,91.94,33.4,92.12,32.4,90.32,31.2,88.16,99.0
2026-08-29T00:53:26.715212+00:00,outside on top,902B6F7B-D0F4-EC70-1C01-8D7DE6A68397,-63,32.6,90.68,27.2,80.96000000000001,33.5,92.30000000000001,33.6,92.48,32.6,90.68,31.4,88.52,99.0
2026-08-29T00:53:28.720447+00:00,outside on top,902B6F7B-D0F4-EC70-1C01-8D7DE6A68397,-63,32.6,90.68,27.2,80.96000000000001,33.5,92.30000000000001,33.6,92.48,32.6,90.68,31.4,88.52,99.0
2026-08-29T00:53:30.727929+00:00,outside on top,902B6F7B-D0F4-EC70-1C01-8D7DE6A68397,-63,32.6,90.68,27.2,80.96000000000001,33.5,92.30000000000001,33.6,92.48,32.6,90.68,31.4,88.52,99.0
2026-08-29T00:53:32.734033+00:00,outside on top,902B6F7B-D0F4-EC70-1C01-8D7DE6A68397,-63,32.6,90.68,27.2,80.96000000000001,33.5,92.30000000000001,33.6,92.48,32.6,90.68,31.4,88.52,99.0
2026-08-29T00:53:34.738724+00:00,outside on top,902B6F7B-D0F4-EC70-1C01-8D7DE6A68397,-63,32.6,90.68,27.2,80.96000000000001,33.5,92.30000000000001,33.6,92.48,32.6,90.68,31.4,88.52,99.0
2026-08-29T00:53:36.742922+00:00,outside on top,902B6F7B-D0F4-EC70-1C01-8D7DE6A68397,-63,33.2,91.76,27.1,80.78,34.1,93.38,34.1,93.38,33.2,91.76,31.8,89.24000000000001,99.0
2026-08-29T00:53:38.748711+00:00,outside on top,902B6F7B-D0F4-EC70-1C01-8D7DE6A68397,-63,33.2,91.76,27.1,80.78,34.1,93.38,34.1,93.38,33.2,91.76,31.8,89.24000000000001,99.0
2026-08-29T00:53:40.753804+00:00,outside on top,902B6F7B-D0F4-EC70-1C01-8D7DE6A68397,-63,33.2,91.76,27.1,80.78,34.1,93.38,34.1,93.38,33.2,91.76,31.8,89.24000000000001,99.0
2026-08-29T00:53:42.757867+00:00,outside on top,902B6F7B-D0F4-EC70-1C01-8D7DE6A68397,-63,33.2,91.76,27.1,80.78,34.1,93.38,34.1,93.38,33.2,91.76,31.8,89.24000000000001,99.0
2026-08-29T00:53:44.762892+00:00,outside on top,902B6F7B-D0F4-EC70-1C01-8D7DE6A68397,-60,33.7,92.66,27.5,81.5,34.2,93.56,34.4,93.92,33.7,92.66,32.2,89.96000000000001,99.0
2026-08-29T00:53:46.769363+00:00,outside on top,902B6F7B-D0F4-EC70-1C01-8D7DE6A68397,-65,33.8,92.84,27.5,81.5,34.2,93.56,34.4,93.92,33.8,92.84,32.2,89.96000000000001,99.0
2026-08-29T00:53:48.776132+00:00,outside on top,902B6F7B-D0F4-EC70-1C01-8D7DE6A68397,-56,33.8,92.84,27.5,81.5,34.2,93.56,34.4,93.92,33.8,92.84,32.2,89.96000000000001,99.0
2026-08-29T00:53:50.781703+00:00,outside on top,902B6F7B-D0F4-EC70-1C01-8D7DE6A68397,-56,33.8,92.84,27.5,81.5,34.2,93.56,34.4,93.92,33.8,92.84,32.2,89.96000000000001,99.0
2026-08-29T00:53:52.787132+00:00,outside on top,902B6F7B-D0F4-EC70-1C01-8D7DE6A68397,-56,33.8,92.84,27.5,81.5,34.2,93.56,34.4,93.92,33.8,92.84,32.2,89.96000000000001,99.0
2026-08-29T00:53:54.792191+00:00,outside on top,902B6F7B-D0F4-EC70-1C01-8D7DE6A68397,-58,34.1,93.38,27.4,81.32,34.2,93.56,34.6,94.28,34.1,93.38,32.2,89.96000000000001,99.0
2026-08-29T00:53:56.797168+00:00,outside on top,902B6F7B-D0F4-EC70-1C01-8D7DE6A68397,-63,34.1,93.38,27.4,81.32,34.2,93.56,34.6,94.28,34.1,93.38,32.2,89.96000000000001,99.0
2026-08-29T00:53:58.798986+00:00,outside on top,902B6F7B-D0F4-EC70-1C01-8D7DE6A68397,-69,34.2,93.56,27.3,81.14,34.2,93.56,34.7,94.46000000000001,34.2,93.56,32.2,89.96000000000001,99.0
2026-08-29T00:54:00.805443+00:00,outside on top,902B6F7B-D0F4-EC70-1C01-8D7DE6A68397,-69,34.2,93.56,27.3,81.14,34.2,93.56,34.7,94.46000000000001,34.2,93.56,32.2,89.96000000000001,99.0
2026-08-29T00:54:02.810103+00:00,outside on top,902B6F7B-D0F4-EC70-1C01-8D7DE6A68397,-62,34.0,93.2,27.6,81.68,34.0,93.2,34.7,94.46000000000001,34.3,93.74,32.2,89.96000000000001,99.0
2026-08-29T00:54:04.816808+00:00,outside on top,902B6F7B-D0F4-EC70-1C01-8D7DE6A68397,-54,34.0,93.2,27.6,81.68,34.0,93.2,34.7,94.46000000000001,34.3,93.74,32.2,89.96000000000001,99.0
2026-08-29T00:54:06.822344+00:00,outside on top,902B6F7B-D0F4-EC70-1C01-8D7DE6A68397,-57,33.9,93.02,27.7,81.86,33.9,93.02,34.4,93.92,34.2,93.56,32.1,89.78,99.0
2026-08-29T00:54:08.826693+00:00,outside on top,902B6F7B-D0F4-EC70-1C01-8D7DE6A68397,-57,33.9,93.02,27.7,81.86,33.9,93.02,34.4,93.92,34.2,93.56,32.1,89.78,99.0
2026-08-29T00:54:10.831825+00:00,outside on top,902B6F7B-D0F4-EC70-1C01-8D7DE6A68397,-56,33.6,92.48,27.8,82.03999999999999,33.6,92.48,34.0,93.2,33.8,92.84,31.8,89.24000000000001,99.0
2026-08-29T00:54:12.837154+00:00,outside on top,902B6F7B-D0F4-EC70-1C01-8D7DE6A68397,-58,33.6,92.48,27.8,82.03999999999999,33.6,92.48,34.0,93.2,33.8,92.84,31.8,89.24000000000001,99.0
2026-08-29T00:54:14.842786+00:00,outside on top,902B6F7B-D0F4-EC70-1C01-8D7DE6A68397,-54,33.4,92.12,27.8,82.03999999999999,33.4,92.12,33.8,92.84,33.5,92.30000000000001,31.6,88.88,99.0
2026-08-29T00:54:16.846285+00:00,outside on top,902B6F7B-D0F4-EC70-1C01-8D7DE6A68397,-63,33.3,91.94,27.8,82.03999999999999,33.3,91.94,33.7,92.66,33.4,92.12,31.5,88.7,99.0
2026-08-29T00:54:18.853926+00:00,outside on top,902B6F7B-D0F4-EC70-1C01-8D7DE6A68397,-63,33.3,91.94,27.8,82.03999999999999,33.3,91.94,33.7,92.66,33.4,92.12,31.5,88.7,99.0
2026-08-29T00:54:20.859282+00:00,outside on top,902B6F7B-D0F4-EC70-1C01-8D7DE6A68397,-59,33.3,91.94,27.8,82.03999999999999,33.3,91.94,33.7,92.66,33.4,92.12,31.5,88.7,99.0
2026-08-29T00:54:22.863872+00:00,outside on top,902B6F7B-D0F4-EC70-1C01-8D7DE6A68397,-59,33.3,91.94,27.8,82.03999999999999,33.3,91.94,33.7,92.66,33.4,92.12,31.5,88.7,99.0
2026-08-29T00:54:24.871168+00:00,outside on top,902B6F7B-D0F4-EC70-1C01-8D7DE6A68397,-59,33.3,91.94,27.8,82.03999999999999,33.3,91.94,33.7,92.66,33.4,92.12,31.5,88.7,99.0
2026-08-29T00:54:26.877893+00:00,outside on top,902B6F7B-D0F4-EC70-1C01-8D7DE6A68397,-59,33.3,91.94,27.8,82.03999999999999,33.3,91.94,33.7,92.66,33.4,92.12,31.5,88.7,99.0
2026-08-29T00:54:28.879524+00:00,outside on top,902B6F7B-D0F4-EC70-1C01-8D7DE6A68397,-59,33.3,91.94,27.8,82.03999999999999,33.3,91.94,33.7,92.66,33.4,92.12,31.5,88.7,99.0
2026-08-29T00:54:30.888623+00:00,outside on top,902B6F7B-D0F4-EC70-1C01-8D7DE6A68397,-52,32.4,90.32,27.9,82.22,32.8,91.03999999999999,33.0,91.4,32.4,90.32,30.7,87.25999999999999,99.0
2026-08-29T00:54:32.896984+00:00,outside on top,902B6F7B-D0F4-EC70-1C01-8D7DE6A68397,-52,32.4,90.32,27.9,82.22,32.8,91.03999999999999,33.0,91.4,32.4,90.32,30.7,87.25999999999999,99.0
2026-08-29T00:54:34.902564+00:00,outside on top,902B6F7B-D0F4-EC70-1C01-8D7DE6A68397,-60,32.1,89.78,28.1,82.58000000000001,32.6,90.68,32.8,91.03999999999999,32.1,89.78,30.5,86.9,99.0
2026-08-29T00:54:36.908138+00:00,outside on top,902B6F7B-D0F4-EC70-1C01-8D7DE6A68397,-60,32.1,89.78,28.1,82.58000000000001,32.6,90.68,32.8,91.03999999999999,32.1,89.78,30.5,86.9,99.0
2026-08-29T00:54:38.911555+00:00,outside on top,902B6F7B-D0F4-EC70-1C01-8D7DE6A68397,-60,32.1,89.78,28.1,82.58000000000001,32.6,90.68,32.8,91.03999999999999,32.1,89.78,30.5,86.9,99.0
2026-08-29T00:54:40.915168+00:00,outside on top,902B6F7B-D0F4-EC70-1C01-8D7DE6A68397,-53,31.9,89.42,27.7,81.86,32.4,90.32,32.6,90.68,31.9,89.42,30.3,86.53999999999999,99.0
2026-08-29T00:54:42.921366+00:00,outside on top,902B6F7B-D0F4-EC70-1C01-8D7DE6A68397,-61,31.8,89.24000000000001,27.9,82.22,32.3,90.13999999999999,32.5,90.5,31.8,89.24000000000001,30.2,86.36,99.0
2026-08-29T00:54:44.924629+00:00,outside on top,902B6F7B-D0F4-EC70-1C01-8D7DE6A68397,-61,31.8,89.24000000000001,27.9,82.22,32.3,90.13999999999999,32.5,90.5,31.8,89.24000000000001,30.2,86.36,99.0
2026-08-29T00:54:46.930302+00:00,outside on top,902B6F7B-D0F4-EC70-1C01-8D7DE6A68397,-61,31.8,89.24000000000001,27.9,82.22,32.3,90.13999999999999,32.5,90.5,31.8,89.24000000000001,30.2,86.36,99.0
2026-08-29T00:54:48.936301+00:00,outside on top,902B6F7B-D0F4-EC70-1C01-8D7DE6A68397,-52,31.5,88.7,28.0,82.4,32.1,89.78,32.3,90.13999999999999,31.5,88.7,30.0,86.0,99.0
2026-08-29T00:54:50.941355+00:00,outside on top,902B6F7B-D0F4-EC70-1C01-8D7DE6A68397,-67,31.4,88.52,27.9,82.22,32.1,89.78,32.2,89.96000000000001,31.4,88.52,29.9,85.82,99.0
2026-08-29T00:54:52.948792+00:00,outside on top,902B6F7B-D0F4-EC70-1C01-8D7DE6A68397,-59,31.4,88.52,27.9,82.22,32.1,89.78,32.2,89.96000000000001,31.4,88.52,29.9,85.82,99.0
2026-08-29T00:54:54.952963+00:00,outside on top,902B6F7B-D0F4-EC70-1C01-8D7DE6A68397,-59,31.4,88.52,27.9,82.22,32.1,89.78,32.2,89.96000000000001,31.4,88.52,29.9,85.82,99.0
2026-08-29T00:54:56.956885+00:00,outside on top,902B6F7B-D0F4-EC70-1C01-8D7DE6A68397,-55,31.2,88.16,27.7,81.86,31.9,89.42,32.0,89.6,31.2,88.16,29.7,85.46000000000001,99.0
2026-08-29T00:54:58.961246+00:00,outside on top,902B6F7B-D0F4-EC70-1C01-8D7DE6A68397,-55,31.2,88.16,27.7,81.86,31.9,89.42,32.0,89.6,31.2,88.16,29.7,85.46000000000001,99.0
2026-08-29T00:55:00.972923+00:00,outside on top,902B6F7B-D0F4-EC70-1C01-8D7DE6A68397,-55,31.2,88.16,27.7,81.86,31.9,89.42,32.0,89.6,31.2,88.16,29.7,85.46000000000001,99.0
2026-08-29T00:55:02.981558+00:00,outside on top,902B6F7B-D0F4-EC70-1C01-8D7DE6A68397,-55,31.2,88.16,27.7,81.86,31.9,89.42,32.0,89.6,31.2,88.16,29.7,85.46000000000001,99.0
2026-08-29T00:55:04.987461+00:00,outside on top,902B6F7B-D0F4-EC70-1C01-8D7DE6A68397,-55,31.2,88.16,27.7,81.86,31.9,89.42,32.0,89.6,31.2,88.16,29.7,85.46000000000001,99.0
2026-08-29T00:55:06.992819+00:00,outside on top,902B6F7B-D0F4-EC70-1C01-8D7DE6A68397,-60,30.8,87.44,27.7,81.86,31.6,88.88,31.7,89.06,30.8,87.44,29.5,85.1,99.0
2026-08-29T00:55:08.999725+00:00,outside on top,902B6F7B-D0F4-EC70-1C01-8D7DE6A68397,-54,30.8,87.44,27.8,82.03999999999999,31.6,88.88,31.6,88.88,30.8,87.44,29.5,85.1,99.0
2026-08-29T00:55:11.005448+00:00,outside on top,902B6F7B-D0F4-EC70-1C01-8D7DE6A68397,-56,30.7,87.25999999999999,27.9,82.22,31.5,88.7,31.5,88.7,30.7,87.25999999999999,29.4,84.92,99.0
2026-08-29T00:55:13.011829+00:00,outside on top,902B6F7B-D0F4-EC70-1C01-8D7DE6A68397,-59,30.7,87.25999999999999,27.9,82.22,31.5,88.7,31.5,88.7,30.7,87.25999999999999,29.4,84.92,99.0
2026-08-29T00:55:15.017694+00:00,outside on top,902B6F7B-D0F4-EC70-1C01-8D7DE6A68397,-59,30.7,87.25999999999999,27.9,82.22,31.5,88.7,31.5,88.7,30.7,87.25999999999999,29.4,84.92,99.0
2026-08-29T00:55:17.022610+00:00,outside on top,902B6F7B-D0F4-EC70-1C01-8D7DE6A68397,-59,30.7,87.25999999999999,27.9,82.22,31.5,88.7,31.5,88.7,30.7,87.25999999999999,29.4,84.92,99.0
2026-08-29T00:55:19.028313+00:00,outside on top,902B6F7B-D0F4-EC70-1C01-8D7DE6A68397,-60,30.5,86.9,27.8,82.03999999999999,31.3,88.34,31.3,88.34,30.5,86.9,29.3,84.74000000000001,99.0
2026-08-29T00:55:21.034064+00:00,outside on top,902B6F7B-D0F4-EC70-1C01-8D7DE6A68397,-60,30.5,86.9,27.8,82.03999999999999,31.3,88.34,31.3,88.34,30.5,86.9,29.3,84.74000000000001,99.0
2026-08-29T00:55:23.040501+00:00,outside on top,902B6F7B-D0F4-EC70-1C01-8D7DE6A68397,-60,30.5,86.9,27.8,82.03999999999999,31.3,88.34,31.3,88.34,30.5,86.9,29.3,84.74000000000001,99.0
2026-08-29T00:55:25.046113+00:00,outside on top,902B6F7B-D0F4-EC70-1C01-8D7DE6A68397,-57,30.3,86.53999999999999,27.8,82.03999999999999,31.1,87.98,31.1,87.98,30.3,86.53999999999999,29.1,84.38,99.0
2026-08-29T00:55:27.053432+00:00,outside on top,902B6F7B-D0F4-EC70-1C01-8D7DE6A68397,-57,30.3,86.53999999999999,27.8,82.03999999999999,31.1,87.98,31.1,87.98,30.3,86.53999999999999,29.1,84.38,99.0
2026-08-29T00:55:29.059815+00:00,outside on top,902B6F7B-D0F4-EC70-1C01-8D7DE6A68397,-57,30.3,86.53999999999999,27.8,82.03999999999999,31.1,87.98,31.1,87.98,30.3,86.53999999999999,29.1,84.38,99.0
2026-08-29T00:55:31.066022+00:00,outside on top,902B6F7B-D0F4-EC70-1C01-8D7DE6A68397,-61,30.1,86.18,27.8,82.03999999999999,30.9,87.62,30.9,87.62,30.1,86.18,29.0,84.2,99.0
2026-08-29T00:55:33.070536+00:00,outside on top,902B6F7B-D0F4-EC70-1C01-8D7DE6A68397,-59,30.0,86.0,27.8,82.03999999999999,30.9,87.62,30.8,87.44,30.0,86.0,29.0,84.2,99.0
2026-08-29T00:55:35.075910+00:00,outside on top,902B6F7B-D0F4-EC70-1C01-8D7DE6A68397,-59,30.0,86.0,27.8,82.03999999999999,30.9,87.62,30.8,87.44,30.0,86.0,29.0,84.2,99.0
2026-08-29T00:55:37.084339+00:00,outside on top,902B6F7B-D0F4-EC70-1C01-8D7DE6A68397,-59,30.0,86.0,27.8,82.03999999999999,30.9,87.62,30.8,87.44,30.0,86.0,29.0,84.2,99.0
2026-08-29T00:55:39.091155+00:00,outside on top,902B6F7B-D0F4-EC70-1C01-8D7DE6A68397,-60,29.9,85.82,27.8,82.03999999999999,30.7,87.25999999999999,30.7,87.25999999999999,29.9,85.82,28.9,84.02,99.0
2026-08-29T00:55:41.096928+00:00,outside on top,902B6F7B-D0F4-EC70-1C01-8D7DE6A68397,-56,29.9,85.82,27.8,82.03999999999999,30.7,87.25999999999999,30.6,87.08000000000001,29.9,85.82,28.8,83.84,99.0
2026-08-29T00:55:43.103823+00:00,outside on top,902B6F7B-D0F4-EC70-1C01-8D7DE6A68397,-60,29.9,85.82,27.8,82.03999999999999,30.7,87.25999999999999,30.6,87.08000000000001,29.9,85.82,28.8,83.84,99.0
2026-08-29T00:55:45.109461+00:00,outside on top,902B6F7B-D0F4-EC70-1C01-8D7DE6A68397,-60,29.9,85.82,27.8,82.03999999999999,30.7,87.25999999999999,30.6,87.08000000000001,29.9,85.82,28.8,83.84,99.0
2026-08-29T00:55:47.115722+00:00,outside on top,902B6F7B-D0F4-EC70-1C01-8D7DE6A68397,127,29.7,85.46000000000001,27.8,82.03999999999999,30.5,86.9,30.5,86.9,29.7,85.46000000000001,28.7,83.66,99.0
2026-08-29T00:55:49.122016+00:00,outside on top,902B6F7B-D0F4-EC70-1C01-8D7DE6A68397,-58,29.7,85.46000000000001,27.8,82.03999999999999,30.5,86.9,30.4,86.72,29.7,85.46000000000001,28.7,83.66,99.0
2026-08-29T00:55:51.126751+00:00,outside on top,902B6F7B-D0F4-EC70-1C01-8D7DE6A68397,-58,29.7,85.46000000000001,27.8,82.03999999999999,30.5,86.9,30.4,86.72,29.7,85.46000000000001,28.7,83.66,99.0
2026-08-29T00:55:53.132414+00:00,outside on top,902B6F7B-D0F4-EC70-1C01-8D7DE6A68397,-56,29.7,85.46000000000001,27.8,82.03999999999999,30.5,86.9,30.4,86.72,29.7,85.46000000000001,28.7,83.66,99.0
2026-08-29T00:55:55.138916+00:00,outside on top,902B6F7B-D0F4-EC70-1C01-8D7DE6A68397,-54,29.5,85.1,27.7,81.86,30.3,86.53999999999999,30.3,86.53999999999999,29.5,85.1,28.6,83.48,99.0
2026-08-29T00:55:57.144981+00:00,outside on top,902B6F7B-D0F4-EC70-1C01-8D7DE6A68397,-57,29.5,85.1,27.6,81.68,30.3,86.53999999999999,30.3,86.53999999999999,29.5,85.1,28.6,83.48,99.0
2026-08-29T00:55:59.150000+00:00,outside on top,902B6F7B-D0F4-EC70-1C01-8D7DE6A68397,-60,29.5,85.1,27.6,81.68,30.3,86.53999999999999,30.3,86.53999999999999,29.5,85.1,28.6,83.48,99.0
2026-08-29T00:56:01.155629+00:00,outside on top,902B6F7B-D0F4-EC70-1C01-8D7DE6A68397,-60,29.5,85.1,27.6,81.68,30.3,86.53999999999999,30.3,86.53999999999999,29.5,85.1,28.6,83.48,99.0
2026-08-29T00:56:03.161930+00:00,outside on top,902B6F7B-D0F4-EC70-1C01-8D7DE6A68397,-58,29.4,84.92,27.7,81.86,30.2,86.36,30.1,86.18,29.4,84.92,28.5,83.30000000000001,99.0
2026-08-29T00:56:05.167675+00:00,outside on top,902B6F7B-D0F4-EC70-1C01-8D7DE6A68397,-58,29.4,84.92,27.7,81.86,30.1,86.18,30.1,86.18,29.4,84.92,28.5,83.30000000000001,99.0
2026-08-29T00:56:07.173526+00:00,outside on top,902B6F7B-D0F4-EC70-1C01-8D7DE6A68397,-59,29.3,84.74000000000001,27.6,81.68,30.1,86.18,30.0,86.0,29.3,84.74000000000001,28.5,83.30000000000001,99.0
2026-08-29T00:56:09.179944+00:00,outside on top,902B6F7B-D0F4-EC70-1C01-8D7DE6A68397,-59,29.3,84.74000000000001,27.6,81.68,30.1,86.18,30.0,86.0,29.3,84.74000000000001,28.5,83.30000000000001,99.0
2026-08-29T00:56:11.184598+00:00,outside on top,902B6F7B-D0F4-EC70-1C01-8D7DE6A68397,-54,29.2,84.56,27.4,81.32,30.0,86.0,30.0,86.0,29.2,84.56,28.4,83.12,99.0
2026-08-29T00:56:13.190606+00:00,outside on top,902B6F7B-D0F4-EC70-1C01-8D7DE6A68397,-59,29.2,84.56,27.4,81.32,30.0,86.0,30.0,86.0,29.2,84.56,28.4,83.12,99.0
2026-08-29T00:56:15.196414+00:00,outside on top,902B6F7B-D0F4-EC70-1C01-8D7DE6A68397,127,29.2,84.56,27.7,81.86,29.9,85.82,29.9,85.82,29.2,84.56,28.4,83.12,99.0
2026-08-29T00:56:17.199137+00:00,outside on top,902B6F7B-D0F4-EC70-1C01-8D7DE6A68397,127,29.2,84.56,27.7,81.86,29.9,85.82,29.9,85.82,29.2,84.56,28.4,83.12,99.0
2026-08-29T00:56:19.204753+00:00,outside on top,902B6F7B-D0F4-EC70-1C01-8D7DE6A68397,-54,29.2,84.56,27.7,81.86,29.8,85.64,29.8,85.64,29.2,84.56,28.4,83.12,99.0
2026-08-29T00:56:21.210400+00:00,outside on top,902B6F7B-D0F4-EC70-1C01-8D7DE6A68397,-58,29.1,84.38,27.7,81.86,29.8,85.64,29.7,85.46000000000001,29.1,84.38,28.3,82.94,99.0
2026-08-29T00:56:23.216289+00:00,outside on top,902B6F7B-D0F4-EC70-1C01-8D7DE6A68397,-58,29.1,84.38,27.7,81.86,29.8,85.64,29.7,85.46000000000001,29.1,84.38,28.3,82.94,99.0
2026-08-29T00:56:25.220748+00:00,outside on top,902B6F7B-D0F4-EC70-1C01-8D7DE6A68397,-58,29.1,84.38,27.7,81.86,29.8,85.64,29.7,85.46000000000001,29.1,84.38,28.3,82.94,99.0
2026-08-29T00:56:27.226421+00:00,outside on top,902B6F7B-D0F4-EC70-1C01-8D7DE6A68397,-55,29.0,84.2,27.5,81.5,29.6,85.28,29.6,85.28,29.0,84.2,28.3,82.94,99.0
2026-08-29T00:56:29.234684+00:00,outside on top,902B6F7B-D0F4-EC70-1C01-8D7DE6A68397,-58,29.0,84.2,27.6,81.68,29.6,85.28,29.6,85.28,29.0,84.2,28.2,82.75999999999999,99.0
2026-08-29T00:56:31.242234+00:00,outside on top,902B6F7B-D0F4-EC70-1C01-8D7DE6A68397,-55,28.9,84.02,27.6,81.68,29.6,85.28,29.6,85.28,28.9,84.02,28.2,82.75999999999999,99.0
2026-08-29T00:56:33.247394+00:00,outside on top,902B6F7B-D0F4-EC70-1C01-8D7DE6A68397,-55,28.9,84.02,27.6,81.68,29.6,85.28,29.6,85.28,28.9,84.02,28.2,82.75999999999999,99.0
2026-08-29T00:56:35.254311+00:00,outside on top,902B6F7B-D0F4-EC70-1C01-8D7DE6A68397,-59,28.9,84.02,27.5,81.5,29.5,85.1,29.5,85.1,28.9,84.02,28.2,82.75999999999999,99.0
2026-08-29T00:56:37.259797+00:00,outside on top,902B6F7B-D0F4-EC70-1C01-8D7DE6A68397,-55,28.8,83.84,27.3,81.14,29.4,84.92,29.4,84.92,28.8,83.84,28.2,82.75999999999999,99.0
2026-08-29T00:56:39.266372+00:00,outside on top,902B6F7B-D0F4-EC70-1C01-8D7DE6A68397,-58,28.8,83.84,27.3,81.14,29.4,84.92,29.4,84.92,28.8,83.84,28.2,82.75999999999999,99.0
2026-08-29T00:56:41.272722+00:00,outside on top,902B6F7B-D0F4-EC70-1C01-8D7DE6A68397,-58,28.8,83.84,27.3,81.14,29.4,84.92,29.4,84.92,28.8,83.84,28.2,82.75999999999999,99.0
2026-08-29T00:56:43.281162+00:00,outside on top,902B6F7B-D0F4-EC70-1C01-8D7DE6A68397,-58,28.8,83.84,27.3,81.14,29.4,84.92,29.4,84.92,28.8,83.84,28.2,82.75999999999999,99.0
2026-08-29T00:56:45.294177+00:00,outside on top,902B6F7B-D0F4-EC70-1C01-8D7DE6A68397,-54,28.7,83.66,27.5,81.5,29.3,84.74000000000001,29.3,84.74000000000001,28.7,83.66,28.1,82.58000000000001,99.0
2026-08-29T00:56:47.306817+00:00,outside on top,902B6F7B-D0F4-EC70-1C01-8D7DE6A68397,-54,28.7,83.66,27.5,81.5,29.3,84.74000000000001,29.3,84.74000000000001,28.7,83.66,28.1,82.58000000000001,99.0
2026-08-29T00:56:49.314743+00:00,outside on top,902B6F7B-D0F4-EC70-1C01-8D7DE6A68397,-57,28.7,83.66,27.4,81.32,29.3,84.74000000000001,29.3,84.74000000000001,28.7,83.66,28.1,82.58000000000001,99.0
2026-08-29T00:56:51.320785+00:00,outside on top,902B6F7B-D0F4-EC70-1C01-8D7DE6A68397,-57,28.7,83.66,27.4,81.32,29.3,84.74000000000001,29.3,84.74000000000001,28.7,83.66,28.1,82.58000000000001,99.0
2026-08-29T00:56:53.328452+00:00,outside on top,902B6F7B-D0F4-EC70-1C01-8D7DE6A68397,-53,28.6,83.48,27.5,81.5,29.2,84.56,29.2,84.56,28.6,83.48,28.0,82.4,99.0
2026-08-29T00:56:55.344512+00:00,outside on top,902B6F7B-D0F4-EC70-1C01-8D7DE6A68397,-52,28.6,83.48,27.7,81.86,29.2,84.56,29.2,84.56,28.6,83.48,28.0,82.4,99.0
2026-08-29T00:56:57.352456+00:00,outside on top,902B6F7B-D0F4-EC70-1C01-8D7DE6A68397,-52,28.6,83.48,27.7,81.86,29.2,84.56,29.2,84.56,28.6,83.48,28.0,82.4,99.0
2026-08-29T00:56:59.360384+00:00,outside on top,902B6F7B-D0F4-EC70-1C01-8D7DE6A68397,-54,28.6,83.48,27.7,81.86,29.2,84.56,29.2,84.56,28.6,83.48,28.0,82.4,99.0
2026-08-29T00:57:01.369307+00:00,outside on top,902B6F7B-D0F4-EC70-1C01-8D7DE6A68397,-54,28.6,83.48,27.7,81.86,29.2,84.56,29.2,84.56,28.6,83.48,28.0,82.4,99.0
2026-08-29T00:57:03.378433+00:00,outside on top,902B6F7B-D0F4-EC70-1C01-8D7DE6A68397,-53,28.5,83.30000000000001,27.4,81.32,29.1,84.38,29.1,84.38,28.5,83.30000000000001,28.0,82.4,99.0
2026-08-29T00:57:05.385425+00:00,outside on top,902B6F7B-D0F4-EC70-1C01-8D7DE6A68397,-55,28.5,83.30000000000001,27.4,81.32,29.0,84.2,29.1,84.38,28.5,83.30000000000001,28.0,82.4,99.0
2026-08-29T00:57:07.393891+00:00,outside on top,902B6F7B-D0F4-EC70-1C01-8D7DE6A68397,-53,28.5,83.30000000000001,27.4,81.32,29.0,84.2,29.1,84.38,28.5,83.30000000000001,28.0,82.4,99.0
2026-08-29T00:57:09.400214+00:00,outside on top,902B6F7B-D0F4-EC70-1C01-8D7DE6A68397,-53,28.5,83.30000000000001,27.4,81.32,29.0,84.2,29.1,84.38,28.5,83.30000000000001,28.0,82.4,99.0
2026-08-29T00:57:11.407941+00:00,outside on top,902B6F7B-D0F4-EC70-1C01-8D7DE6A68397,-54,28.4,83.12,27.4,81.32,29.0,84.2,29.0,84.2,28.4,83.12,27.9,82.22,99.0
2026-08-29T00:57:13.414031+00:00,outside on top,902B6F7B-D0F4-EC70-1C01-8D7DE6A68397,-54,28.4,83.12,27.4,81.32,29.0,84.2,29.0,84.2,28.4,83.12,27.9,82.22,99.0
2026-08-29T00:57:15.421108+00:00,outside on top,902B6F7B-D0F4-EC70-1C01-8D7DE6A68397,-54,28.4,83.12,27.4,81.32,29.0,84.2,29.0,84.2,28.4,83.12,27.9,82.22,99.0
2026-08-29T00:57:17.427545+00:00,outside on top,902B6F7B-D0F4-EC70-1C01-8D7DE6A68397,-54,28.4,83.12,27.4,81.32,29.0,84.2,29.0,84.2,28.4,83.12,27.9,82.22,99.0
2026-08-29T00:57:19.436954+00:00,outside on top,902B6F7B-D0F4-EC70-1C01-8D7DE6A68397,-53,28.4,83.12,27.5,81.5,28.9,84.02,28.9,84.02,28.4,83.12,27.9,82.22,99.0
2026-08-29T00:57:21.453520+00:00,outside on top,902B6F7B-D0F4-EC70-1C01-8D7DE6A68397,-53,28.4,83.12,27.5,81.5,28.9,84.02,28.9,84.02,28.4,83.12,27.9,82.22,99.0
2026-08-29T00:57:23.462353+00:00,outside on top,902B6F7B-D0F4-EC70-1C01-8D7DE6A68397,-53,28.4,83.12,27.5,81.5,28.9,84.02,28.9,84.02,28.4,83.12,27.9,82.22,99.0
2026-08-29T00:57:25.468744+00:00,outside on top,902B6F7B-D0F4-EC70-1C01-8D7DE6A68397,-52,28.3,82.94,27.3,81.14,28.8,83.84,28.8,83.84,28.3,82.94,27.9,82.22,99.0
2026-08-29T00:57:27.480891+00:00,outside on top,902B6F7B-D0F4-EC70-1C01-8D7DE6A68397,-58,28.3,82.94,27.4,81.32,28.7,83.66,28.8,83.84,28.3,82.94,27.8,82.03999999999999,99.0
2026-08-29T00:57:29.486931+00:00,outside on top,902B6F7B-D0F4-EC70-1C01-8D7DE6A68397,-60,28.3,82.94,27.4,81.32,28.7,83.66,28.8,83.84,28.3,82.94,27.8,82.03999999999999,99.0
2026-08-29T00:57:31.496443+00:00,outside on top,902B6F7B-D0F4-EC70-1C01-8D7DE6A68397,-54,28.2,82.75999999999999,27.3,81.14,28.7,83.66,28.7,83.66,28.2,82.75999999999999,27.8,82.03999999999999,99.0
2026-08-29T00:57:33.510041+00:00,outside on top,902B6F7B-D0F4-EC70-1C01-8D7DE6A68397,-69,28.2,82.75999999999999,27.5,81.5,28.7,83.66,28.7,83.66,28.2,82.75999999999999,27.8,82.03999999999999,99.0
2026-08-29T00:57:35.516315+00:00,outside on top,902B6F7B-D0F4-EC70-1C01-8D7DE6A68397,-69,28.2,82.75999999999999,27.4,81.32,28.6,83.48,28.7,83.66,28.2,82.75999999999999,27.8,82.03999999999999,99.0
2026-08-29T00:57:37.523701+00:00,outside on top,902B6F7B-D0F4-EC70-1C01-8D7DE6A68397,-55,28.2,82.75999999999999,27.2,80.96000000000001,28.6,83.48,28.6,83.48,28.2,82.75999999999999,27.8,82.03999999999999,99.0
2026-08-29T00:57:39.532413+00:00,outside on top,902B6F7B-D0F4-EC70-1C01-8D7DE6A68397,-55,28.2,82.75999999999999,27.3,81.14,28.6,83.48,28.6,83.48,28.2,82.75999999999999,27.7,81.86,99.0
2026-08-29T00:57:41.538973+00:00,outside on top,902B6F7B-D0F4-EC70-1C01-8D7DE6A68397,-63,28.2,82.75999999999999,27.4,81.32,28.6,83.48,28.6,83.48,28.2,82.75999999999999,27.7,81.86,99.0
2026-08-29T00:57:43.545796+00:00,outside on top,902B6F7B-D0F4-EC70-1C01-8D7DE6A68397,-63,28.2,82.75999999999999,27.4,81.32,28.6,83.48,28.6,83.48,28.2,82.75999999999999,27.7,81.86,99.0
2026-08-29T00:57:45.556875+00:00,outside on top,902B6F7B-D0F4-EC70-1C01-8D7DE6A68397,-49,28.1,82.58000000000001,27.3,81.14,28.5,83.30000000000001,28.5,83.30000000000001,28.1,82.58000000000001,27.7,81.86,99.0
2026-08-29T00:57:47.563317+00:00,outside on top,902B6F7B-D0F4-EC70-1C01-8D7DE6A68397,-49,28.1,82.58000000000001,27.3,81.14,28.5,83.30000000000001,28.5,83.30000000000001,28.1,82.58000000000001,27.7,81.86,99.0
2026-08-29T00:57:49.570524+00:00,outside on top,902B6F7B-D0F4-EC70-1C01-8D7DE6A68397,-50,28.1,82.58000000000001,27.3,81.14,28.5,83.30000000000001,28.5,83.30000000000001,28.1,82.58000000000001,27.7,81.86,99.0
2026-08-29T00:57:51.576248+00:00,outside on top,902B6F7B-D0F4-EC70-1C01-8D7DE6A68397,-62,28.1,82.58000000000001,27.3,81.14,28.4,83.12,28.5,83.30000000000001,28.1,82.58000000000001,27.7,81.86,99.0
2026-08-29T00:57:53.583460+00:00,outside on top,902B6F7B-D0F4-EC70-1C01-8D7DE6A68397,-54,28.1,82.58000000000001,27.3,81.14,28.4,83.12,28.5,83.30000000000001,28.1,82.58000000000001,27.7,81.86,99.0
2026-08-29T00:57:55.589411+00:00,outside on top,902B6F7B-D0F4-EC70-1C01-8D7DE6A68397,-54,28.1,82.58000000000001,27.3,81.14,28.4,83.12,28.5,83.30000000000001,28.1,82.58000000000001,27.7,81.86,99.0
2026-08-29T00:57:57.595473+00:00,outside on top,902B6F7B-D0F4-EC70-1C01-8D7DE6A68397,-54,28.1,82.58000000000001,27.3,81.14,28.4,83.12,28.5,83.30000000000001,28.1,82.58000000000001,27.7,81.86,99.0
2026-08-29T00:57:59.602845+00:00,outside on top,902B6F7B-D0F4-EC70-1C01-8D7DE6A68397,-55,28.1,82.58000000000001,27.3,81.14,28.4,83.12,28.5,83.30000000000001,28.1,82.58000000000001,27.7,81.86,99.0
2026-08-29T00:58:01.609532+00:00,outside on top,902B6F7B-D0F4-EC70-1C01-8D7DE6A68397,-62,28.0,82.4,27.4,81.32,28.3,82.94,28.4,83.12,28.0,82.4,27.6,81.68,99.0
2026-08-29T00:58:03.615284+00:00,outside on top,902B6F7B-D0F4-EC70-1C01-8D7DE6A68397,-62,28.0,82.4,27.4,81.32,28.3,82.94,28.4,83.12,28.0,82.4,27.6,81.68,99.0
2026-08-29T00:58:05.620929+00:00,outside on top,902B6F7B-D0F4-EC70-1C01-8D7DE6A68397,-59,28.0,82.4,27.4,81.32,28.3,82.94,28.4,83.12,28.0,82.4,27.6,81.68,99.0
2026-08-29T00:58:07.626697+00:00,outside on top,902B6F7B-D0F4-EC70-1C01-8D7DE6A68397,-59,28.0,82.4,27.4,81.32,28.3,82.94,28.4,83.12,28.0,82.4,27.6,81.68,99.0
2026-08-29T00:58:09.632122+00:00,outside on top,902B6F7B-D0F4-EC70-1C01-8D7DE6A68397,-59,28.0,82.4,27.4,81.32,28.3,82.94,28.4,83.12,28.0,82.4,27.6,81.68,99.0
2026-08-29T00:58:11.637850+00:00,outside on top,902B6F7B-D0F4-EC70-1C01-8D7DE6A68397,-56,27.9,82.22,27.1,80.78,28.2,82.75999999999999,28.3,82.94,27.9,82.22,27.6,81.68,99.0
2026-08-29T00:58:13.643835+00:00,outside on top,902B6F7B-D0F4-EC70-1C01-8D7DE6A68397,-60,27.9,82.22,27.2,80.96000000000001,28.2,82.75999999999999,28.2,82.75999999999999,27.9,82.22,27.6,81.68,99.0
2026-08-29T00:58:15.653969+00:00,outside on top,902B6F7B-D0F4-EC70-1C01-8D7DE6A68397,-61,27.9,82.22,27.2,80.96000000000001,28.2,82.75999999999999,28.2,82.75999999999999,27.9,82.22,27.6,81.68,99.0
2026-08-29T00:58:17.658161+00:00,outside on top,902B6F7B-D0F4-EC70-1C01-8D7DE6A68397,-61,27.9,82.22,27.3,81.14,28.2,82.75999999999999,28.2,82.75999999999999,27.9,82.22,27.5,81.5,99.0
2026-08-29T00:58:19.665565+00:00,outside on top,902B6F7B-D0F4-EC70-1C01-8D7DE6A68397,-59,27.9,82.22,27.1,80.78,28.2,82.75999999999999,28.2,82.75999999999999,27.9,82.22,27.5,81.5,99.0
2026-08-29T00:58:21.671046+00:00,outside on top,902B6F7B-D0F4-EC70-1C01-8D7DE6A68397,-59,27.8,82.03999999999999,27.1,80.78,28.1,82.58000000000001,28.2,82.75999999999999,27.8,82.03999999999999,27.5,81.5,99.0
2026-08-29T00:58:23.676410+00:00,outside on top,902B6F7B-D0F4-EC70-1C01-8D7DE6A68397,-58,27.8,82.03999999999999,27.1,80.78,28.1,82.58000000000001,28.2,82.75999999999999,27.8,82.03999999999999,27.5,81.5,99.0
2026-08-29T00:58:25.681660+00:00,outside on top,902B6F7B-D0F4-EC70-1C01-8D7DE6A68397,-58,27.8,82.03999999999999,27.1,80.78,28.1,82.58000000000001,28.2,82.75999999999999,27.8,82.03999999999999,27.5,81.5,99.0
2026-08-29T00:58:27.687015+00:00,outside on top,902B6F7B-D0F4-EC70-1C01-8D7DE6A68397,-58,27.8,82.03999999999999,27.1,80.78,28.1,82.58000000000001,28.2,82.75999999999999,27.8,82.03999999999999,27.5,81.5,99.0
2026-08-29T00:58:29.691910+00:00,outside on top,902B6F7B-D0F4-EC70-1C01-8D7DE6A68397,-59,27.8,82.03999999999999,27.3,81.14,28.1,82.58000000000001,28.1,82.58000000000001,27.8,82.03999999999999,27.5,81.5,99.0
2026-08-29T00:58:31.694616+00:00,outside on top,902B6F7B-D0F4-EC70-1C01-8D7DE6A68397,-52,27.7,81.86,27.1,80.78,28.0,82.4,28.1,82.58000000000001,27.7,81.86,27.5,81.5,99.0
2026-08-29T00:58:33.699896+00:00,outside on top,902B6F7B-D0F4-EC70-1C01-8D7DE6A68397,-58,27.7,81.86,27.1,80.78,28.0,82.4,28.1,82.58000000000001,27.7,81.86,27.5,81.5,99.0
2026-08-29T00:58:35.703215+00:00,outside on top,902B6F7B-D0F4-EC70-1C01-8D7DE6A68397,-58,27.7,81.86,27.0,80.6,28.0,82.4,28.1,82.58000000000001,27.7,81.86,27.4,81.32,99.0
2026-08-29T00:58:37.708210+00:00,outside on top,902B6F7B-D0F4-EC70-1C01-8D7DE6A68397,-58,27.7,81.86,27.0,80.6,28.0,82.4,28.1,82.58000000000001,27.7,81.86,27.4,81.32,99.0
2026-08-29T00:58:39.713024+00:00,outside on top,902B6F7B-D0F4-EC70-1C01-8D7DE6A68397,-58,27.7,81.86,27.0,80.6,28.0,82.4,28.1,82.58000000000001,27.7,81.86,27.4,81.32,99.0
2026-08-29T00:58:41.722120+00:00,outside on top,902B6F7B-D0F4-EC70-1C01-8D7DE6A68397,-58,27.7,81.86,27.0,80.6,28.0,82.4,28.0,82.4,27.7,81.86,27.4,81.32,99.0
2026-08-29T00:58:43.727614+00:00,outside on top,902B6F7B-D0F4-EC70-1C01-8D7DE6A68397,-58,27.7,81.86,27.0,80.6,28.0,82.4,28.0,82.4,27.7,81.86,27.4,81.32,99.0
2026-08-29T00:58:45.731742+00:00,outside on top,902B6F7B-D0F4-EC70-1C01-8D7DE6A68397,-58,27.7,81.86,27.0,80.6,28.0,82.4,28.0,82.4,27.7,81.86,27.4,81.32,99.0
2026-08-29T00:58:47.734990+00:00,outside on top,902B6F7B-D0F4-EC70-1C01-8D7DE6A68397,-58,27.7,81.86,27.0,80.6,28.0,82.4,28.0,82.4,27.7,81.86,27.4,81.32,99.0
2026-08-29T00:58:49.740061+00:00,outside on top,902B6F7B-D0F4-EC70-1C01-8D7DE6A68397,-58,27.7,81.86,27.0,80.6,28.0,82.4,28.0,82.4,27.7,81.86,27.4,81.32,99.0
2026-08-29T00:58:51.745311+00:00,outside on top,902B6F7B-D0F4-EC70-1C01-8D7DE6A68397,-58,27.6,81.68,27.1,80.78,27.9,82.22,27.9,82.22,27.6,81.68,27.4,81.32,99.0
2026-08-29T00:58:53.750010+00:00,outside on top,902B6F7B-D0F4-EC70-1C01-8D7DE6A68397,-59,27.6,81.68,27.1,80.78,27.9,82.22,27.9,82.22,27.6,81.68,27.4,81.32,99.0
2026-08-29T00:58:55.761531+00:00,outside on top,902B6F7B-D0F4-EC70-1C01-8D7DE6A68397,-58,27.6,81.68,27.1,80.78,27.8,82.03999999999999,27.9,82.22,27.6,81.68,27.4,81.32,99.0
2026-08-29T00:58:57.767222+00:00,outside on top,902B6F7B-D0F4-EC70-1C01-8D7DE6A68397,-65,27.6,81.68,27.1,80.78,27.8,82.03999999999999,27.9,82.22,27.6,81.68,27.4,81.32,99.0
2026-08-29T00:58:59.773334+00:00,outside on top,902B6F7B-D0F4-EC70-1C01-8D7DE6A68397,-65,27.6,81.68,27.1,80.78,27.8,82.03999999999999,27.9,82.22,27.6,81.68,27.4,81.32,99.0
2026-08-29T00:59:01.779552+00:00,outside on top,902B6F7B-D0F4-EC70-1C01-8D7DE6A68397,-61,27.5,81.5,27.0,80.6,27.8,82.03999999999999,27.8,82.03999999999999,27.5,81.5,27.3,81.14,99.0
2026-08-29T00:59:03.784755+00:00,outside on top,902B6F7B-D0F4-EC70-1C01-8D7DE6A68397,-61,27.5,81.5,27.0,80.6,27.8,82.03999999999999,27.8,82.03999999999999,27.5,81.5,27.3,81.14,99.0
2026-08-29T00:59:05.789915+00:00,outside on top,902B6F7B-D0F4-EC70-1C01-8D7DE6A68397,-66,27.5,81.5,26.9,80.42,27.7,81.86,27.8,82.03999999999999,27.5,81.5,27.3,81.14,99.0
2026-08-29T00:59:07.796498+00:00,outside on top,902B6F7B-D0F4-EC70-1C01-8D7DE6A68397,-66,27.5,81.5,26.9,80.42,27.7,81.86,27.8,82.03999999999999,27.5,81.5,27.3,81.14,99.0
2026-08-29T00:59:09.803037+00:00,outside on top,902B6F7B-D0F4-EC70-1C01-8D7DE6A68397,-66,27.5,81.5,26.9,80.42,27.7,81.86,27.8,82.03999999999999,27.5,81.5,27.3,81.14,99.0
2026-08-29T00:59:11.807953+00:00,outside on top,902B6F7B-D0F4-EC70-1C01-8D7DE6A68397,-58,27.5,81.5,27.0,80.6,27.7,81.86,27.8,82.03999999999999,27.5,81.5,27.3,81.14,99.0
2026-08-29T00:59:13.813884+00:00,outside on top,902B6F7B-D0F4-EC70-1C01-8D7DE6A68397,-54,27.4,81.32,27.2,80.96000000000001,27.7,81.86,27.7,81.86,27.4,81.32,27.3,81.14,99.0
2026-08-29T00:59:15.818843+00:00,outside on top,902B6F7B-D0F4-EC70-1C01-8D7DE6A68397,-60,27.4,81.32,27.2,80.96000000000001,27.7,81.86,27.7,81.86,27.4,81.32,27.3,81.14,99.0
2026-08-29T00:59:17.824631+00:00,outside on top,902B6F7B-D0F4-EC70-1C01-8D7DE6A68397,-57,27.4,81.32,27.0,80.6,27.6,81.68,27.7,81.86,27.4,81.32,27.3,81.14,99.0
2026-08-29T00:59:19.829629+00:00,outside on top,902B6F7B-D0F4-EC70-1C01-8D7DE6A68397,-60,27.4,81.32,26.9,80.42,27.6,81.68,27.7,81.86,27.4,81.32,27.2,80.96000000000001,99.0
2026-08-29T00:59:21.834475+00:00,outside on top,902B6F7B-D0F4-EC70-1C01-8D7DE6A68397,-59,27.4,81.32,26.9,80.42,27.6,81.68,27.7,81.86,27.4,81.32,27.2,80.96000000000001,99.0
2026-08-29T00:59:23.841162+00:00,outside on top,902B6F7B-D0F4-EC70-1C01-8D7DE6A68397,-54,27.4,81.32,27.0,80.6,27.6,81.68,27.6,81.68,27.4,81.32,27.2,80.96000000000001,99.0
2026-08-29T00:59:25.846534+00:00,outside on top,902B6F7B-D0F4-EC70-1C01-8D7DE6A68397,-59,27.4,81.32,26.8,80.24000000000001,27.6,81.68,27.6,81.68,27.4,81.32,27.2,80.96000000000001,99.0
2026-08-29T00:59:27.851544+00:00,outside on top,902B6F7B-D0F4-EC70-1C01-8D7DE6A68397,-59,27.4,81.32,26.8,80.24000000000001,27.6,81.68,27.6,81.68,27.4,81.32,27.2,80.96000000000001,99.0
2026-08-29T00:59:29.857120+00:00,outside on top,902B6F7B-D0F4-EC70-1C01-8D7DE6A68397,-59,27.4,81.32,26.8,80.24000000000001,27.6,81.68,27.6,81.68,27.4,81.32,27.2,80.96000000000001,99.0
2026-08-29T00:59:31.862237+00:00,outside on top,902B6F7B-D0F4-EC70-1C01-8D7DE6A68397,-54,27.3,81.14,27.0,80.6,27.5,81.5,27.6,81.68,27.3,81.14,27.2,80.96000000000001,99.0
2026-08-29T00:59:33.867947+00:00,outside on top,902B6F7B-D0F4-EC70-1C01-8D7DE6A68397,-71,27.3,81.14,26.9,80.42,27.5,81.5,27.6,81.68,27.3,81.14,27.2,80.96000000000001,99.0
2026-08-29T00:59:35.873207+00:00,outside on top,902B6F7B-D0F4-EC70-1C01-8D7DE6A68397,-71,27.3,81.14,26.9,80.42,27.5,81.5,27.6,81.68,27.3,81.14,27.2,80.96000000000001,99.0
2026-08-29T00:59:37.877288+00:00,outside on top,902B6F7B-D0F4-EC70-1C01-8D7DE6A68397,-71,27.3,81.14,26.9,80.42,27.5,81.5,27.6,81.68,27.3,81.14,27.2,80.96000000000001,99.0
2026-08-29T00:59:39.881658+00:00,outside on top,902B6F7B-D0F4-EC70-1C01-8D7DE6A68397,-71,27.3,81.14,26.9,80.42,27.5,81.5,27.6,81.68,27.3,81.14,27.2,80.96000000000001,99.0
2026-08-29T00:59:41.888912+00:00,outside on top,902B6F7B-D0F4-EC70-1C01-8D7DE6A68397,-56,27.3,81.14,26.8,80.24000000000001,27.4,81.32,27.5,81.5,27.3,81.14,27.2,80.96000000000001,99.0
2026-08-29T00:59:43.895448+00:00,outside on top,902B6F7B-D0F4-EC70-1C01-8D7DE6A68397,-56,27.3,81.14,26.8,80.24000000000001,27.4,81.32,27.5,81.5,27.3,81.14,27.2,80.96000000000001,99.0
2026-08-29T00:59:45.898314+00:00,outside on top,902B6F7B-D0F4-EC70-1C01-8D7DE6A68397,-56,27.3,81.14,26.8,80.24000000000001,27.4,81.32,27.5,81.5,27.3,81.14,27.2,80.96000000000001,99.0
2026-08-29T00:59:47.906386+00:00,outside on top,902B6F7B-D0F4-EC70-1C01-8D7DE6A68397,-56,27.3,81.14,26.8,80.24000000000001,27.4,81.32,27.5,81.5,27.3,81.14,27.2,80.96000000000001,99.0
2026-08-29T00:59:49.910660+00:00,outside on top,902B6F7B-D0F4-EC70-1C01-8D7DE6A68397,-56,27.2,80.96000000000001,27.0,80.6,27.4,81.32,27.5,81.5,27.2,80.96000000000001,27.1,80.78,99.0
2026-08-29T00:59:51.914858+00:00,outside on top,902B6F7B-D0F4-EC70-1C01-8D7DE6A68397,-53,27.2,80.96000000000001,26.9,80.42,27.4,81.32,27.4,81.32,27.2,80.96000000000001,27.1,80.78,99.0
2026-08-29T00:59:53.920258+00:00,outside on top,902B6F7B-D0F4-EC70-1C01-8D7DE6A68397,-60,27.2,80.96000000000001,26.9,80.42,27.4,81.32,27.4,81.32,27.2,80.96000000000001,27.1,80.78,99.0
2026-08-29T00:59:55.925033+00:00,outside on top,902B6F7B-D0F4-EC70-1C01-8D7DE6A68397,-60,27.2,80.96000000000001,26.9,80.42,27.4,81.32,27.4,81.32,27.2,80.96000000000001,27.1,80.78,99.0
2026-08-29T00:59:57.930426+00:00,outside on top,902B6F7B-D0F4-EC70-1C01-8D7DE6A68397,-53,27.2,80.96000000000001,27.0,80.6,27.3,81.14,27.4,81.32,27.2,80.96000000000001,27.1,80.78,99.0
2026-08-29T00:59:59.935645+00:00,outside on top,902B6F7B-D0F4-EC70-1C01-8D7DE6A68397,-55,27.2,80.96000000000001,26.8,80.24000000000001,27.3,81.14,27.4,81.32,27.2,80.96000000000001,27.1,80.78,99.0
2026-08-29T01:00:01.941601+00:00,outside on top,902B6F7B-D0F4-EC70-1C01-8D7DE6A68397,-55,27.2,80.96000000000001,26.9,80.42,27.3,81.14,27.4,81.32,27.2,80.96000000000001,27.1,80.78,99.0
2026-08-29T01:00:03.947819+00:00,outside on top,902B6F7B-D0F4-EC70-1C01-8D7DE6A68397,-56,27.2,80.96000000000001,26.9,80.42,27.3,81.14,27.4,81.32,27.2,80.96000000000001,27.1,80.78,99.0
2026-08-29T01:00:05.953588+00:00,outside on top,902B6F7B-D0F4-EC70-1C01-8D7DE6A68397,-55,27.2,80.96000000000001,26.9,80.42,27.3,81.14,27.4,81.32,27.2,80.96000000000001,27.1,80.78,99.0
2026-08-29T01:00:07.959749+00:00,outside on top,902B6F7B-D0F4-EC70-1C01-8D7DE6A68397,-57,27.1,80.78,26.9,80.42,27.3,81.14,27.4,81.32,27.1,80.78,27.0,80.6,99.0
2026-08-29T01:00:09.965849+00:00,outside on top,902B6F7B-D0F4-EC70-1C01-8D7DE6A68397,-57,27.1,80.78,27.0,80.6,27.3,81.14,27.3,81.14,27.1,80.78,27.0,80.6,99.0
2026-08-29T01:00:11.971397+00:00,outside on top,902B6F7B-D0F4-EC70-1C01-8D7DE6A68397,-58,27.1,80.78,27.0,80.6,27.3,81.14,27.3,81.14,27.1,80.78,27.0,80.6,99.0
2026-08-29T01:00:13.976794+00:00,outside on top,902B6F7B-D0F4-EC70-1C01-8D7DE6A68397,-56,27.1,80.78,27.0,80.6,27.2,80.96000000000001,27.3,81.14,27.1,80.78,27.0,80.6,99.0
2026-08-29T01:00:15.979147+00:00,outside on top,902B6F7B-D0F4-EC70-1C01-8D7DE6A68397,-56,27.1,80.78,26.8,80.24000000000001,27.2,80.96000000000001,27.3,81.14,27.1,80.78,27.0,80.6,99.0
2026-08-29T01:00:17.982548+00:00,outside on top,902B6F7B-D0F4-EC70-1C01-8D7DE6A68397,-54,27.1,80.78,26.8,80.24000000000001,27.2,80.96000000000001,27.3,81.14,27.1,80.78,27.0,80.6,99.0
2026-08-29T01:00:19.987967+00:00,outside on top,902B6F7B-D0F4-EC70-1C01-8D7DE6A68397,-54,27.1,80.78,26.8,80.24000000000001,27.2,80.96000000000001,27.3,81.14,27.1,80.78,27.0,80.6,99.0
2026-08-29T01:00:21.993526+00:00,outside on top,902B6F7B-D0F4-EC70-1C01-8D7DE6A68397,-56,27.1,80.78,26.8,80.24000000000001,27.2,80.96000000000001,27.3,81.14,27.1,80.78,27.0,80.6,99.0
2026-08-29T01:00:23.999351+00:00,outside on top,902B6F7B-D0F4-EC70-1C01-8D7DE6A68397,-55,27.1,80.78,26.9,80.42,27.2,80.96000000000001,27.3,81.14,27.1,80.78,27.0,80.6,99.0
2026-08-29T01:00:26.004906+00:00,outside on top,902B6F7B-D0F4-EC70-1C01-8D7DE6A68397,-62,27.0,80.6,26.9,80.42,27.2,80.96000000000001,27.3,81.14,27.0,80.6,27.0,80.6,99.0
2026-08-29T01:00:28.012747+00:00,outside on top,902B6F7B-D0F4-EC70-1C01-8D7DE6A68397,-62,27.0,80.6,26.9,80.42,27.2,80.96000000000001,27.3,81.14,27.0,80.6,27.0,80.6,99.0
2026-08-29T01:00:30.017846+00:00,outside on top,902B6F7B-D0F4-EC70-1C01-8D7DE6A68397,-62,27.0,80.6,26.9,80.42,27.2,80.96000000000001,27.3,81.14,27.0,80.6,27.0,80.6,99.0
2026-08-29T01:00:32.023559+00:00,outside on top,902B6F7B-D0F4-EC70-1C01-8D7DE6A68397,-60,27.0,80.6,26.9,80.42,27.1,80.78,27.2,80.96000000000001,27.0,80.6,27.0,80.6,99.0
2026-08-29T01:00:34.028196+00:00,outside on top,902B6F7B-D0F4-EC70-1C01-8D7DE6A68397,-61,27.0,80.6,26.9,80.42,27.1,80.78,27.2,80.96000000000001,27.0,80.6,27.0,80.6,99.0
2026-08-29T01:00:36.033955+00:00,outside on top,902B6F7B-D0F4-EC70-1C01-8D7DE6A68397,-61,27.0,80.6,26.9,80.42,27.1,80.78,27.2,80.96000000000001,27.0,80.6,27.0,80.6,99.0
2026-08-29T01:00:38.039126+00:00,outside on top,902B6F7B-D0F4-EC70-1C01-8D7DE6A68397,-61,27.0,80.6,26.9,80.42,27.1,80.78,27.2,80.96000000000001,27.0,80.6,27.0,80.6,99.0
2026-08-29T01:00:40.044330+00:00,outside on top,902B6F7B-D0F4-EC70-1C01-8D7DE6A68397,-57,27.0,80.6,26.8,80.24000000000001,27.1,80.78,27.2,80.96000000000001,27.0,80.6,26.9,80.42,99.0
2026-08-29T01:00:42.050147+00:00,outside on top,902B6F7B-D0F4-EC70-1C01-8D7DE6A68397,-55,27.0,80.6,26.8,80.24000000000001,27.1,80.78,27.2,80.96000000000001,27.0,80.6,26.9,80.42,99.0
2026-08-29T01:00:44.054965+00:00,outside on top,902B6F7B-D0F4-EC70-1C01-8D7DE6A68397,-55,27.0,80.6,26.8,80.24000000000001,27.1,80.78,27.2,80.96000000000001,27.0,80.6,26.9,80.42,99.0
2026-08-29T01:00:46.057091+00:00,outside on top,902B6F7B-D0F4-EC70-1C01-8D7DE6A68397,-54,27.0,80.6,26.6,79.88,27.1,80.78,27.2,80.96000000000001,27.0,80.6,26.9,80.42,99.0
2026-08-29T01:00:48.061830+00:00,outside on top,902B6F7B-D0F4-EC70-1C01-8D7DE6A68397,-54,27.0,80.6,26.6,79.88,27.1,80.78,27.2,80.96000000000001,27.0,80.6,26.9,80.42,99.0
2026-08-29T01:00:50.067083+00:00,outside on top,902B6F7B-D0F4-EC70-1C01-8D7DE6A68397,-55,27.0,80.6,26.8,80.24000000000001,27.1,80.78,27.2,80.96000000000001,27.0,80.6,26.9,80.42,99.0
2026-08-29T01:00:52.073108+00:00,outside on top,902B6F7B-D0F4-EC70-1C01-8D7DE6A68397,-58,27.0,80.6,26.8,80.24000000000001,27.1,80.78,27.2,80.96000000000001,27.0,80.6,26.9,80.42,99.0
2026-08-29T01:00:54.079475+00:00,outside on top,902B6F7B-D0F4-EC70-1C01-8D7DE6A68397,-57,27.0,80.6,26.8,80.24000000000001,27.1,80.78,27.2,80.96000000000001,27.0,80.6,26.9,80.42,99.0
2026-08-29T01:00:56.085053+00:00,outside on top,902B6F7B-D0F4-EC70-1C01-8D7DE6A68397,-57,27.0,80.6,26.8,80.24000000000001,27.1,80.78,27.2,80.96000000000001,27.0,80.6,26.9,80.42,99.0
2026-08-29T01:00:58.090697+00:00,outside on top,902B6F7B-D0F4-EC70-1C01-8D7DE6A68397,-56,27.0,80.6,26.6,79.88,27.1,80.78,27.1,80.78,27.0,80.6,26.9,80.42,99.0
2026-08-29T01:01:00.095301+00:00,outside on top,902B6F7B-D0F4-EC70-1C01-8D7DE6A68397,-58,26.9,80.42,26.7,80.06,27.0,80.6,27.1,80.78,26.9,80.42,26.9,80.42,99.0
2026-08-29T01:01:02.100882+00:00,outside on top,902B6F7B-D0F4-EC70-1C01-8D7DE6A68397,-58,26.9,80.42,26.7,80.06,27.0,80.6,27.1,80.78,26.9,80.42,26.9,80.42,99.0
2026-08-29T01:01:04.107069+00:00,outside on top,902B6F7B-D0F4-EC70-1C01-8D7DE6A68397,-57,26.9,80.42,26.7,80.06,27.0,80.6,27.1,80.78,26.9,80.42,26.9,80.42,99.0
2026-08-29T01:01:06.111041+00:00,outside on top,902B6F7B-D0F4-EC70-1C01-8D7DE6A68397,-57,26.9,80.42,26.7,80.06,27.0,80.6,27.1,80.78,26.9,80.42,26.9,80.42,99.0
2026-08-29T01:01:08.117015+00:00,outside on top,902B6F7B-D0F4-EC70-1C01-8D7DE6A68397,-53,26.9,80.42,26.9,80.42,27.0,80.6,27.1,80.78,26.9,80.42,26.9,80.42,99.0
2026-08-29T01:01:10.123199+00:00,outside on top,902B6F7B-D0F4-EC70-1C01-8D7DE6A68397,-56,26.9,80.42,26.9,80.42,27.0,80.6,27.1,80.78,26.9,80.42,26.9,80.42,99.0
2026-08-29T01:01:12.126696+00:00,outside on top,902B6F7B-D0F4-EC70-1C01-8D7DE6A68397,-53,26.9,80.42,26.7,80.06,27.0,80.6,27.1,80.78,26.9,80.42,26.9,80.42,99.0
2026-08-29T01:01:14.131661+00:00,outside on top,902B6F7B-D0F4-EC70-1C01-8D7DE6A68397,-53,26.9,80.42,26.7,80.06,27.0,80.6,27.1,80.78,26.9,80.42,26.9,80.42,99.0
2026-08-29T01:01:16.133070+00:00,outside on top,902B6F7B-D0F4-EC70-1C01-8D7DE6A68397,-54,26.9,80.42,26.9,80.42,27.0,80.6,27.0,80.6,26.9,80.42,26.9,80.42,99.0
2026-08-29T01:01:18.138174+00:00,outside on top,902B6F7B-D0F4-EC70-1C01-8D7DE6A68397,-56,26.9,80.42,26.9,80.42,27.0,80.6,27.0,80.6,26.9,80.42,26.9,80.42,99.0
2026-08-29T01:01:20.143357+00:00,outside on top,902B6F7B-D0F4-EC70-1C01-8D7DE6A68397,-57,26.9,80.42,26.9,80.42,27.0,80.6,27.0,80.6,26.9,80.42,26.9,80.42,99.0
2026-08-29T01:01:22.149493+00:00,outside on top,902B6F7B-D0F4-EC70-1C01-8D7DE6A68397,-62,26.9,80.42,26.7,80.06,26.9,80.42,27.0,80.6,26.9,80.42,26.9,80.42,99.0
2026-08-29T01:01:24.156775+00:00,outside on top,902B6F7B-D0F4-EC70-1C01-8D7DE6A68397,-61,26.9,80.42,26.7,80.06,26.9,80.42,27.0,80.6,26.9,80.42,26.9,80.42,99.0
2026-08-29T01:01:26.162325+00:00,outside on top,902B6F7B-D0F4-EC70-1C01-8D7DE6A68397,-60,26.8,80.24000000000001,26.6,79.88,26.9,80.42,27.0,80.6,26.8,80.24000000000001,26.8,80.24000000000001,99.0
2026-08-29T01:01:28.169462+00:00,outside on top,902B6F7B-D0F4-EC70-1C01-8D7DE6A68397,-60,26.8,80.24000000000001,26.6,79.88,26.9,80.42,27.0,80.6,26.8,80.24000000000001,26.8,80.24000000000001,99.0
2026-08-29T01:01:30.177468+00:00,outside on top,902B6F7B-D0F4-EC70-1C01-8D7DE6A68397,-61,26.8,80.24000000000001,26.8,80.24000000000001,26.9,80.42,27.0,80.6,26.8,80.24000000000001,26.8,80.24000000000001,99.0
2026-08-29T01:01:32.185096+00:00,outside on top,902B6F7B-D0F4-EC70-1C01-8D7DE6A68397,-65,26.8,80.24000000000001,26.8,80.24000000000001,26.9,80.42,27.0,80.6,26.8,80.24000000000001,26.8,80.24000000000001,99.0
2026-08-29T01:01:34.188573+00:00,outside on top,902B6F7B-D0F4-EC70-1C01-8D7DE6A68397,-60,26.8,80.24000000000001,26.7,80.06,26.9,80.42,27.0,80.6,26.8,80.24000000000001,26.8,80.24000000000001,99.0
2026-08-29T01:01:36.192608+00:00,outside on top,902B6F7B-D0F4-EC70-1C01-8D7DE6A68397,-60,26.8,80.24000000000001,26.7,80.06,26.9,80.42,27.0,80.6,26.8,80.24000000000001,26.8,80.24000000000001,99.0
2026-08-29T01:01:38.196726+00:00,outside on top,902B6F7B-D0F4-EC70-1C01-8D7DE6A68397,-54,26.8,80.24000000000001,26.9,80.42,26.9,80.42,27.0,80.6,26.8,80.24000000000001,26.8,80.24000000000001,99.0
2026-08-29T01:01:40.201508+00:00,outside on top,902B6F7B-D0F4-EC70-1C01-8D7DE6A68397,-53,26.8,80.24000000000001,26.9,80.42,26.9,80.42,27.0,80.6,26.8,80.24000000000001,26.8,80.24000000000001,99.0
2026-08-29T01:01:42.208377+00:00,outside on top,902B6F7B-D0F4-EC70-1C01-8D7DE6A68397,-53,26.8,80.24000000000001,26.9,80.42,26.9,80.42,27.0,80.6,26.8,80.24000000000001,26.8,80.24000000000001,99.0
2026-08-29T01:01:44.213147+00:00,outside on top,902B6F7B-D0F4-EC70-1C01-8D7DE6A68397,-59,26.8,80.24000000000001,26.7,80.06,26.9,80.42,26.9,80.42,26.8,80.24000000000001,26.8,80.24000000000001,99.0
2026-08-29T01:01:46.214850+00:00,outside on top,902B6F7B-D0F4-EC70-1C01-8D7DE6A68397,-59,26.8,80.24000000000001,26.7,80.06,26.9,80.42,26.9,80.42,26.8,80.24000000000001,26.8,80.24000000000001,99.0
2026-08-29T01:01:48.218190+00:00,outside on top,902B6F7B-D0F4-EC70-1C01-8D7DE6A68397,-56,26.8,80.24000000000001,26.7,80.06,26.9,80.42,26.9,80.42,26.8,80.24000000000001,26.8,80.24000000000001,99.0
2026-08-29T01:01:50.224397+00:00,outside on top,902B6F7B-D0F4-EC70-1C01-8D7DE6A68397,-53,26.8,80.24000000000001,26.5,79.7,26.8,80.24000000000001,26.9,80.42,26.8,80.24000000000001,26.8,80.24000000000001,99.0
2026-08-29T01:01:52.225546+00:00,outside on top,902B6F7B-D0F4-EC70-1C01-8D7DE6A68397,-53,26.8,80.24000000000001,26.5,79.7,26.8,80.24000000000001,26.9,80.42,26.8,80.24000000000001,26.8,80.24000000000001,99.0
2026-08-29T01:01:54.232536+00:00,outside on top,902B6F7B-D0F4-EC70-1C01-8D7DE6A68397,-53,26.8,80.24000000000001,26.5,79.7,26.8,80.24000000000001,26.9,80.42,26.8,80.24000000000001,26.8,80.24000000000001,99.0
2026-08-29T01:01:56.237105+00:00,outside on top,902B6F7B-D0F4-EC70-1C01-8D7DE6A68397,-53,26.8,80.24000000000001,26.5,79.7,26.8,80.24000000000001,26.9,80.42,26.8,80.24000000000001,26.8,80.24000000000001,99.0
2026-08-29T01:01:58.244157+00:00,outside on top,902B6F7B-D0F4-EC70-1C01-8D7DE6A68397,-53,26.8,80.24000000000001,26.6,79.88,26.8,80.24000000000001,26.9,80.42,26.8,80.24000000000001,26.8,80.24000000000001,99.0
2026-08-29T01:02:00.253238+00:00,outside on top,902B6F7B-D0F4-EC70-1C01-8D7DE6A68397,-53,26.8,80.24000000000001,26.6,79.88,26.8,80.24000000000001,26.9,80.42,26.8,80.24000000000001,26.8,80.24000000000001,99.0
2026-08-29T01:02:02.260546+00:00,outside on top,902B6F7B-D0F4-EC70-1C01-8D7DE6A68397,-65,26.8,80.24000000000001,26.6,79.88,26.8,80.24000000000001,26.9,80.42,26.8,80.24000000000001,26.8,80.24000000000001,99.0
2026-08-29T01:02:04.274071+00:00,outside on top,902B6F7B-D0F4-EC70-1C01-8D7DE6A68397,-65,26.8,80.24000000000001,26.6,79.88,26.8,80.24000000000001,26.9,80.42,26.8,80.24000000000001,26.8,80.24000000000001,99.0
2026-08-29T01:02:06.278856+00:00,outside on top,902B6F7B-D0F4-EC70-1C01-8D7DE6A68397,-62,26.8,80.24000000000001,26.6,79.88,26.8,80.24000000000001,26.9,80.42,26.8,80.24000000000001,26.8,80.24000000000001,99.0
2026-08-29T01:02:08.284360+00:00,outside on top,902B6F7B-D0F4-EC70-1C01-8D7DE6A68397,-62,26.8,80.24000000000001,26.6,79.88,26.8,80.24000000000001,26.9,80.42,26.8,80.24000000000001,26.8,80.24000000000001,99.0
2026-08-29T01:02:10.295349+00:00,outside on top,902B6F7B-D0F4-EC70-1C01-8D7DE6A68397,-55,26.8,80.24000000000001,26.6,79.88,26.8,80.24000000000001,26.9,80.42,26.8,80.24000000000001,26.8,80.24000000000001,99.0
2026-08-29T01:02:12.299283+00:00,outside on top,902B6F7B-D0F4-EC70-1C01-8D7DE6A68397,-67,26.7,80.06,26.5,79.7,26.8,80.24000000000001,26.9,80.42,26.7,80.06,26.7,80.06,99.0
2026-08-29T01:02:14.311624+00:00,outside on top,902B6F7B-D0F4-EC70-1C01-8D7DE6A68397,-67,26.7,80.06,26.5,79.7,26.8,80.24000000000001,26.9,80.42,26.7,80.06,26.7,80.06,99.0
2026-08-29T01:02:16.317959+00:00,outside on top,902B6F7B-D0F4-EC70-1C01-8D7DE6A68397,-67,26.7,80.06,26.5,79.7,26.8,80.24000000000001,26.9,80.42,26.7,80.06,26.7,80.06,99.0
2026-08-29T01:02:18.322147+00:00,outside on top,902B6F7B-D0F4-EC70-1C01-8D7DE6A68397,-61,26.7,80.06,26.5,79.7,26.8,80.24000000000001,26.9,80.42,26.7,80.06,26.7,80.06,99.0
2026-08-29T01:02:20.328144+00:00,outside on top,902B6F7B-D0F4-EC70-1C01-8D7DE6A68397,-65,26.7,80.06,26.6,79.88,26.8,80.24000000000001,26.8,80.24000000000001,26.7,80.06,26.7,80.06,99.0
2026-08-29T01:02:22.332947+00:00,outside on top,902B6F7B-D0F4-EC70-1C01-8D7DE6A68397,-65,26.7,80.06,26.6,79.88,26.8,80.24000000000001,26.8,80.24000000000001,26.7,80.06,26.7,80.06,99.0
2026-08-29T01:02:24.336898+00:00,outside on top,902B6F7B-D0F4-EC70-1C01-8D7DE6A68397,-65,26.7,80.06,26.6,79.88,26.8,80.24000000000001,26.8,80.24000000000001,26.7,80.06,26.7,80.06,99.0
2026-08-29T01:02:26.346391+00:00,outside on top,902B6F7B-D0F4-EC70-1C01-8D7DE6A68397,-65,26.7,80.06,26.6,79.88,26.8,80.24000000000001,26.8,80.24000000000001,26.7,80.06,26.7,80.06,99.0
2026-08-29T01:02:28.350098+00:00,outside on top,902B6F7B-D0F4-EC70-1C01-8D7DE6A68397,-65,26.7,80.06,26.6,79.88,26.8,80.24000000000001,26.8,80.24000000000001,26.7,80.06,26.7,80.06,99.0
2026-08-29T01:02:30.369164+00:00,outside on top,902B6F7B-D0F4-EC70-1C01-8D7DE6A68397,-69,26.7,80.06,26.6,79.88,26.7,80.06,26.8,80.24000000000001,26.7,80.06,26.7,80.06,99.0
2026-08-29T01:02:32.382865+00:00,outside on top,902B6F7B-D0F4-EC70-1C01-8D7DE6A68397,-61,26.7,80.06,26.6,79.88,26.7,80.06,26.8,80.24000000000001,26.7,80.06,26.7,80.06,99.0
2026-08-29T01:02:34.386078+00:00,outside on top,902B6F7B-D0F4-EC70-1C01-8D7DE6A68397,-60,26.7,80.06,26.6,79.88,26.7,80.06,26.8,80.24000000000001,26.7,80.06,26.7,80.06,99.0
2026-08-29T01:02:36.390766+00:00,outside on top,902B6F7B-D0F4-EC70-1C01-8D7DE6A68397,-60,26.7,80.06,26.6,79.88,26.7,80.06,26.8,80.24000000000001,26.7,80.06,26.7,80.06,99.0
2026-08-29T01:02:38.398306+00:00,outside on top,902B6F7B-D0F4-EC70-1C01-8D7DE6A68397,-56,26.7,80.06,26.6,79.88,26.7,80.06,26.8,80.24000000000001,26.7,80.06,26.7,80.06,99.0
2026-08-29T01:02:40.400909+00:00,outside on top,902B6F7B-D0F4-EC70-1C01-8D7DE6A68397,-63,26.7,80.06,26.6,79.88,26.7,80.06,26.8,80.24000000000001,26.7,80.06,26.7,80.06,99.0
2026-08-29T01:02:42.405796+00:00,outside on top,902B6F7B-D0F4-EC70-1C01-8D7DE6A68397,-55,26.7,80.06,26.5,79.7,26.7,80.06,26.8,80.24000000000001,26.7,80.06,26.7,80.06,99.0
2026-08-29T01:02:44.412759+00:00,outside on top,902B6F7B-D0F4-EC70-1C01-8D7DE6A68397,-55,26.7,80.06,26.5,79.7,26.7,80.06,26.8,80.24000000000001,26.7,80.06,26.7,80.06,99.0
2026-08-29T01:02:46.416942+00:00,outside on top,902B6F7B-D0F4-EC70-1C01-8D7DE6A68397,-55,26.7,80.06,26.5,79.7,26.7,80.06,26.8,80.24000000000001,26.7,80.06,26.7,80.06,99.0
2026-08-29T01:02:48.421976+00:00,outside on top,902B6F7B-D0F4-EC70-1C01-8D7DE6A68397,-55,26.7,80.06,26.5,79.7,26.7,80.06,26.8,80.24000000000001,26.7,80.06,26.7,80.06,99.0
2026-08-29T01:02:50.427148+00:00,outside on top,902B6F7B-D0F4-EC70-1C01-8D7DE6A68397,-55,26.7,80.06,26.5,79.7,26.7,80.06,26.8,80.24000000000001,26.7,80.06,26.7,80.06,99.0
2026-08-29T01:02:52.430565+00:00,outside on top,902B6F7B-D0F4-EC70-1C01-8D7DE6A68397,-55,26.7,80.06,26.5,79.7,26.7,80.06,26.8,80.24000000000001,26.7,80.06,26.7,80.06,99.0
2026-08-29T01:02:54.434286+00:00,outside on top,902B6F7B-D0F4-EC70-1C01-8D7DE6A68397,-55,26.7,80.06,26.5,79.7,26.7,80.06,26.8,80.24000000000001,26.7,80.06,26.7,80.06,99.0
2026-08-29T01:02:56.439193+00:00,outside on top,902B6F7B-D0F4-EC70-1C01-8D7DE6A68397,-61,26.7,80.06,26.5,79.7,26.7,80.06,26.8,80.24000000000001,26.7,80.06,26.7,80.06,99.0
2026-08-29T01:02:58.444129+00:00,outside on top,902B6F7B-D0F4-EC70-1C01-8D7DE6A68397,-61,26.7,80.06,26.5,79.7,26.7,80.06,26.8,80.24000000000001,26.7,80.06,26.7,80.06,99.0
2026-08-29T01:03:00.451252+00:00,outside on top,902B6F7B-D0F4-EC70-1C01-8D7DE6A68397,-61,26.7,80.06,26.5,79.7,26.7,80.06,26.8,80.24000000000001,26.7,80.06,26.7,80.06,99.0
2026-08-29T01:03:02.463679+00:00,outside on top,902B6F7B-D0F4-EC70-1C01-8D7DE6A68397,-64,26.6,79.88,26.7,80.06,26.7,80.06,26.7,80.06,26.6,79.88,26.7,80.06,99.0
2026-08-29T01:03:04.474724+00:00,outside on top,902B6F7B-D0F4-EC70-1C01-8D7DE6A68397,-62,26.6,79.88,26.7,80.06,26.7,80.06,26.7,80.06,26.6,79.88,26.7,80.06,99.0
2026-08-29T01:03:06.479605+00:00,outside on top,902B6F7B-D0F4-EC70-1C01-8D7DE6A68397,-62,26.6,79.88,26.7,80.06,26.7,80.06,26.7,80.06,26.6,79.88,26.7,80.06,99.0
2026-08-29T01:03:08.483945+00:00,outside on top,902B6F7B-D0F4-EC70-1C01-8D7DE6A68397,-62,26.6,79.88,26.7,80.06,26.7,80.06,26.7,80.06,26.6,79.88,26.7,80.06,99.0
2026-08-29T01:03:10.491481+00:00,outside on top,902B6F7B-D0F4-EC70-1C01-8D7DE6A68397,-62,26.6,79.88,26.6,79.88,26.6,79.88,26.7,80.06,26.6,79.88,26.6,79.88,99.0
2026-08-29T01:03:12.496873+00:00,outside on top,902B6F7B-D0F4-EC70-1C01-8D7DE6A68397,-60,26.6,79.88,26.6,79.88,26.6,79.88,26.7,80.06,26.6,79.88,26.6,79.88,99.0
2026-08-29T01:03:14.500731+00:00,outside on top,902B6F7B-D0F4-EC70-1C01-8D7DE6A68397,-58,26.6,79.88,26.5,79.7,26.6,79.88,26.7,80.06,26.6,79.88,26.6,79.88,99.0
2026-08-29T01:03:16.514619+00:00,outside on top,902B6F7B-D0F4-EC70-1C01-8D7DE6A68397,-63,26.6,79.88,26.5,79.7,26.6,79.88,26.7,80.06,26.6,79.88,26.6,79.88,99.0
2026-08-29T01:03:18.519407+00:00,outside on top,902B6F7B-D0F4-EC70-1C01-8D7DE6A68397,-59,26.6,79.88,26.5,79.7,26.6,79.88,26.7,80.06,26.6,79.88,26.6,79.88,99.0
2026-08-29T01:03:20.532711+00:00,outside on top,902B6F7B-D0F4-EC70-1C01-8D7DE6A68397,-54,26.6,79.88,26.5,79.7,26.6,79.88,26.7,80.06,26.6,79.88,26.6,79.88,99.0
2026-08-29T01:03:22.536698+00:00,outside on top,902B6F7B-D0F4-EC70-1C01-8D7DE6A68397,-54,26.6,79.88,26.5,79.7,26.6,79.88,26.7,80.06,26.6,79.88,26.6,79.88,99.0
2026-08-29T01:03:24.542296+00:00,outside on top,902B6F7B-D0F4-EC70-1C01-8D7DE6A68397,-56,26.6,79.88,26.5,79.7,26.6,79.88,26.7,80.06,26.6,79.88,26.6,79.88,99.0
2026-08-29T01:03:26.550908+00:00,outside on top,902B6F7B-D0F4-EC70-1C01-8D7DE6A68397,-56,26.6,79.88,26.5,79.7,26.6,79.88,26.7,80.06,26.6,79.88,26.6,79.88,99.0
2026-08-29T01:03:28.559459+00:00,outside on top,902B6F7B-D0F4-EC70-1C01-8D7DE6A68397,-57,26.6,79.88,26.6,79.88,26.6,79.88,26.7,80.06,26.6,79.88,26.6,79.88,99.0
2026-08-29T01:03:30.563504+00:00,outside on top,902B6F7B-D0F4-EC70-1C01-8D7DE6A68397,-57,26.6,79.88,26.5,79.7,26.6,79.88,26.7,80.06,26.6,79.88,26.6,79.88,99.0
2026-08-29T01:03:32.567062+00:00,outside on top,902B6F7B-D0F4-EC70-1C01-8D7DE6A68397,-58,26.6,79.88,26.5,79.7,26.6,79.88,26.7,80.06,26.6,79.88,26.6,79.88,99.0
2026-08-29T01:03:34.575477+00:00,outside on top,902B6F7B-D0F4-EC70-1C01-8D7DE6A68397,-62,26.6,79.88,26.5,79.7,26.6,79.88,26.7,80.06,26.6,79.88,26.6,79.88,99.0
2026-08-29T01:03:36.578645+00:00,outside on top,902B6F7B-D0F4-EC70-1C01-8D7DE6A68397,-58,26.6,79.88,26.4,79.52,26.6,79.88,26.7,80.06,26.6,79.88,26.6,79.88,99.0
2026-08-29T01:03:38.583183+00:00,outside on top,902B6F7B-D0F4-EC70-1C01-8D7DE6A68397,-58,26.6,79.88,26.4,79.52,26.6,79.88,26.7,80.06,26.6,79.88,26.6,79.88,99.0
2026-08-29T01:03:40.588371+00:00,outside on top,902B6F7B-D0F4-EC70-1C01-8D7DE6A68397,-58,26.6,79.88,26.4,79.52,26.6,79.88,26.7,80.06,26.6,79.88,26.6,79.88,99.0
2026-08-29T01:03:42.592222+00:00,outside on top,902B6F7B-D0F4-EC70-1C01-8D7DE6A68397,-58,26.6,79.88,26.4,79.52,26.6,79.88,26.7,80.06,26.6,79.88,26.6,79.88,99.0
2026-08-29T01:03:44.596339+00:00,outside on top,902B6F7B-D0F4-EC70-1C01-8D7DE6A68397,-58,26.6,79.88,26.4,79.52,26.6,79.88,26.7,80.06,26.6,79.88,26.6,79.88,99.0
2026-08-29T01:03:46.600327+00:00,outside on top,902B6F7B-D0F4-EC70-1C01-8D7DE6A68397,127,26.6,79.88,26.3,79.34,26.6,79.88,26.7,80.06,26.6,79.88,26.6,79.88,99.0
2026-08-29T01:03:48.607177+00:00,outside on top,902B6F7B-D0F4-EC70-1C01-8D7DE6A68397,127,26.6,79.88,26.3,79.34,26.6,79.88,26.7,80.06,26.6,79.88,26.6,79.88,99.0
2026-08-29T01:03:50.611586+00:00,outside on top,902B6F7B-D0F4-EC70-1C01-8D7DE6A68397,-56,26.6,79.88,26.6,79.88,26.6,79.88,26.7,80.06,26.6,79.88,26.6,79.88,99.0
2026-08-29T01:03:52.615053+00:00,outside on top,902B6F7B-D0F4-EC70-1C01-8D7DE6A68397,-60,26.6,79.88,26.6,79.88,26.6,79.88,26.7,80.06,26.6,79.88,26.6,79.88,99.0
2026-08-29T01:03:54.618550+00:00,outside on top,902B6F7B-D0F4-EC70-1C01-8D7DE6A68397,-60,26.6,79.88,26.6,79.88,26.6,79.88,26.7,80.06,26.6,79.88,26.6,79.88,99.0
2026-08-29T01:03:56.631340+00:00,outside on top,902B6F7B-D0F4-EC70-1C01-8D7DE6A68397,-60,26.6,79.88,26.6,79.88,26.6,79.88,26.7,80.06,26.6,79.88,26.6,79.88,99.0
2026-08-29T01:03:58.644866+00:00,outside on top,902B6F7B-D0F4-EC70-1C01-8D7DE6A68397,-62,26.6,79.88,26.5,79.7,26.6,79.88,26.6,79.88,26.6,79.88,26.6,79.88,99.0
2026-08-29T01:04:00.650388+00:00,outside on top,902B6F7B-D0F4-EC70-1C01-8D7DE6A68397,-62,26.6,79.88,26.5,79.7,26.6,79.88,26.6,79.88,26.6,79.88,26.6,79.88,99.0
2026-08-29T01:04:02.655600+00:00,outside on top,902B6F7B-D0F4-EC70-1C01-8D7DE6A68397,-62,26.6,79.88,26.5,79.7,26.6,79.88,26.6,79.88,26.6,79.88,26.6,79.88,99.0
2026-08-29T01:04:04.660012+00:00,outside on top,902B6F7B-D0F4-EC70-1C01-8D7DE6A68397,-62,26.6,79.88,26.5,79.7,26.6,79.88,26.6,79.88,26.6,79.88,26.6,79.88,99.0
2026-08-29T01:04:06.663865+00:00,outside on top,902B6F7B-D0F4-EC70-1C01-8D7DE6A68397,-64,26.6,79.88,26.4,79.52,26.6,79.88,26.6,79.88,26.6,79.88,26.6,79.88,99.0
2026-08-29T01:04:08.670328+00:00,outside on top,902B6F7B-D0F4-EC70-1C01-8D7DE6A68397,-55,26.6,79.88,26.5,79.7,26.6,79.88,26.6,79.88,26.6,79.88,26.6,79.88,99.0
2026-08-29T01:04:10.678216+00:00,outside on top,902B6F7B-D0F4-EC70-1C01-8D7DE6A68397,-55,26.6,79.88,26.5,79.7,26.6,79.88,26.6,79.88,26.6,79.88,26.6,79.88,99.0
2026-08-29T01:04:12.682248+00:00,outside on top,902B6F7B-D0F4-EC70-1C01-8D7DE6A68397,-55,26.6,79.88,26.5,79.7,26.6,79.88,26.6,79.88,26.6,79.88,26.6,79.88,99.0
2026-08-29T01:04:14.687067+00:00,outside on top,902B6F7B-D0F4-EC70-1C01-8D7DE6A68397,-57,26.6,79.88,26.5,79.7,26.6,79.88,26.6,79.88,26.6,79.88,26.6,79.88,99.0
2026-08-29T01:04:16.692949+00:00,outside on top,902B6F7B-D0F4-EC70-1C01-8D7DE6A68397,-63,26.5,79.7,26.5,79.7,26.6,79.88,26.6,79.88,26.5,79.7,26.6,79.88,99.0
2026-08-29T01:04:18.703445+00:00,outside on top,902B6F7B-D0F4-EC70-1C01-8D7DE6A68397,-56,26.5,79.7,26.3,79.34,26.5,79.7,26.6,79.88,26.5,79.7,26.6,79.88,99.0
2026-08-29T01:04:20.720871+00:00,outside on top,902B6F7B-D0F4-EC70-1C01-8D7DE6A68397,-59,26.5,79.7,26.5,79.7,26.5,79.7,26.6,79.88,26.5,79.7,26.6,79.88,99.0
2026-08-29T01:04:22.731110+00:00,outside on top,902B6F7B-D0F4-EC70-1C01-8D7DE6A68397,-57,26.5,79.7,26.5,79.7,26.5,79.7,26.6,79.88,26.5,79.7,26.6,79.88,99.0
2026-08-29T01:04:24.735359+00:00,outside on top,902B6F7B-D0F4-EC70-1C01-8D7DE6A68397,-58,26.5,79.7,26.4,79.52,26.5,79.7,26.6,79.88,26.5,79.7,26.6,79.88,99.0
2026-08-29T01:04:26.740619+00:00,outside on top,902B6F7B-D0F4-EC70-1C01-8D7DE6A68397,-58,26.5,79.7,26.4,79.52,26.5,79.7,26.6,79.88,26.5,79.7,26.6,79.88,99.0
2026-08-29T01:04:28.748308+00:00,outside on top,902B6F7B-D0F4-EC70-1C01-8D7DE6A68397,-58,26.5,79.7,26.4,79.52,26.5,79.7,26.6,79.88,26.5,79.7,26.6,79.88,99.0
2026-08-29T01:04:30.760418+00:00,outside on top,902B6F7B-D0F4-EC70-1C01-8D7DE6A68397,-58,26.5,79.7,26.5,79.7,26.5,79.7,26.6,79.88,26.5,79.7,26.6,79.88,99.0
2026-08-29T01:04:32.764098+00:00,outside on top,902B6F7B-D0F4-EC70-1C01-8D7DE6A68397,-59,26.5,79.7,26.4,79.52,26.5,79.7,26.6,79.88,26.5,79.7,26.6,79.88,99.0
2026-08-29T01:04:34.769543+00:00,outside on top,902B6F7B-D0F4-EC70-1C01-8D7DE6A68397,-57,26.5,79.7,26.4,79.52,26.5,79.7,26.6,79.88,26.5,79.7,26.6,79.88,99.0
2026-08-29T01:04:36.777357+00:00,outside on top,902B6F7B-D0F4-EC70-1C01-8D7DE6A68397,-57,26.5,79.7,26.4,79.52,26.5,79.7,26.6,79.88,26.5,79.7,26.6,79.88,99.0
2026-08-29T01:04:38.788279+00:00,outside on top,902B6F7B-D0F4-EC70-1C01-8D7DE6A68397,-57,26.5,79.7,26.4,79.52,26.5,79.7,26.6,79.88,26.5,79.7,26.6,79.88,99.0
2026-08-29T01:04:40.795272+00:00,outside on top,902B6F7B-D0F4-EC70-1C01-8D7DE6A68397,-57,26.5,79.7,26.3,79.34,26.5,79.7,26.6,79.88,26.5,79.7,26.6,79.88,99.0
2026-08-29T01:04:42.797364+00:00,outside on top,902B6F7B-D0F4-EC70-1C01-8D7DE6A68397,-56,26.5,79.7,26.3,79.34,26.5,79.7,26.6,79.88,26.5,79.7,26.5,79.7,99.0
2026-08-29T01:04:44.800360+00:00,outside on top,902B6F7B-D0F4-EC70-1C01-8D7DE6A68397,-56,26.5,79.7,26.3,79.34,26.5,79.7,26.6,79.88,26.5,79.7,26.5,79.7,99.0
2026-08-29T01:04:46.806418+00:00,outside on top,902B6F7B-D0F4-EC70-1C01-8D7DE6A68397,-60,26.5,79.7,26.3,79.34,26.5,79.7,26.6,79.88,26.5,79.7,26.5,79.7,99.0
2026-08-29T01:04:48.813228+00:00,outside on top,902B6F7B-D0F4-EC70-1C01-8D7DE6A68397,-60,26.5,79.7,26.3,79.34,26.5,79.7,26.6,79.88,26.5,79.7,26.5,79.7,99.0
2026-08-29T01:04:50.816488+00:00,outside on top,902B6F7B-D0F4-EC70-1C01-8D7DE6A68397,-60,26.5,79.7,26.4,79.52,26.5,79.7,26.6,79.88,26.5,79.7,26.5,79.7,99.0
2026-08-29T01:04:52.819776+00:00,outside on top,902B6F7B-D0F4-EC70-1C01-8D7DE6A68397,-62,26.5,79.7,26.3,79.34,26.5,79.7,26.6,79.88,26.5,79.7,26.5,79.7,99.0
2026-08-29T01:04:54.823095+00:00,outside on top,902B6F7B-D0F4-EC70-1C01-8D7DE6A68397,-63,26.5,79.7,26.4,79.52,26.5,79.7,26.6,79.88,26.5,79.7,26.5,79.7,99.0
2026-08-29T01:04:56.830262+00:00,outside on top,902B6F7B-D0F4-EC70-1C01-8D7DE6A68397,-62,26.5,79.7,26.4,79.52,26.5,79.7,26.6,79.88,26.5,79.7,26.5,79.7,99.0
2026-08-29T01:04:58.837930+00:00,outside on top,902B6F7B-D0F4-EC70-1C01-8D7DE6A68397,-59,26.5,79.7,26.5,79.7,26.5,79.7,26.6,79.88,26.5,79.7,26.5,79.7,99.0
2026-08-29T01:05:00.925485+00:00,outside on top,902B6F7B-D0F4-EC70-1C01-8D7DE6A68397,-59,26.5,79.7,26.5,79.7,26.5,79.7,26.6,79.88,26.5,79.7,26.5,79.7,99.0
2026-08-29T01:05:02.927907+00:00,outside on top,902B6F7B-D0F4-EC70-1C01-8D7DE6A68397,-59,26.5,79.7,26.5,79.7,26.5,79.7,26.6,79.88,26.5,79.7,26.5,79.7,99.0
2026-08-29T01:05:04.933113+00:00,outside on top,902B6F7B-D0F4-EC70-1C01-8D7DE6A68397,-57,26.5,79.7,26.5,79.7,26.5,79.7,26.6,79.88,26.5,79.7,26.5,79.7,99.0
2026-08-29T01:05:06.935332+00:00,outside on top,902B6F7B-D0F4-EC70-1C01-8D7DE6A68397,-57,26.5,79.7,26.5,79.7,26.5,79.7,26.6,79.88,26.5,79.7,26.5,79.7,99.0
2026-08-29T01:05:08.939607+00:00,outside on top,902B6F7B-D0F4-EC70-1C01-8D7DE6A68397,-61,26.5,79.7,26.3,79.34,26.5,79.7,26.6,79.88,26.5,79.7,26.5,79.7,99.0
2026-08-29T01:05:10.942414+00:00,outside on top,902B6F7B-D0F4-EC70-1C01-8D7DE6A68397,-61,26.5,79.7,26.3,79.34,26.5,79.7,26.6,79.88,26.5,79.7,26.5,79.7,99.0
2026-08-29T01:05:12.946204+00:00,outside on top,902B6F7B-D0F4-EC70-1C01-8D7DE6A68397,-57,26.5,79.7,26.3,79.34,26.5,79.7,26.6,79.88,26.5,79.7,26.5,79.7,99.0
2026-08-29T01:05:14.950538+00:00,outside on top,902B6F7B-D0F4-EC70-1C01-8D7DE6A68397,-57,26.5,79.7,26.3,79.34,26.5,79.7,26.6,79.88,26.5,79.7,26.5,79.7,99.0
2026-08-29T01:05:16.958064+00:00,outside on top,902B6F7B-D0F4-EC70-1C01-8D7DE6A68397,-53,26.4,79.52,26.5,79.7,26.5,79.7,26.6,79.88,26.4,79.52,26.5,79.7,99.0
2026-08-29T01:05:18.962042+00:00,outside on top,902B6F7B-D0F4-EC70-1C01-8D7DE6A68397,-54,26.4,79.52,26.2,79.16,26.4,79.52,26.5,79.7,26.4,79.52,26.5,79.7,99.0
2026-08-29T01:05:20.964504+00:00,outside on top,902B6F7B-D0F4-EC70-1C01-8D7DE6A68397,-54,26.4,79.52,26.4,79.52,26.4,79.52,26.5,79.7,26.4,79.52,26.5,79.7,99.0
2026-08-29T01:05:22.970188+00:00,outside on top,902B6F7B-D0F4-EC70-1C01-8D7DE6A68397,-54,26.4,79.52,26.4,79.52,26.4,79.52,26.5,79.7,26.4,79.52,26.5,79.7,99.0
2026-08-29T01:05:24.976409+00:00,outside on top,902B6F7B-D0F4-EC70-1C01-8D7DE6A68397,-57,26.5,79.7,26.3,79.34,26.5,79.7,26.5,79.7,26.5,79.7,26.5,79.7,99.0
2026-08-29T01:05:26.979441+00:00,outside on top,902B6F7B-D0F4-EC70-1C01-8D7DE6A68397,-58,26.4,79.52,26.4,79.52,26.4,79.52,26.5,79.7,26.4,79.52,26.5,79.7,99.0
2026-08-29T01:05:28.984131+00:00,outside on top,902B6F7B-D0F4-EC70-1C01-8D7DE6A68397,-63,26.4,79.52,26.4,79.52,26.4,79.52,26.5,79.7,26.4,79.52,26.5,79.7,99.0
2026-08-29T01:05:30.994918+00:00,outside on top,902B6F7B-D0F4-EC70-1C01-8D7DE6A68397,-57,26.4,79.52,26.4,79.52,26.4,79.52,26.5,79.7,26.4,79.52,26.5,79.7,99.0
2026-08-29T01:05:32.998835+00:00,outside on top,902B6F7B-D0F4-EC70-1C01-8D7DE6A68397,-56,26.4,79.52,26.1,78.98,26.4,79.52,26.5,79.7,26.4,79.52,26.5,79.7,99.0
2026-08-29T01:05:35.003924+00:00,outside on top,902B6F7B-D0F4-EC70-1C01-8D7DE6A68397,-58,26.4,79.52,26.5,79.7,26.4,79.52,26.5,79.7,26.4,79.52,26.5,79.7,99.0
2026-08-29T01:05:37.008967+00:00,outside on top,902B6F7B-D0F4-EC70-1C01-8D7DE6A68397,-53,26.4,79.52,26.5,79.7,26.4,79.52,26.5,79.7,26.4,79.52,26.5,79.7,99.0
2026-08-29T01:05:39.014358+00:00,outside on top,902B6F7B-D0F4-EC70-1C01-8D7DE6A68397,-57,26.4,79.52,26.5,79.7,26.4,79.52,26.5,79.7,26.4,79.52,26.5,79.7,99.0
2026-08-29T01:05:41.018036+00:00,outside on top,902B6F7B-D0F4-EC70-1C01-8D7DE6A68397,-57,26.4,79.52,26.5,79.7,26.4,79.52,26.5,79.7,26.4,79.52,26.5,79.7,99.0
2026-08-29T01:05:43.022246+00:00,outside on top,902B6F7B-D0F4-EC70-1C01-8D7DE6A68397,-56,26.4,79.52,26.4,79.52,26.4,79.52,26.5,79.7,26.4,79.52,26.5,79.7,99.0
2026-08-29T01:05:45.026829+00:00,outside on top,902B6F7B-D0F4-EC70-1C01-8D7DE6A68397,-56,26.4,79.52,26.4,79.52,26.4,79.52,26.5,79.7,26.4,79.52,26.5,79.7,99.0
2026-08-29T01:05:47.032442+00:00,outside on top,902B6F7B-D0F4-EC70-1C01-8D7DE6A68397,-53,26.4,79.52,26.4,79.52,26.4,79.52,26.5,79.7,26.4,79.52,26.5,79.7,99.0
2026-08-29T01:05:49.035093+00:00,outside on top,902B6F7B-D0F4-EC70-1C01-8D7DE6A68397,-53,26.4,79.52,26.4,79.52,26.4,79.52,26.5,79.7,26.4,79.52,26.5,79.7,99.0
2026-08-29T01:05:51.039769+00:00,outside on top,902B6F7B-D0F4-EC70-1C01-8D7DE6A68397,-53,26.4,79.52,26.4,79.52,26.4,79.52,26.5,79.7,26.4,79.52,26.5,79.7,99.0
2026-08-29T01:05:53.047646+00:00,outside on top,902B6F7B-D0F4-EC70-1C01-8D7DE6A68397,-54,26.4,79.52,26.4,79.52,26.4,79.52,26.5,79.7,26.4,79.52,26.5,79.7,99.0
2026-08-29T01:05:55.053443+00:00,outside on top,902B6F7B-D0F4-EC70-1C01-8D7DE6A68397,-54,26.4,79.52,26.4,79.52,26.4,79.52,26.5,79.7,26.4,79.52,26.5,79.7,99.0
2026-08-29T01:05:57.058975+00:00,outside on top,902B6F7B-D0F4-EC70-1C01-8D7DE6A68397,-54,26.4,79.52,26.4,79.52,26.4,79.52,26.5,79.7,26.4,79.52,26.5,79.7,99.0
2026-08-29T01:05:59.065267+00:00,outside on top,902B6F7B-D0F4-EC70-1C01-8D7DE6A68397,-56,26.4,79.52,26.4,79.52,26.4,79.52,26.5,79.7,26.4,79.52,26.5,79.7,99.0
2026-08-29T01:06:01.073630+00:00,outside on top,902B6F7B-D0F4-EC70-1C01-8D7DE6A68397,-53,26.4,79.52,26.4,79.52,26.4,79.52,26.5,79.7,26.4,79.52,26.5,79.7,99.0
2026-08-29T01:06:03.081339+00:00,outside on top,902B6F7B-D0F4-EC70-1C01-8D7DE6A68397,127,26.4,79.52,26.3,79.34,26.4,79.52,26.5,79.7,26.4,79.52,26.5,79.7,99.0
2026-08-29T01:06:05.088786+00:00,outside on top,902B6F7B-D0F4-EC70-1C01-8D7DE6A68397,127,26.4,79.52,26.3,79.34,26.4,79.52,26.5,79.7,26.4,79.52,26.5,79.7,99.0
2026-08-29T01:06:07.096303+00:00,outside on top,902B6F7B-D0F4-EC70-1C01-8D7DE6A68397,127,26.4,79.52,26.3,79.34,26.4,79.52,26.5,79.7,26.4,79.52,26.5,79.7,99.0
2026-08-29T01:06:09.101978+00:00,outside on top,902B6F7B-D0F4-EC70-1C01-8D7DE6A68397,-53,26.4,79.52,26.5,79.7,26.4,79.52,26.5,79.7,26.4,79.52,26.4,79.52,99.0
2026-08-29T01:06:11.109989+00:00,outside on top,902B6F7B-D0F4-EC70-1C01-8D7DE6A68397,-53,26.4,79.52,26.1,78.98,26.4,79.52,26.5,79.7,26.4,79.52,26.5,79.7,99.0
2026-08-29T01:06:13.117211+00:00,outside on top,902B6F7B-D0F4-EC70-1C01-8D7DE6A68397,-53,26.4,79.52,26.2,79.16,26.4,79.52,26.5,79.7,26.4,79.52,26.4,79.52,99.0
2026-08-29T01:06:15.120155+00:00,outside on top,902B6F7B-D0F4-EC70-1C01-8D7DE6A68397,-53,26.4,79.52,26.2,79.16,26.4,79.52,26.5,79.7,26.4,79.52,26.4,79.52,99.0
2026-08-29T01:06:17.126821+00:00,outside on top,902B6F7B-D0F4-EC70-1C01-8D7DE6A68397,-55,26.4,79.52,26.2,79.16,26.4,79.52,26.5,79.7,26.4,79.52,26.4,79.52,99.0
2026-08-29T01:06:19.131751+00:00,outside on top,902B6F7B-D0F4-EC70-1C01-8D7DE6A68397,-53,26.4,79.52,26.3,79.34,26.4,79.52,26.5,79.7,26.4,79.52,26.4,79.52,99.0
2026-08-29T01:06:21.137336+00:00,outside on top,902B6F7B-D0F4-EC70-1C01-8D7DE6A68397,-54,26.4,79.52,26.2,79.16,26.4,79.52,26.4,79.52,26.4,79.52,26.4,79.52,99.0
2026-08-29T01:06:23.140532+00:00,outside on top,902B6F7B-D0F4-EC70-1C01-8D7DE6A68397,-57,26.4,79.52,26.3,79.34,26.4,79.52,26.5,79.7,26.4,79.52,26.4,79.52,99.0
2026-08-29T01:06:25.146290+00:00,outside on top,902B6F7B-D0F4-EC70-1C01-8D7DE6A68397,-57,26.4,79.52,26.3,79.34,26.4,79.52,26.5,79.7,26.4,79.52,26.4,79.52,99.0
2026-08-29T01:06:27.151020+00:00,outside on top,902B6F7B-D0F4-EC70-1C01-8D7DE6A68397,-53,26.4,79.52,26.3,79.34,26.4,79.52,26.5,79.7,26.4,79.52,26.4,79.52,99.0
2026-08-29T01:06:29.156822+00:00,outside on top,902B6F7B-D0F4-EC70-1C01-8D7DE6A68397,-53,26.4,79.52,26.3,79.34,26.4,79.52,26.5,79.7,26.4,79.52,26.4,79.52,99.0
2026-08-29T01:06:31.161525+00:00,outside on top,902B6F7B-D0F4-EC70-1C01-8D7DE6A68397,-64,26.4,79.52,26.3,79.34,26.4,79.52,26.5,79.7,26.4,79.52,26.4,79.52,99.0
2026-08-29T01:06:33.166423+00:00,outside on top,902B6F7B-D0F4-EC70-1C01-8D7DE6A68397,-56,26.4,79.52,26.5,79.7,26.4,79.52,26.4,79.52,26.4,79.52,26.4,79.52,99.0
2026-08-29T01:06:35.170826+00:00,outside on top,902B6F7B-D0F4-EC70-1C01-8D7DE6A68397,-61,26.4,79.52,26.5,79.7,26.4,79.52,26.4,79.52,26.4,79.52,26.4,79.52,99.0
2026-08-29T01:06:37.177929+00:00,outside on top,902B6F7B-D0F4-EC70-1C01-8D7DE6A68397,-55,26.3,79.34,26.3,79.34,26.3,79.34,26.4,79.52,26.4,79.52,26.4,79.52,99.0
2026-08-29T01:06:39.181189+00:00,outside on top,902B6F7B-D0F4-EC70-1C01-8D7DE6A68397,-56,26.4,79.52,26.3,79.34,26.4,79.52,26.4,79.52,26.4,79.52,26.4,79.52,99.0
2026-08-29T01:06:41.184562+00:00,outside on top,902B6F7B-D0F4-EC70-1C01-8D7DE6A68397,-56,26.4,79.52,26.3,79.34,26.4,79.52,26.4,79.52,26.4,79.52,26.4,79.52,99.0
2026-08-29T01:06:43.189582+00:00,outside on top,902B6F7B-D0F4-EC70-1C01-8D7DE6A68397,-56,26.4,79.52,26.3,79.34,26.4,79.52,26.4,79.52,26.4,79.52,26.4,79.52,99.0
2026-08-29T01:06:45.196069+00:00,outside on top,902B6F7B-D0F4-EC70-1C01-8D7DE6A68397,-62,26.4,79.52,26.3,79.34,26.4,79.52,26.4,79.52,26.4,79.52,26.4,79.52,99.0
2026-08-29T01:06:47.199804+00:00,outside on top,902B6F7B-D0F4-EC70-1C01-8D7DE6A68397,-61,26.4,79.52,26.3,79.34,26.4,79.52,26.4,79.52,26.4,79.52,26.4,79.52,99.0
2026-08-29T01:06:49.203251+00:00,outside on top,902B6F7B-D0F4-EC70-1C01-8D7DE6A68397,-58,26.3,79.34,26.4,79.52,26.3,79.34,26.4,79.52,26.4,79.52,26.4,79.52,99.0
2026-08-29T01:06:51.210510+00:00,outside on top,902B6F7B-D0F4-EC70-1C01-8D7DE6A68397,-58,26.3,79.34,26.4,79.52,26.3,79.34,26.4,79.52,26.4,79.52,26.4,79.52,99.0
2026-08-29T01:06:53.216726+00:00,outside on top,902B6F7B-D0F4-EC70-1C01-8D7DE6A68397,-59,26.3,79.34,26.4,79.52,26.3,79.34,26.4,79.52,26.4,79.52,26.4,79.52,99.0
2026-08-29T01:06:55.221943+00:00,outside on top,902B6F7B-D0F4-EC70-1C01-8D7DE6A68397,-57,26.3,79.34,26.4,79.52,26.3,79.34,26.4,79.52,26.3,79.34,26.4,79.52,99.0
2026-08-29T01:06:57.226148+00:00,outside on top,902B6F7B-D0F4-EC70-1C01-8D7DE6A68397,-57,26.3,79.34,26.2,79.16,26.3,79.34,26.4,79.52,26.4,79.52,26.4,79.52,99.0
2026-08-29T01:06:59.230297+00:00,outside on top,902B6F7B-D0F4-EC70-1C01-8D7DE6A68397,-53,26.3,79.34,26.2,79.16,26.3,79.34,26.4,79.52,26.4,79.52,26.4,79.52,99.0
2026-08-29T01:07:01.234833+00:00,outside on top,902B6F7B-D0F4-EC70-1C01-8D7DE6A68397,-53,26.3,79.34,26.2,79.16,26.3,79.34,26.4,79.52,26.4,79.52,26.4,79.52,99.0
2026-08-29T01:07:03.241792+00:00,outside on top,902B6F7B-D0F4-EC70-1C01-8D7DE6A68397,-53,26.3,79.34,26.2,79.16,26.3,79.34,26.4,79.52,26.4,79.52,26.4,79.52,99.0
2026-08-29T01:07:05.247670+00:00,outside on top,902B6F7B-D0F4-EC70-1C01-8D7DE6A68397,-60,26.4,79.52,26.1,78.98,26.4,79.52,26.4,79.52,26.4,79.52,26.4,79.52,99.0
2026-08-29T01:07:07.250188+00:00,outside on top,902B6F7B-D0F4-EC70-1C01-8D7DE6A68397,-60,26.4,79.52,26.1,78.98,26.4,79.52,26.4,79.52,26.4,79.52,26.4,79.52,99.0
2026-08-29T01:07:09.253191+00:00,outside on top,902B6F7B-D0F4-EC70-1C01-8D7DE6A68397,-60,26.4,79.52,26.1,78.98,26.4,79.52,26.4,79.52,26.4,79.52,26.4,79.52,99.0
2026-08-29T01:07:11.257252+00:00,outside on top,902B6F7B-D0F4-EC70-1C01-8D7DE6A68397,-60,26.4,79.52,26.1,78.98,26.4,79.52,26.4,79.52,26.4,79.52,26.4,79.52,99.0
2026-08-29T01:07:13.260979+00:00,outside on top,902B6F7B-D0F4-EC70-1C01-8D7DE6A68397,-66,26.3,79.34,26.1,78.98,26.3,79.34,26.4,79.52,26.3,79.34,26.4,79.52,99.0
2026-08-29T01:07:15.269125+00:00,outside on top,902B6F7B-D0F4-EC70-1C01-8D7DE6A68397,-62,26.3,79.34,26.1,78.98,26.3,79.34,26.4,79.52,26.3,79.34,26.4,79.52,99.0
2026-08-29T01:07:17.275216+00:00,outside on top,902B6F7B-D0F4-EC70-1C01-8D7DE6A68397,-62,26.3,79.34,26.1,78.98,26.3,79.34,26.4,79.52,26.3,79.34,26.4,79.52,99.0
2026-08-29T01:07:19.279041+00:00,outside on top,902B6F7B-D0F4-EC70-1C01-8D7DE6A68397,-60,26.3,79.34,26.1,78.98,26.3,79.34,26.4,79.52,26.3,79.34,26.4,79.52,99.0
2026-08-29T01:07:21.282085+00:00,outside on top,902B6F7B-D0F4-EC70-1C01-8D7DE6A68397,-58,26.3,79.34,26.2,79.16,26.3,79.34,26.4,79.52,26.3,79.34,26.4,79.52,99.0
2026-08-29T01:07:23.286491+00:00,outside on top,902B6F7B-D0F4-EC70-1C01-8D7DE6A68397,-58,26.3,79.34,26.2,79.16,26.3,79.34,26.4,79.52,26.3,79.34,26.4,79.52,99.0
2026-08-29T01:07:25.292220+00:00,outside on top,902B6F7B-D0F4-EC70-1C01-8D7DE6A68397,-58,26.3,79.34,26.2,79.16,26.3,79.34,26.4,79.52,26.3,79.34,26.4,79.52,99.0
2026-08-29T01:07:27.296888+00:00,outside on top,902B6F7B-D0F4-EC70-1C01-8D7DE6A68397,-64,26.3,79.34,26.2,79.16,26.3,79.34,26.4,79.52,26.3,79.34,26.4,79.52,99.0
2026-08-29T01:07:29.301440+00:00,outside on top,902B6F7B-D0F4-EC70-1C01-8D7DE6A68397,-58,26.3,79.34,26.2,79.16,26.3,79.34,26.4,79.52,26.3,79.34,26.4,79.52,99.0
2026-08-29T01:07:31.305612+00:00,outside on top,902B6F7B-D0F4-EC70-1C01-8D7DE6A68397,-64,26.3,79.34,26.2,79.16,26.3,79.34,26.4,79.52,26.3,79.34,26.4,79.52,99.0
2026-08-29T01:07:33.310186+00:00,outside on top,902B6F7B-D0F4-EC70-1C01-8D7DE6A68397,-64,26.3,79.34,26.2,79.16,26.3,79.34,26.4,79.52,26.3,79.34,26.4,79.52,99.0
2026-08-29T01:07:35.315118+00:00,outside on top,902B6F7B-D0F4-EC70-1C01-8D7DE6A68397,-72,26.3,79.34,26.2,79.16,26.3,79.34,26.4,79.52,26.3,79.34,26.4,79.52,99.0
2026-08-29T01:07:37.319512+00:00,outside on top,902B6F7B-D0F4-EC70-1C01-8D7DE6A68397,-72,26.3,79.34,26.2,79.16,26.3,79.34,26.4,79.52,26.3,79.34,26.4,79.52,99.0
2026-08-29T01:07:39.323813+00:00,outside on top,902B6F7B-D0F4-EC70-1C01-8D7DE6A68397,-66,26.3,79.34,26.2,79.16,26.3,79.34,26.4,79.52,26.3,79.34,26.4,79.52,99.0
2026-08-29T01:07:41.327938+00:00,outside on top,902B6F7B-D0F4-EC70-1C01-8D7DE6A68397,-66,26.3,79.34,26.2,79.16,26.3,79.34,26.4,79.52,26.3,79.34,26.4,79.52,99.0
2026-08-29T01:07:43.332765+00:00,outside on top,902B6F7B-D0F4-EC70-1C01-8D7DE6A68397,-66,26.3,79.34,26.2,79.16,26.3,79.34,26.4,79.52,26.3,79.34,26.4,79.52,99.0
2026-08-29T01:07:45.338524+00:00,outside on top,902B6F7B-D0F4-EC70-1C01-8D7DE6A68397,-66,26.3,79.34,26.2,79.16,26.3,79.34,26.4,79.52,26.3,79.34,26.4,79.52,99.0
2026-08-29T01:07:47.343572+00:00,outside on top,902B6F7B-D0F4-EC70-1C01-8D7DE6A68397,-66,26.3,79.34,26.2,79.16,26.3,79.34,26.4,79.52,26.3,79.34,26.4,79.52,99.0
2026-08-29T01:07:49.351908+00:00,outside on top,902B6F7B-D0F4-EC70-1C01-8D7DE6A68397,-66,26.3,79.34,26.2,79.16,26.3,79.34,26.4,79.52,26.3,79.34,26.4,79.52,99.0
2026-08-29T01:07:51.355714+00:00,outside on top,902B6F7B-D0F4-EC70-1C01-8D7DE6A68397,-69,26.3,79.34,26.2,79.16,26.3,79.34,26.4,79.52,26.3,79.34,26.4,79.52,99.0
2026-08-29T01:07:53.360161+00:00,outside on top,902B6F7B-D0F4-EC70-1C01-8D7DE6A68397,-79,26.3,79.34,26.0,78.80000000000001,26.3,79.34,26.4,79.52,26.3,79.34,26.4,79.52,99.0
2026-08-29T01:07:55.363863+00:00,outside on top,902B6F7B-D0F4-EC70-1C01-8D7DE6A68397,-67,26.3,79.34,26.1,78.98,26.3,79.34,26.4,79.52,26.3,79.34,26.4,79.52,99.0
2026-08-29T01:07:57.366605+00:00,outside on top,902B6F7B-D0F4-EC70-1C01-8D7DE6A68397,-59,26.3,79.34,26.2,79.16,26.3,79.34,26.4,79.52,26.3,79.34,26.4,79.52,99.0
2026-08-29T01:07:59.372387+00:00,outside on top,902B6F7B-D0F4-EC70-1C01-8D7DE6A68397,-59,26.3,79.34,26.2,79.16,26.3,79.34,26.4,79.52,26.3,79.34,26.4,79.52,99.0
2026-08-29T01:08:01.378835+00:00,outside on top,902B6F7B-D0F4-EC70-1C01-8D7DE6A68397,-67,26.3,79.34,26.3,79.34,26.3,79.34,26.4,79.52,26.3,79.34,26.4,79.52,99.0
2026-08-29T01:08:03.382922+00:00,outside on top,902B6F7B-D0F4-EC70-1C01-8D7DE6A68397,-63,26.3,79.34,26.1,78.98,26.3,79.34,26.4,79.52,26.3,79.34,26.4,79.52,99.0
2026-08-29T01:08:05.386521+00:00,outside on top,902B6F7B-D0F4-EC70-1C01-8D7DE6A68397,-61,26.3,79.34,26.0,78.80000000000001,26.3,79.34,26.4,79.52,26.3,79.34,26.4,79.52,99.0
2026-08-29T01:08:07.394956+00:00,outside on top,902B6F7B-D0F4-EC70-1C01-8D7DE6A68397,-61,26.3,79.34,26.2,79.16,26.3,79.34,26.4,79.52,26.3,79.34,26.4,79.52,99.0
2026-08-29T01:08:09.402713+00:00,outside on top,902B6F7B-D0F4-EC70-1C01-8D7DE6A68397,-61,26.3,79.34,26.2,79.16,26.3,79.34,26.4,79.52,26.3,79.34,26.4,79.52,99.0
2026-08-29T01:08:11.411211+00:00,outside on top,902B6F7B-D0F4-EC70-1C01-8D7DE6A68397,-64,26.3,79.34,26.2,79.16,26.3,79.34,26.3,79.34,26.3,79.34,26.4,79.52,99.0
2026-08-29T01:08:13.416952+00:00,outside on top,902B6F7B-D0F4-EC70-1C01-8D7DE6A68397,-64,26.3,79.34,26.2,79.16,26.3,79.34,26.4,79.52,26.3,79.34,26.4,79.52,99.0
2026-08-29T01:08:15.426796+00:00,outside on top,902B6F7B-D0F4-EC70-1C01-8D7DE6A68397,-64,26.3,79.34,26.2,79.16,26.3,79.34,26.4,79.52,26.3,79.34,26.4,79.52,99.0
2026-08-29T01:08:17.439042+00:00,outside on top,902B6F7B-D0F4-EC70-1C01-8D7DE6A68397,-64,26.3,79.34,26.2,79.16,26.3,79.34,26.4,79.52,26.3,79.34,26.4,79.52,99.0
2026-08-29T01:08:19.443754+00:00,outside on top,902B6F7B-D0F4-EC70-1C01-8D7DE6A68397,-63,26.3,79.34,26.2,79.16,26.3,79.34,26.4,79.52,26.3,79.34,26.4,79.52,99.0
2026-08-29T01:08:21.450079+00:00,outside on top,902B6F7B-D0F4-EC70-1C01-8D7DE6A68397,-63,26.3,79.34,26.3,79.34,26.3,79.34,26.4,79.52,26.3,79.34,26.4,79.52,99.0
2026-08-29T01:08:23.456645+00:00,outside on top,902B6F7B-D0F4-EC70-1C01-8D7DE6A68397,-63,26.3,79.34,26.1,78.98,26.3,79.34,26.4,79.52,26.3,79.34,26.4,79.52,99.0
2026-08-29T01:08:25.464491+00:00,outside on top,902B6F7B-D0F4-EC70-1C01-8D7DE6A68397,-64,26.3,79.34,26.2,79.16,26.3,79.34,26.4,79.52,26.3,79.34,26.3,79.34,99.0
2026-08-29T01:08:27.472030+00:00,outside on top,902B6F7B-D0F4-EC70-1C01-8D7DE6A68397,-64,26.3,79.34,26.2,79.16,26.3,79.34,26.4,79.52,26.3,79.34,26.3,79.34,99.0
2026-08-29T01:08:29.477602+00:00,outside on top,902B6F7B-D0F4-EC70-1C01-8D7DE6A68397,-64,26.3,79.34,26.2,79.16,26.3,79.34,26.4,79.52,26.3,79.34,26.3,79.34,99.0
2026-08-29T01:08:31.498416+00:00,outside on top,902B6F7B-D0F4-EC70-1C01-8D7DE6A68397,-63,26.3,79.34,26.2,79.16,26.3,79.34,26.4,79.52,26.3,79.34,26.3,79.34,99.0
2026-08-29T01:08:33.504147+00:00,outside on top,902B6F7B-D0F4-EC70-1C01-8D7DE6A68397,-63,26.3,79.34,26.2,79.16,26.3,79.34,26.4,79.52,26.3,79.34,26.3,79.34,99.0
2026-08-29T01:08:35.509950+00:00,outside on top,902B6F7B-D0F4-EC70-1C01-8D7DE6A68397,-64,26.3,79.34,26.2,79.16,26.3,79.34,26.4,79.52,26.3,79.34,26.4,79.52,99.0
2026-08-29T01:08:37.515451+00:00,outside on top,902B6F7B-D0F4-EC70-1C01-8D7DE6A68397,-64,26.3,79.34,26.2,79.16,26.3,79.34,26.4,79.52,26.3,79.34,26.4,79.52,99.0
2026-08-29T01:08:39.521220+00:00,outside on top,902B6F7B-D0F4-EC70-1C01-8D7DE6A68397,-64,26.3,79.34,26.2,79.16,26.3,79.34,26.4,79.52,26.3,79.34,26.4,79.52,99.0
2026-08-29T01:08:41.527534+00:00,outside on top,902B6F7B-D0F4-EC70-1C01-8D7DE6A68397,-68,26.2,79.16,26.2,79.16,26.2,79.16,26.3,79.34,26.3,79.34,26.3,79.34,99.0
2026-08-29T01:08:43.532662+00:00,outside on top,902B6F7B-D0F4-EC70-1C01-8D7DE6A68397,-68,26.2,79.16,26.2,79.16,26.2,79.16,26.3,79.34,26.3,79.34,26.3,79.34,99.0
2026-08-29T01:08:45.538537+00:00,outside on top,902B6F7B-D0F4-EC70-1C01-8D7DE6A68397,-68,26.2,79.16,26.2,79.16,26.2,79.16,26.3,79.34,26.3,79.34,26.3,79.34,99.0
2026-08-29T01:08:47.545613+00:00,outside on top,902B6F7B-D0F4-EC70-1C01-8D7DE6A68397,-68,26.2,79.16,26.2,79.16,26.2,79.16,26.3,79.34,26.3,79.34,26.3,79.34,99.0
2026-08-29T01:08:49.551772+00:00,outside on top,902B6F7B-D0F4-EC70-1C01-8D7DE6A68397,-66,26.3,79.34,26.1,78.98,26.3,79.34,26.3,79.34,26.3,79.34,26.4,79.52,99.0
2026-08-29T01:08:51.563672+00:00,outside on top,902B6F7B-D0F4-EC70-1C01-8D7DE6A68397,-72,26.3,79.34,26.3,79.34,26.3,79.34,26.4,79.52,26.3,79.34,26.4,79.52,99.0
2026-08-29T01:08:53.573169+00:00,outside on top,902B6F7B-D0F4-EC70-1C01-8D7DE6A68397,-66,26.2,79.16,26.3,79.34,26.2,79.16,26.3,79.34,26.3,79.34,26.3,79.34,99.0
2026-08-29T01:08:55.579314+00:00,outside on top,902B6F7B-D0F4-EC70-1C01-8D7DE6A68397,-71,26.3,79.34,26.1,78.98,26.3,79.34,26.3,79.34,26.3,79.34,26.4,79.52,99.0
2026-08-29T01:08:57.584609+00:00,outside on top,902B6F7B-D0F4-EC70-1C01-8D7DE6A68397,-71,26.3,79.34,26.1,78.98,26.3,79.34,26.3,79.34,26.3,79.34,26.4,79.52,99.0
2026-08-29T01:08:59.591253+00:00,outside on top,902B6F7B-D0F4-EC70-1C01-8D7DE6A68397,-68,26.3,79.34,26.1,78.98,26.3,79.34,26.3,79.34,26.3,79.34,26.4,79.52,99.0
2026-08-29T01:09:01.600907+00:00,outside on top,902B6F7B-D0F4-EC70-1C01-8D7DE6A68397,-71,26.3,79.34,26.1,78.98,26.3,79.34,26.3,79.34,26.3,79.34,26.4,79.52,99.0
2026-08-29T01:09:03.605533+00:00,outside on top,902B6F7B-D0F4-EC70-1C01-8D7DE6A68397,-71,26.3,79.34,26.1,78.98,26.3,79.34,26.3,79.34,26.3,79.34,26.4,79.52,99.0
2026-08-29T01:09:05.611406+00:00,outside on top,902B6F7B-D0F4-EC70-1C01-8D7DE6A68397,-71,26.3,79.34,26.1,78.98,26.3,79.34,26.3,79.34,26.3,79.34,26.4,79.52,99.0
2026-08-29T01:09:07.619033+00:00,outside on top,902B6F7B-D0F4-EC70-1C01-8D7DE6A68397,-67,26.3,79.34,26.1,78.98,26.3,79.34,26.3,79.34,26.3,79.34,26.4,79.52,99.0
2026-08-29T01:09:09.632105+00:00,outside on top,902B6F7B-D0F4-EC70-1C01-8D7DE6A68397,-66,26.2,79.16,26.1,78.98,26.2,79.16,26.3,79.34,26.2,79.16,26.3,79.34,99.0
2026-08-29T01:09:11.638867+00:00,outside on top,902B6F7B-D0F4-EC70-1C01-8D7DE6A68397,-66,26.2,79.16,26.1,78.98,26.2,79.16,26.3,79.34,26.2,79.16,26.3,79.34,99.0
2026-08-29T01:09:13.647002+00:00,outside on top,902B6F7B-D0F4-EC70-1C01-8D7DE6A68397,-66,26.2,79.16,26.1,78.98,26.2,79.16,26.3,79.34,26.2,79.16,26.3,79.34,99.0
2026-08-29T01:09:15.652291+00:00,outside on top,902B6F7B-D0F4-EC70-1C01-8D7DE6A68397,-59,26.2,79.16,26.1,78.98,26.2,79.16,26.3,79.34,26.2,79.16,26.3,79.34,99.0
2026-08-29T01:09:17.659053+00:00,outside on top,902B6F7B-D0F4-EC70-1C01-8D7DE6A68397,-64,26.2,79.16,26.1,78.98,26.2,79.16,26.3,79.34,26.2,79.16,26.3,79.34,99.0
2026-08-29T01:09:19.667566+00:00,outside on top,902B6F7B-D0F4-EC70-1C01-8D7DE6A68397,-66,26.2,79.16,26.1,78.98,26.2,79.16,26.3,79.34,26.2,79.16,26.3,79.34,99.0
2026-08-29T01:09:21.673571+00:00,outside on top,902B6F7B-D0F4-EC70-1C01-8D7DE6A68397,-58,26.2,79.16,26.1,78.98,26.2,79.16,26.3,79.34,26.2,79.16,26.3,79.34,99.0
2026-08-29T01:09:23.680076+00:00,outside on top,902B6F7B-D0F4-EC70-1C01-8D7DE6A68397,-62,26.2,79.16,26.2,79.16,26.2,79.16,26.3,79.34,26.2,79.16,26.3,79.34,99.0
2026-08-29T01:09:25.692763+00:00,outside on top,902B6F7B-D0F4-EC70-1C01-8D7DE6A68397,-66,26.2,79.16,26.2,79.16,26.2,79.16,26.3,79.34,26.2,79.16,26.3,79.34,99.0
2026-08-29T01:09:27.699143+00:00,outside on top,902B6F7B-D0F4-EC70-1C01-8D7DE6A68397,-65,26.2,79.16,26.2,79.16,26.2,79.16,26.3,79.34,26.2,79.16,26.3,79.34,99.0
2026-08-29T01:09:29.706496+00:00,outside on top,902B6F7B-D0F4-EC70-1C01-8D7DE6A68397,-65,26.2,79.16,26.2,79.16,26.2,79.16,26.3,79.34,26.2,79.16,26.3,79.34,99.0
2026-08-29T01:09:31.711211+00:00,outside on top,902B6F7B-D0F4-EC70-1C01-8D7DE6A68397,-62,26.2,79.16,26.2,79.16,26.2,79.16,26.3,79.34,26.2,79.16,26.3,79.34,99.0
2026-08-29T01:09:33.716556+00:00,outside on top,902B6F7B-D0F4-EC70-1C01-8D7DE6A68397,-72,26.2,79.16,26.2,79.16,26.2,79.16,26.3,79.34,26.2,79.16,26.3,79.34,99.0
2026-08-29T01:09:35.720103+00:00,outside on top,902B6F7B-D0F4-EC70-1C01-8D7DE6A68397,-72,26.2,79.16,26.2,79.16,26.2,79.16,26.3,79.34,26.2,79.16,26.3,79.34,99.0
2026-08-29T01:09:37.730584+00:00,outside on top,902B6F7B-D0F4-EC70-1C01-8D7DE6A68397,-72,26.2,79.16,26.2,79.16,26.2,79.16,26.3,79.34,26.2,79.16,26.3,79.34,99.0
2026-08-29T01:09:39.741455+00:00,outside on top,902B6F7B-D0F4-EC70-1C01-8D7DE6A68397,-60,26.2,79.16,26.2,79.16,26.2,79.16,26.3,79.34,26.2,79.16,26.3,79.34,99.0
